episode,length,episode_steps,loss,reward,score
0,3.0,25.0,0.0,-1.1200000047683716,0.0
1,3.0,11.0,0.0,-1.0499999523162842,0.0
2,3.0,20.0,0.0,-1.0950000286102295,0.0
3,4.0,10.0,0.454345703125,2.9600000381469727,1.0
4,3.0,8.0,8.577731132507324,-1.034999966621399,0.0
5,3.0,8.0,139.79005432128906,-1.034999966621399,0.0
6,3.0,4.0,95.29570770263672,-1.0149999856948853,0.0
7,3.0,8.0,77.18197631835938,-1.034999966621399,0.0
8,3.0,10.0,18.563623428344727,-1.0449999570846558,0.0
9,3.0,8.0,2.547025442123413,-1.034999966621399,0.0
10,4.0,10.0,1.1560028791427612,2.9600000381469727,1.0
11,4.0,14.0,0.9073345065116882,2.940000057220459,1.0
12,3.0,4.0,0.21134281158447266,-1.0149999856948853,0.0
13,3.0,4.0,0.32820865511894226,-1.0149999856948853,0.0
14,3.0,13.0,0.7873386144638062,-1.059999942779541,0.0
15,3.0,22.0,1.007058024406433,-1.1050000190734863,0.0
16,3.0,4.0,0.22452916204929352,-1.0149999856948853,0.0
17,4.0,13.0,0.5472313165664673,2.944999933242798,1.0
18,3.0,5.0,0.37833186984062195,-1.0199999809265137,0.0
19,3.0,9.0,0.3431674540042877,-1.0399999618530273,0.0
20,4.0,9.0,0.301695853471756,2.9649999141693115,1.0
21,4.0,15.0,0.5652288794517517,2.934999942779541,1.0
22,4.0,12.0,0.42670080065727234,2.950000047683716,1.0
23,3.0,15.0,0.27934330701828003,-1.0700000524520874,0.0
24,3.0,9.0,0.1674662083387375,-1.0399999618530273,0.0
25,3.0,3.0,0.04781246930360794,-1.0099999904632568,0.0
26,3.0,4.0,0.04676448553800583,-1.0149999856948853,0.0
27,3.0,6.0,0.07288563251495361,-1.024999976158142,0.0
28,3.0,5.0,0.06903313845396042,-1.0199999809265137,0.0
29,3.0,10.0,0.14973437786102295,-1.0449999570846558,0.0
30,3.0,10.0,0.12180554866790771,-1.0449999570846558,0.0
31,3.0,5.0,0.04560185596346855,-1.0199999809265137,0.0
32,3.0,3.0,0.019878173246979713,-1.0099999904632568,0.0
33,3.0,12.0,0.13960000872612,-1.0549999475479126,0.0
34,3.0,5.0,0.015380331315100193,-1.0199999809265137,0.0
35,3.0,3.0,0.018861686810851097,-1.0099999904632568,0.0
36,3.0,30.0,0.24467864632606506,-1.1449999809265137,0.0
37,5.0,20.0,0.1395297646522522,7.914999961853027,2.0
38,3.0,18.0,0.14068005979061127,-1.0850000381469727,0.0
39,4.0,17.0,0.11072663217782974,2.924999952316284,1.0
40,4.0,15.0,0.25486302375793457,2.934999942779541,1.0
41,3.0,10.0,0.08451840281486511,-1.0449999570846558,0.0
42,3.0,11.0,0.09254378825426102,-1.0499999523162842,0.0
43,3.0,4.0,0.03948025405406952,-1.0149999856948853,0.0
44,3.0,8.0,0.15726156532764435,-1.034999966621399,0.0
45,3.0,9.0,0.08214753866195679,-1.0399999618530273,0.0
46,3.0,4.0,0.0216527059674263,-1.0149999856948853,0.0
47,3.0,33.0,0.2473030537366867,-1.159999966621399,0.0
48,3.0,3.0,0.032826945185661316,-1.0099999904632568,0.0
49,3.0,17.0,0.13435114920139313,-1.0800000429153442,0.0
50,3.0,26.0,0.32930710911750793,-1.125,0.0
51,3.0,6.0,0.06237022951245308,-1.024999976158142,0.0
52,3.0,15.0,0.33014124631881714,-1.0700000524520874,0.0
53,3.0,15.0,0.17619763314723969,-1.0700000524520874,0.0
54,3.0,13.0,0.20788419246673584,-1.059999942779541,0.0
55,3.0,3.0,0.039502620697021484,-1.0099999904632568,0.0
56,3.0,14.0,0.15468205511569977,-1.065000057220459,0.0
57,3.0,16.0,0.15512220561504364,-1.0750000476837158,0.0
58,3.0,11.0,0.0742645189166069,-1.0499999523162842,0.0
59,4.0,19.0,0.19338831305503845,2.9149999618530273,1.0
60,4.0,5.0,0.04166872054338455,2.984999895095825,1.0
61,3.0,16.0,0.12581855058670044,-1.0750000476837158,0.0
62,3.0,14.0,0.08328939974308014,-1.065000057220459,0.0
63,3.0,11.0,0.07876093685626984,-1.0499999523162842,0.0
64,3.0,5.0,0.025298763066530228,-1.0199999809265137,0.0
65,3.0,4.0,0.023858845233917236,-1.0149999856948853,0.0
66,3.0,20.0,0.12813042104244232,-1.0950000286102295,0.0
67,3.0,28.0,0.2682793140411377,-1.1349999904632568,0.0
68,3.0,9.0,0.09095943719148636,-1.0399999618530273,0.0
69,3.0,6.0,0.07444322854280472,-1.024999976158142,0.0
70,4.0,12.0,0.1455199122428894,2.950000047683716,1.0
71,5.0,19.0,0.22407135367393494,7.920000076293945,2.0
72,3.0,11.0,0.08674710243940353,-1.0499999523162842,0.0
73,3.0,38.0,0.2989513576030731,-1.184999942779541,0.0
74,3.0,4.0,0.09776384383440018,-1.0149999856948853,0.0
75,3.0,12.0,0.20502564311027527,-1.0549999475479126,0.0
76,3.0,18.0,0.16622385382652283,-1.0850000381469727,0.0
77,4.0,18.0,0.1998102366924286,2.9200000762939453,1.0
78,3.0,8.0,0.3074607253074646,-1.034999966621399,0.0
79,3.0,19.0,0.409018874168396,-1.090000033378601,0.0
80,3.0,10.0,0.10727271437644958,-1.0449999570846558,0.0
81,3.0,10.0,0.2661984860897064,-1.0449999570846558,0.0
82,3.0,9.0,0.1919371485710144,-1.0399999618530273,0.0
83,3.0,6.0,0.05823029205203056,-1.024999976158142,0.0
84,3.0,9.0,0.0578763522207737,-1.0399999618530273,0.0
85,3.0,11.0,0.152389794588089,-1.0499999523162842,0.0
86,4.0,22.0,0.1727646142244339,2.9000000953674316,1.0
87,3.0,16.0,0.15316011011600494,-1.0750000476837158,0.0
88,3.0,6.0,0.06062296777963638,-1.024999976158142,0.0
89,3.0,5.0,0.028194807469844818,-1.0199999809265137,0.0
90,3.0,4.0,0.029100187122821808,-1.0149999856948853,0.0
91,4.0,16.0,0.1212756559252739,2.930000066757202,1.0
92,3.0,8.0,0.041519246995449066,-1.034999966621399,0.0
93,3.0,5.0,0.03575078397989273,-1.0199999809265137,0.0
94,3.0,10.0,0.11965596675872803,-1.0449999570846558,0.0
95,3.0,13.0,0.14140264689922333,-1.059999942779541,0.0
96,3.0,7.0,0.0909491628408432,-1.0299999713897705,0.0
97,3.0,13.0,0.1453007459640503,-1.059999942779541,0.0
98,3.0,7.0,0.050025276839733124,-1.0299999713897705,0.0
99,3.0,19.0,0.28480151295661926,-1.090000033378601,0.0
100,3.0,31.0,0.18320222198963165,-1.149999976158142,0.0
101,3.0,41.0,0.4073431193828583,-1.2000000476837158,0.0
102,3.0,28.0,0.5664646625518799,-1.1349999904632568,0.0
103,3.0,11.0,0.18026742339134216,-1.0499999523162842,0.0
104,3.0,9.0,0.22453707456588745,-1.0399999618530273,0.0
105,3.0,18.0,0.5267019271850586,-1.0850000381469727,0.0
106,3.0,21.0,0.44491177797317505,-1.100000023841858,0.0
107,3.0,20.0,0.21611854434013367,-1.0950000286102295,0.0
108,3.0,6.0,0.06818769127130508,-1.024999976158142,0.0
109,3.0,27.0,0.3232589066028595,-1.1299999952316284,0.0
110,3.0,8.0,0.04915086552500725,-1.034999966621399,0.0
111,3.0,5.0,0.04296549782156944,-1.0199999809265137,0.0
112,3.0,5.0,0.07644259929656982,-1.0199999809265137,0.0
113,4.0,23.0,0.44371992349624634,2.8949999809265137,1.0
114,3.0,24.0,0.5545095801353455,-1.1150000095367432,0.0
115,3.0,5.0,0.0500137098133564,-1.0199999809265137,0.0
116,3.0,4.0,0.0453147292137146,-1.0149999856948853,0.0
117,3.0,29.0,0.3374388515949249,-1.1399999856948853,0.0
118,3.0,7.0,0.10706309974193573,-1.0299999713897705,0.0
119,4.0,13.0,0.1553659588098526,2.944999933242798,1.0
120,3.0,5.0,0.06896236538887024,-1.0199999809265137,0.0
121,3.0,21.0,0.1642417311668396,-1.100000023841858,0.0
122,3.0,3.0,0.03838343918323517,-1.0099999904632568,0.0
123,3.0,4.0,0.09445390105247498,-1.0149999856948853,0.0
124,3.0,13.0,0.3046024441719055,-1.059999942779541,0.0
125,3.0,9.0,0.16303110122680664,-1.0399999618530273,0.0
126,3.0,23.0,0.41706398129463196,-1.1100000143051147,0.0
127,3.0,6.0,0.1135912835597992,-1.024999976158142,0.0
128,3.0,11.0,0.1616460084915161,-1.0499999523162842,0.0
129,3.0,10.0,0.10282544046640396,-1.0449999570846558,0.0
130,3.0,4.0,0.02228185161948204,-1.0149999856948853,0.0
131,3.0,11.0,0.09650558978319168,-1.0499999523162842,0.0
132,3.0,3.0,0.027922747656702995,-1.0099999904632568,0.0
133,4.0,18.0,0.27614617347717285,2.9200000762939453,1.0
134,3.0,8.0,0.09119218587875366,-1.034999966621399,0.0
135,3.0,8.0,0.13764923810958862,-1.034999966621399,0.0
136,3.0,17.0,0.23862403631210327,-1.0800000429153442,0.0
137,3.0,9.0,0.07234609872102737,-1.0399999618530273,0.0
138,3.0,14.0,0.1511961817741394,-1.065000057220459,0.0
139,3.0,4.0,0.05025499314069748,-1.0149999856948853,0.0
140,3.0,9.0,0.07607288658618927,-1.0399999618530273,0.0
141,3.0,4.0,0.034400537610054016,-1.0149999856948853,0.0
142,3.0,13.0,0.17134901881217957,-1.059999942779541,0.0
143,3.0,10.0,0.16261307895183563,-1.0449999570846558,0.0
144,3.0,3.0,0.04377009719610214,-1.0099999904632568,0.0
145,3.0,3.0,0.03138715773820877,-1.0099999904632568,0.0
146,3.0,5.0,0.08094657212495804,-1.0199999809265137,0.0
147,3.0,8.0,0.08906307071447372,-1.034999966621399,0.0
148,3.0,6.0,0.06824426352977753,-1.024999976158142,0.0
149,3.0,7.0,0.09345701336860657,-1.0299999713897705,0.0
150,3.0,3.0,0.01586487516760826,-1.0099999904632568,0.0
151,3.0,14.0,0.14587372541427612,-1.065000057220459,0.0
152,3.0,9.0,0.20407938957214355,-1.0399999618530273,0.0
153,4.0,74.0,0.7397431135177612,2.640000104904175,1.0
154,3.0,24.0,0.3841981887817383,-1.1150000095367432,0.0
155,3.0,17.0,0.128008633852005,-1.0800000429153442,0.0
156,4.0,32.0,0.34235793352127075,2.8499999046325684,1.0
157,3.0,34.0,0.3210614025592804,-1.1649999618530273,0.0
158,3.0,7.0,0.1089109480381012,-1.0299999713897705,0.0
159,3.0,18.0,0.16822238266468048,-1.0850000381469727,0.0
160,4.0,9.0,0.1154661476612091,2.9649999141693115,1.0
161,4.0,21.0,0.21283434331417084,2.9049999713897705,1.0
162,3.0,19.0,0.16695544123649597,-1.090000033378601,0.0
163,3.0,4.0,0.0300003569573164,-1.0149999856948853,0.0
164,3.0,14.0,0.1440279185771942,-1.065000057220459,0.0
165,3.0,7.0,0.04278004541993141,-1.0299999713897705,0.0
166,3.0,5.0,0.03340998664498329,-1.0199999809265137,0.0
167,3.0,5.0,0.03935054689645767,-1.0199999809265137,0.0
168,3.0,19.0,0.16934867203235626,-1.090000033378601,0.0
169,3.0,12.0,0.06507010012865067,-1.0549999475479126,0.0
170,3.0,7.0,0.0689709484577179,-1.0299999713897705,0.0
171,3.0,22.0,0.17276273667812347,-1.1050000190734863,0.0
172,3.0,4.0,0.05532320588827133,-1.0149999856948853,0.0
173,3.0,46.0,0.38784706592559814,-1.225000023841858,0.0
174,3.0,3.0,0.015539060346782207,-1.0099999904632568,0.0
175,3.0,13.0,0.08664944022893906,-1.059999942779541,0.0
176,3.0,13.0,0.08625141531229019,-1.059999942779541,0.0
177,3.0,24.0,0.2102343589067459,-1.1150000095367432,0.0
178,3.0,13.0,0.09838366508483887,-1.059999942779541,0.0
179,3.0,5.0,0.028378913179039955,-1.0199999809265137,0.0
180,3.0,4.0,0.028580568730831146,-1.0149999856948853,0.0
181,3.0,8.0,0.04066929221153259,-1.034999966621399,0.0
182,3.0,7.0,0.04188629612326622,-1.0299999713897705,0.0
183,5.0,15.0,0.10411611199378967,7.940000057220459,2.0
184,3.0,31.0,0.23753167688846588,-1.149999976158142,0.0
185,3.0,8.0,0.13406893610954285,-1.034999966621399,0.0
186,3.0,31.0,0.24602673947811127,-1.149999976158142,0.0
187,3.0,11.0,0.08532492071390152,-1.0499999523162842,0.0
188,3.0,10.0,0.06691865622997284,-1.0449999570846558,0.0
189,3.0,19.0,0.1484655886888504,-1.090000033378601,0.0
190,3.0,10.0,0.04795844107866287,-1.0449999570846558,0.0
191,3.0,8.0,0.05637602135539055,-1.034999966621399,0.0
192,4.0,74.0,0.669039249420166,2.640000104904175,1.0
193,3.0,9.0,0.056371964514255524,-1.0399999618530273,0.0
194,3.0,3.0,0.019545527175068855,-1.0099999904632568,0.0
195,3.0,18.0,0.1371450573205948,-1.0850000381469727,0.0
196,4.0,37.0,0.3566482365131378,2.825000047683716,1.0
197,3.0,10.0,0.05099624767899513,-1.0449999570846558,0.0
198,4.0,12.0,0.08834583312273026,2.950000047683716,1.0
199,3.0,11.0,0.07052874565124512,-1.0499999523162842,0.0
200,3.0,26.0,0.27486008405685425,-1.125,0.0
201,3.0,16.0,0.09367898106575012,-1.0750000476837158,0.0
202,3.0,8.0,0.045401521027088165,-1.034999966621399,0.0
203,3.0,3.0,0.024085648357868195,-1.0099999904632568,0.0
204,3.0,8.0,0.08973603695631027,-1.034999966621399,0.0
205,3.0,8.0,0.08664847910404205,-1.034999966621399,0.0
206,3.0,20.0,0.11130594462156296,-1.0950000286102295,0.0
207,3.0,13.0,0.08888543397188187,-1.059999942779541,0.0
208,3.0,9.0,0.04850492253899574,-1.0399999618530273,0.0
209,3.0,16.0,0.057390403002500534,-1.0750000476837158,0.0
210,3.0,11.0,0.05042422562837601,-1.0499999523162842,0.0
211,3.0,4.0,0.03609960526227951,-1.0149999856948853,0.0
212,4.0,8.0,0.07441599667072296,2.9700000286102295,1.0
213,3.0,3.0,0.02284683845937252,-1.0099999904632568,0.0
214,3.0,5.0,0.07806340605020523,-1.0199999809265137,0.0
215,3.0,9.0,0.08134326338768005,-1.0399999618530273,0.0
216,3.0,25.0,0.20742516219615936,-1.1200000047683716,0.0
217,3.0,47.0,0.42080163955688477,-1.2300000190734863,0.0
218,3.0,24.0,0.11940069496631622,-1.1150000095367432,0.0
219,3.0,5.0,0.021510155871510506,-1.0199999809265137,0.0
220,3.0,26.0,0.1576976180076599,-1.125,0.0
221,3.0,7.0,0.04741659387946129,-1.0299999713897705,0.0
222,3.0,5.0,0.02795426733791828,-1.0199999809265137,0.0
223,3.0,24.0,0.1973077952861786,-1.1150000095367432,0.0
224,3.0,7.0,0.05901263281702995,-1.0299999713897705,0.0
225,3.0,4.0,0.022508207708597183,-1.0149999856948853,0.0
226,3.0,19.0,0.14970137178897858,-1.090000033378601,0.0
227,3.0,35.0,0.2668570578098297,-1.1699999570846558,0.0
228,3.0,30.0,0.177883580327034,-1.1449999809265137,0.0
229,3.0,20.0,0.1491241455078125,-1.0950000286102295,0.0
230,3.0,21.0,0.0886332169175148,-1.100000023841858,0.0
231,3.0,5.0,0.018006596714258194,-1.0199999809265137,0.0
232,3.0,17.0,0.09425922483205795,-1.0800000429153442,0.0
233,3.0,13.0,0.104606032371521,-1.059999942779541,0.0
234,3.0,30.0,0.1655925065279007,-1.1449999809265137,0.0
235,4.0,34.0,0.22592276334762573,2.8399999141693115,1.0
236,4.0,29.0,0.1715480238199234,2.865000009536743,1.0
237,3.0,21.0,0.15909968316555023,-1.100000023841858,0.0
238,3.0,6.0,0.037015244364738464,-1.024999976158142,0.0
239,3.0,5.0,0.0280632171779871,-1.0199999809265137,0.0
240,4.0,20.0,0.12856197357177734,2.9100000858306885,1.0
241,3.0,44.0,0.2649734914302826,-1.215000033378601,0.0
242,3.0,5.0,0.03403410315513611,-1.0199999809265137,0.0
243,3.0,19.0,0.13299719989299774,-1.090000033378601,0.0
244,3.0,7.0,0.0365513451397419,-1.0299999713897705,0.0
245,3.0,10.0,0.08095274865627289,-1.0449999570846558,0.0
246,3.0,3.0,0.03674594312906265,-1.0099999904632568,0.0
247,4.0,23.0,0.16312633454799652,2.8949999809265137,1.0
248,3.0,5.0,0.018928643316030502,-1.0199999809265137,0.0
249,3.0,6.0,0.04839169606566429,-1.024999976158142,0.0
250,3.0,11.0,0.13975271582603455,-1.0499999523162842,0.0
251,3.0,17.0,0.12678542733192444,-1.0800000429153442,0.0
252,3.0,5.0,0.03300834074616432,-1.0199999809265137,0.0
253,5.0,48.0,0.31553182005882263,7.775000095367432,2.0
254,3.0,11.0,0.06641931086778641,-1.0499999523162842,0.0
255,3.0,12.0,0.06688545644283295,-1.0549999475479126,0.0
256,3.0,11.0,0.062255725264549255,-1.0499999523162842,0.0
257,3.0,32.0,0.19075244665145874,-1.1549999713897705,0.0
258,3.0,10.0,0.09801200777292252,-1.0449999570846558,0.0
259,4.0,7.0,0.04375427961349487,2.9749999046325684,1.0
260,3.0,3.0,0.018514450639486313,-1.0099999904632568,0.0
261,3.0,7.0,0.03436622396111488,-1.0299999713897705,0.0
262,3.0,5.0,0.03127805516123772,-1.0199999809265137,0.0
263,3.0,13.0,0.07031035423278809,-1.059999942779541,0.0
264,3.0,35.0,0.20224042236804962,-1.1699999570846558,0.0
265,3.0,14.0,0.06497770547866821,-1.065000057220459,0.0
266,3.0,3.0,0.014614175073802471,-1.0099999904632568,0.0
267,3.0,22.0,0.14561590552330017,-1.1050000190734863,0.0
268,3.0,3.0,0.01753334328532219,-1.0099999904632568,0.0
269,3.0,3.0,0.012235523201525211,-1.0099999904632568,0.0
270,3.0,26.0,0.11884012073278427,-1.125,0.0
271,5.0,15.0,0.14888237416744232,7.940000057220459,2.0
272,3.0,6.0,0.059826143085956573,-1.024999976158142,0.0
273,3.0,15.0,0.07488662749528885,-1.0700000524520874,0.0
274,3.0,5.0,0.028967682272195816,-1.0199999809265137,0.0
275,3.0,12.0,0.059566207230091095,-1.0549999475479126,0.0
276,3.0,47.0,0.29047122597694397,-1.2300000190734863,0.0
277,3.0,46.0,0.4306437075138092,-1.225000023841858,0.0
278,3.0,10.0,0.16995251178741455,-1.0449999570846558,0.0
279,3.0,8.0,0.084592305123806,-1.034999966621399,0.0
280,3.0,17.0,0.12716162204742432,-1.0800000429153442,0.0
281,4.0,5.0,0.02898271754384041,2.984999895095825,1.0
282,3.0,22.0,0.14123809337615967,-1.1050000190734863,0.0
283,3.0,26.0,0.1669110506772995,-1.125,0.0
284,4.0,16.0,0.08793670684099197,2.930000066757202,1.0
285,3.0,10.0,0.08483389765024185,-1.0449999570846558,0.0
286,3.0,44.0,0.24108965694904327,-1.215000033378601,0.0
287,3.0,64.0,0.3777914047241211,-1.315000057220459,0.0
288,4.0,15.0,0.08654062449932098,2.934999942779541,1.0
289,3.0,3.0,0.01924199052155018,-1.0099999904632568,0.0
290,3.0,6.0,0.0430460087954998,-1.024999976158142,0.0
291,3.0,20.0,0.10988637804985046,-1.0950000286102295,0.0
292,3.0,12.0,0.06766988337039948,-1.0549999475479126,0.0
293,3.0,20.0,0.10033289343118668,-1.0950000286102295,0.0
294,3.0,10.0,0.05590072274208069,-1.0449999570846558,0.0
295,4.0,67.0,0.3876001536846161,2.674999952316284,1.0
296,5.0,52.0,0.2609105110168457,7.755000114440918,2.0
297,3.0,32.0,0.17377951741218567,-1.1549999713897705,0.0
298,3.0,5.0,0.03403045982122421,-1.0199999809265137,0.0
299,3.0,8.0,0.037023913115262985,-1.034999966621399,0.0
300,3.0,4.0,0.01730116829276085,-1.0149999856948853,0.0
301,3.0,7.0,0.033637188374996185,-1.0299999713897705,0.0
302,4.0,12.0,0.0621369332075119,2.950000047683716,1.0
303,3.0,3.0,0.02028571628034115,-1.0099999904632568,0.0
304,3.0,20.0,0.1484384387731552,-1.0950000286102295,0.0
305,4.0,14.0,0.11366742849349976,2.940000057220459,1.0
306,3.0,11.0,0.06909147650003433,-1.0499999523162842,0.0
307,3.0,23.0,0.1559041142463684,-1.1100000143051147,0.0
308,3.0,9.0,0.042095430195331573,-1.0399999618530273,0.0
309,3.0,12.0,0.05609819293022156,-1.0549999475479126,0.0
310,4.0,7.0,0.0496443435549736,2.9749999046325684,1.0
311,3.0,8.0,0.04204189404845238,-1.034999966621399,0.0
312,3.0,16.0,0.08634310215711594,-1.0750000476837158,0.0
313,3.0,7.0,0.03301839530467987,-1.0299999713897705,0.0
314,3.0,3.0,0.02725161984562874,-1.0099999904632568,0.0
315,4.0,7.0,0.05004017800092697,2.9749999046325684,1.0
316,5.0,22.0,0.12520739436149597,7.90500020980835,2.0
317,3.0,10.0,0.061723046004772186,-1.0449999570846558,0.0
318,3.0,9.0,0.033087071031332016,-1.0399999618530273,0.0
319,4.0,24.0,0.1689179241657257,2.890000104904175,1.0
320,3.0,3.0,0.01906159520149231,-1.0099999904632568,0.0
321,3.0,17.0,0.08259441703557968,-1.0800000429153442,0.0
322,3.0,5.0,0.035327862948179245,-1.0199999809265137,0.0
323,3.0,9.0,0.04383993148803711,-1.0399999618530273,0.0
324,3.0,12.0,0.06617315113544464,-1.0549999475479126,0.0
325,3.0,8.0,0.03899986296892166,-1.034999966621399,0.0
326,3.0,30.0,0.19119460880756378,-1.1449999809265137,0.0
327,3.0,19.0,0.11034376174211502,-1.090000033378601,0.0
328,3.0,16.0,0.0783241018652916,-1.0750000476837158,0.0
329,3.0,3.0,0.018066417425870895,-1.0099999904632568,0.0
330,3.0,27.0,0.1365610659122467,-1.1299999952316284,0.0
331,3.0,16.0,0.05968561768531799,-1.0750000476837158,0.0
332,3.0,25.0,0.11884931474924088,-1.1200000047683716,0.0
333,3.0,3.0,0.008654586970806122,-1.0099999904632568,0.0
334,3.0,9.0,0.04716724529862404,-1.0399999618530273,0.0
335,3.0,11.0,0.05399199202656746,-1.0499999523162842,0.0
336,3.0,16.0,0.07752732187509537,-1.0750000476837158,0.0
337,3.0,16.0,0.09063504636287689,-1.0750000476837158,0.0
338,3.0,18.0,0.10247570276260376,-1.0850000381469727,0.0
339,3.0,14.0,0.08189648389816284,-1.065000057220459,0.0
340,3.0,12.0,0.06603487581014633,-1.0549999475479126,0.0
341,3.0,23.0,0.14593395590782166,-1.1100000143051147,0.0
342,3.0,32.0,0.1828635036945343,-1.1549999713897705,0.0
343,3.0,3.0,0.011388326063752174,-1.0099999904632568,0.0
344,3.0,20.0,0.10996182262897491,-1.0950000286102295,0.0
345,3.0,14.0,0.04983142763376236,-1.065000057220459,0.0
346,3.0,8.0,0.027165859937667847,-1.034999966621399,0.0
347,4.0,12.0,0.08586982637643814,2.950000047683716,1.0
348,3.0,10.0,0.0611376129090786,-1.0449999570846558,0.0
349,3.0,19.0,0.09731487184762955,-1.090000033378601,0.0
350,3.0,6.0,0.017445843666791916,-1.024999976158142,0.0
351,3.0,6.0,0.022800680249929428,-1.024999976158142,0.0
352,3.0,4.0,0.017064295709133148,-1.0149999856948853,0.0
353,3.0,9.0,0.07737281173467636,-1.0399999618530273,0.0
354,3.0,38.0,0.26238083839416504,-1.184999942779541,0.0
355,4.0,16.0,0.10285274684429169,2.930000066757202,1.0
356,3.0,12.0,0.09511150419712067,-1.0549999475479126,0.0
357,3.0,24.0,0.16306987404823303,-1.1150000095367432,0.0
358,3.0,8.0,0.03801579400897026,-1.034999966621399,0.0
359,3.0,6.0,0.03714336082339287,-1.024999976158142,0.0
360,3.0,5.0,0.040558673441410065,-1.0199999809265137,0.0
361,3.0,32.0,0.21915286779403687,-1.1549999713897705,0.0
362,3.0,10.0,0.06094846501946449,-1.0449999570846558,0.0
363,3.0,29.0,0.1500544399023056,-1.1399999856948853,0.0
364,3.0,7.0,0.03463543951511383,-1.0299999713897705,0.0
365,5.0,33.0,0.140518456697464,7.849999904632568,2.0
366,3.0,4.0,0.017657458782196045,-1.0149999856948853,0.0
367,3.0,4.0,0.016161078587174416,-1.0149999856948853,0.0
368,5.0,30.0,0.1466587334871292,7.864999771118164,2.0
369,3.0,7.0,0.06920213997364044,-1.0299999713897705,0.0
370,3.0,5.0,0.03739676624536514,-1.0199999809265137,0.0
371,3.0,15.0,0.0773758664727211,-1.0700000524520874,0.0
372,3.0,5.0,0.01988920196890831,-1.0199999809265137,0.0
373,3.0,9.0,0.03576189652085304,-1.0399999618530273,0.0
374,3.0,9.0,0.042451560497283936,-1.0399999618530273,0.0
375,3.0,18.0,0.10532098263502121,-1.0850000381469727,0.0
376,3.0,12.0,0.08767160028219223,-1.0549999475479126,0.0
377,3.0,26.0,0.18106500804424286,-1.125,0.0
378,3.0,15.0,0.06676827371120453,-1.0700000524520874,0.0
379,3.0,5.0,0.016324104741215706,-1.0199999809265137,0.0
380,3.0,8.0,0.02800496481359005,-1.034999966621399,0.0
381,3.0,16.0,0.08475707471370697,-1.0750000476837158,0.0
382,3.0,10.0,0.06908078491687775,-1.0449999570846558,0.0
383,3.0,6.0,0.0510534793138504,-1.024999976158142,0.0
384,3.0,10.0,0.05656352639198303,-1.0449999570846558,0.0
385,3.0,11.0,0.04650566354393959,-1.0499999523162842,0.0
386,3.0,11.0,0.046784959733486176,-1.0499999523162842,0.0
387,3.0,12.0,0.05535344034433365,-1.0549999475479126,0.0
388,3.0,9.0,0.040037624537944794,-1.0399999618530273,0.0
389,3.0,12.0,0.0725543349981308,-1.0549999475479126,0.0
390,3.0,14.0,0.07051137089729309,-1.065000057220459,0.0
391,3.0,4.0,0.020377356559038162,-1.0149999856948853,0.0
392,3.0,20.0,0.08290689438581467,-1.0950000286102295,0.0
393,3.0,13.0,0.06715211272239685,-1.059999942779541,0.0
394,3.0,3.0,0.01935041882097721,-1.0099999904632568,0.0
395,3.0,5.0,0.03611915931105614,-1.0199999809265137,0.0
396,3.0,6.0,0.03821919113397598,-1.024999976158142,0.0
397,3.0,9.0,0.03568313270807266,-1.0399999618530273,0.0
398,4.0,48.0,0.3461195230484009,2.7699999809265137,1.0
399,3.0,21.0,0.13052991032600403,-1.100000023841858,0.0
400,3.0,3.0,0.016172464936971664,-1.0099999904632568,0.0
401,3.0,18.0,0.08161284774541855,-1.0850000381469727,0.0
402,3.0,8.0,0.036148618906736374,-1.034999966621399,0.0
403,3.0,38.0,0.2716044783592224,-1.184999942779541,0.0
404,4.0,37.0,0.17267955839633942,2.825000047683716,1.0
405,3.0,13.0,0.07219137251377106,-1.059999942779541,0.0
406,3.0,22.0,0.13190196454524994,-1.1050000190734863,0.0
407,3.0,3.0,0.01819758117198944,-1.0099999904632568,0.0
408,3.0,7.0,0.03104587085545063,-1.0299999713897705,0.0
409,3.0,7.0,0.048871442675590515,-1.0299999713897705,0.0
410,3.0,3.0,0.019133292138576508,-1.0099999904632568,0.0
411,3.0,3.0,0.014188974164426327,-1.0099999904632568,0.0
412,3.0,12.0,0.05241870507597923,-1.0549999475479126,0.0
413,3.0,21.0,0.09892963618040085,-1.100000023841858,0.0
414,3.0,7.0,0.03401532024145126,-1.0299999713897705,0.0
415,4.0,27.0,0.14407962560653687,2.875,1.0
416,3.0,20.0,0.09151021391153336,-1.0950000286102295,0.0
417,3.0,20.0,0.09597832709550858,-1.0950000286102295,0.0
418,3.0,20.0,0.14111696183681488,-1.0950000286102295,0.0
419,3.0,23.0,0.09761420637369156,-1.1100000143051147,0.0
420,3.0,19.0,0.1200832948088646,-1.090000033378601,0.0
421,3.0,11.0,0.05235442519187927,-1.0499999523162842,0.0
422,3.0,16.0,0.06898011267185211,-1.0750000476837158,0.0
423,4.0,15.0,0.08436413109302521,2.934999942779541,1.0
424,3.0,19.0,0.0779838040471077,-1.090000033378601,0.0
425,3.0,17.0,0.087331123650074,-1.0800000429153442,0.0
426,3.0,6.0,0.02786830998957157,-1.024999976158142,0.0
427,3.0,34.0,0.16462872922420502,-1.1649999618530273,0.0
428,3.0,9.0,0.06160559877753258,-1.0399999618530273,0.0
429,3.0,16.0,0.07601261883974075,-1.0750000476837158,0.0
430,3.0,12.0,0.051467929035425186,-1.0549999475479126,0.0
431,3.0,8.0,0.041640862822532654,-1.034999966621399,0.0
432,4.0,36.0,0.19628219306468964,2.8299999237060547,1.0
433,3.0,3.0,0.01933678798377514,-1.0099999904632568,0.0
434,3.0,14.0,0.06993146985769272,-1.065000057220459,0.0
435,3.0,9.0,0.037312086671590805,-1.0399999618530273,0.0
436,3.0,8.0,0.04186036065220833,-1.034999966621399,0.0
437,3.0,11.0,0.06548396497964859,-1.0499999523162842,0.0
438,3.0,4.0,0.02408496104180813,-1.0149999856948853,0.0
439,3.0,7.0,0.03739948570728302,-1.0299999713897705,0.0
440,3.0,5.0,0.021328454837203026,-1.0199999809265137,0.0
441,4.0,10.0,0.0353180468082428,2.9600000381469727,1.0
442,3.0,7.0,0.028336970135569572,-1.0299999713897705,0.0
443,3.0,14.0,0.06888089329004288,-1.065000057220459,0.0
444,3.0,8.0,0.04050227627158165,-1.034999966621399,0.0
445,4.0,24.0,0.13252277672290802,2.890000104904175,1.0
446,3.0,16.0,0.11103109270334244,-1.0750000476837158,0.0
447,3.0,21.0,0.1372765451669693,-1.100000023841858,0.0
448,3.0,14.0,0.08055911213159561,-1.065000057220459,0.0
449,3.0,7.0,0.02406827174127102,-1.0299999713897705,0.0
450,3.0,18.0,0.11112266033887863,-1.0850000381469727,0.0
451,3.0,9.0,0.03715895488858223,-1.0399999618530273,0.0
452,3.0,5.0,0.02186517044901848,-1.0199999809265137,0.0
453,3.0,10.0,0.03801396116614342,-1.0449999570846558,0.0
454,4.0,42.0,0.19430160522460938,2.799999952316284,1.0
455,3.0,4.0,0.029233407229185104,-1.0149999856948853,0.0
456,3.0,9.0,0.05740999057888985,-1.0399999618530273,0.0
457,3.0,4.0,0.019443975761532784,-1.0149999856948853,0.0
458,3.0,10.0,0.0517883226275444,-1.0449999570846558,0.0
459,3.0,56.0,0.3153895437717438,-1.274999976158142,0.0
460,3.0,10.0,0.05652317777276039,-1.0449999570846558,0.0
461,3.0,19.0,0.10486312955617905,-1.090000033378601,0.0
462,3.0,20.0,0.09545409679412842,-1.0950000286102295,0.0
463,3.0,3.0,0.011261330917477608,-1.0099999904632568,0.0
464,3.0,6.0,0.0326799675822258,-1.024999976158142,0.0
465,3.0,7.0,0.028393181040883064,-1.0299999713897705,0.0
466,3.0,35.0,0.19599470496177673,-1.1699999570846558,0.0
467,3.0,15.0,0.10481345653533936,-1.0700000524520874,0.0
468,3.0,8.0,0.09065580368041992,-1.034999966621399,0.0
469,3.0,5.0,0.08359982073307037,-1.0199999809265137,0.0
470,3.0,3.0,0.05439860373735428,-1.0099999904632568,0.0
471,3.0,5.0,0.046915363520383835,-1.0199999809265137,0.0
472,3.0,8.0,0.04951423406600952,-1.034999966621399,0.0
473,3.0,8.0,0.038707006722688675,-1.034999966621399,0.0
474,3.0,14.0,0.06259358674287796,-1.065000057220459,0.0
475,3.0,7.0,0.031524576246738434,-1.0299999713897705,0.0
476,3.0,33.0,0.14388304948806763,-1.159999966621399,0.0
477,3.0,6.0,0.02958844043314457,-1.024999976158142,0.0
478,3.0,10.0,0.05398313328623772,-1.0449999570846558,0.0
479,3.0,5.0,0.018109619617462158,-1.0199999809265137,0.0
480,3.0,27.0,0.13805904984474182,-1.1299999952316284,0.0
481,3.0,35.0,0.17644229531288147,-1.1699999570846558,0.0
482,3.0,4.0,0.01932387799024582,-1.0149999856948853,0.0
483,3.0,9.0,0.035120800137519836,-1.0399999618530273,0.0
484,3.0,17.0,0.07276072353124619,-1.0800000429153442,0.0
485,3.0,21.0,0.08806943893432617,-1.100000023841858,0.0
486,4.0,11.0,0.04414059966802597,2.9549999237060547,1.0
487,3.0,3.0,0.01601371169090271,-1.0099999904632568,0.0
488,3.0,26.0,0.12492894381284714,-1.125,0.0
489,3.0,41.0,0.21416254341602325,-1.2000000476837158,0.0
490,3.0,11.0,0.04303865507245064,-1.0499999523162842,0.0
491,3.0,9.0,0.04121873527765274,-1.0399999618530273,0.0
492,4.0,9.0,0.07273413985967636,2.9649999141693115,1.0
493,3.0,18.0,0.09502281248569489,-1.0850000381469727,0.0
494,3.0,11.0,0.07326958328485489,-1.0499999523162842,0.0
495,3.0,13.0,0.09060003608465195,-1.059999942779541,0.0
496,4.0,11.0,0.07717270404100418,2.9549999237060547,1.0
497,3.0,25.0,0.19539512693881989,-1.1200000047683716,0.0
498,3.0,23.0,0.17448164522647858,-1.1100000143051147,0.0
499,4.0,29.0,0.2061680108308792,2.865000009536743,1.0
500,3.0,36.0,0.1851995885372162,-1.1749999523162842,0.0
501,3.0,30.0,0.1791108250617981,-1.1449999809265137,0.0
502,3.0,5.0,0.020895007997751236,-1.0199999809265137,0.0
503,3.0,6.0,0.029177967458963394,-1.024999976158142,0.0
504,3.0,10.0,0.0331435427069664,-1.0449999570846558,0.0
505,3.0,20.0,0.17178359627723694,-1.0950000286102295,0.0
506,3.0,14.0,0.08643162250518799,-1.065000057220459,0.0
507,3.0,12.0,0.06708090752363205,-1.0549999475479126,0.0
508,3.0,7.0,0.039593566209077835,-1.0299999713897705,0.0
509,3.0,14.0,0.08320212364196777,-1.065000057220459,0.0
510,3.0,12.0,0.06291457265615463,-1.0549999475479126,0.0
511,3.0,8.0,0.03402959182858467,-1.034999966621399,0.0
512,3.0,6.0,0.03474908322095871,-1.024999976158142,0.0
513,4.0,3.0,0.017353544011712074,2.994999885559082,1.0
514,3.0,24.0,0.12808923423290253,-1.1150000095367432,0.0
515,3.0,34.0,0.23201240599155426,-1.1649999618530273,0.0
516,3.0,4.0,0.019498733803629875,-1.0149999856948853,0.0
517,3.0,15.0,0.06036725267767906,-1.0700000524520874,0.0
518,3.0,4.0,0.02018316090106964,-1.0149999856948853,0.0
519,3.0,6.0,0.03111264854669571,-1.024999976158142,0.0
520,3.0,3.0,0.018551018089056015,-1.0099999904632568,0.0
521,3.0,5.0,0.018588587641716003,-1.0199999809265137,0.0
522,3.0,3.0,0.011410819366574287,-1.0099999904632568,0.0
523,3.0,10.0,0.03682636469602585,-1.0449999570846558,0.0
524,3.0,5.0,0.021267199888825417,-1.0199999809265137,0.0
525,3.0,5.0,0.014665338210761547,-1.0199999809265137,0.0
526,3.0,15.0,0.07288060337305069,-1.0700000524520874,0.0
527,3.0,20.0,0.11664775758981705,-1.0950000286102295,0.0
528,3.0,4.0,0.024999117478728294,-1.0149999856948853,0.0
529,3.0,9.0,0.03698539733886719,-1.0399999618530273,0.0
530,3.0,37.0,0.1418820321559906,-1.1799999475479126,0.0
531,3.0,24.0,0.12743493914604187,-1.1150000095367432,0.0
532,3.0,3.0,0.010891695506870747,-1.0099999904632568,0.0
533,3.0,38.0,0.1689521074295044,-1.184999942779541,0.0
534,5.0,37.0,0.16774152219295502,7.829999923706055,2.0
535,3.0,11.0,0.03946125879883766,-1.0499999523162842,0.0
536,3.0,4.0,0.014654072001576424,-1.0149999856948853,0.0
537,3.0,8.0,0.02626906894147396,-1.034999966621399,0.0
538,3.0,9.0,0.04645435884594917,-1.0399999618530273,0.0
539,4.0,20.0,0.08458046615123749,2.9100000858306885,1.0
540,3.0,3.0,0.011834511533379555,-1.0099999904632568,0.0
541,3.0,12.0,0.06192504242062569,-1.0549999475479126,0.0
542,3.0,11.0,0.04969632625579834,-1.0499999523162842,0.0
543,3.0,6.0,0.03579086810350418,-1.024999976158142,0.0
544,3.0,10.0,0.0563209094107151,-1.0449999570846558,0.0
545,3.0,3.0,0.02054978348314762,-1.0099999904632568,0.0
546,3.0,3.0,0.02006886526942253,-1.0099999904632568,0.0
547,3.0,8.0,0.03233081102371216,-1.034999966621399,0.0
548,4.0,35.0,0.12748503684997559,2.8350000381469727,1.0
549,3.0,11.0,0.05169902369379997,-1.0499999523162842,0.0
550,3.0,13.0,0.08672493696212769,-1.059999942779541,0.0
551,3.0,17.0,0.10686624050140381,-1.0800000429153442,0.0
552,3.0,10.0,0.05033107101917267,-1.0449999570846558,0.0
553,3.0,5.0,0.026781883090734482,-1.0199999809265137,0.0
554,3.0,5.0,0.027311202138662338,-1.0199999809265137,0.0
555,3.0,8.0,0.0317523218691349,-1.034999966621399,0.0
556,4.0,66.0,0.29746147990226746,2.680000066757202,1.0
557,3.0,26.0,0.09886160492897034,-1.125,0.0
558,3.0,24.0,0.09908083826303482,-1.1150000095367432,0.0
559,3.0,7.0,0.02088533155620098,-1.0299999713897705,0.0
560,3.0,7.0,0.020626971498131752,-1.0299999713897705,0.0
561,3.0,3.0,0.007174924947321415,-1.0099999904632568,0.0
562,3.0,14.0,0.04502806439995766,-1.065000057220459,0.0
563,3.0,4.0,0.013257469050586224,-1.0149999856948853,0.0
564,3.0,20.0,0.07438429445028305,-1.0950000286102295,0.0
565,3.0,13.0,0.058348070830106735,-1.059999942779541,0.0
566,3.0,4.0,0.013172517530620098,-1.0149999856948853,0.0
567,3.0,7.0,0.02643866278231144,-1.0299999713897705,0.0
568,5.0,73.0,0.28537192940711975,7.650000095367432,2.0
569,3.0,25.0,0.1383954882621765,-1.1200000047683716,0.0
570,3.0,13.0,0.050562869757413864,-1.059999942779541,0.0
571,3.0,12.0,0.07059792429208755,-1.0549999475479126,0.0
572,3.0,16.0,0.08518823236227036,-1.0750000476837158,0.0
573,3.0,5.0,0.012845647521317005,-1.0199999809265137,0.0
574,3.0,7.0,0.023661963641643524,-1.0299999713897705,0.0
575,3.0,11.0,0.0484047532081604,-1.0499999523162842,0.0
576,3.0,27.0,0.1402154564857483,-1.1299999952316284,0.0
577,4.0,8.0,0.03898750618100166,2.9700000286102295,1.0
578,3.0,11.0,0.04379132762551308,-1.0499999523162842,0.0
579,3.0,5.0,0.01717671938240528,-1.0199999809265137,0.0
580,4.0,62.0,0.295075386762619,2.700000047683716,1.0
581,4.0,9.0,0.0484081394970417,2.9649999141693115,1.0
582,3.0,10.0,0.05180151015520096,-1.0449999570846558,0.0
583,4.0,5.0,0.02151983603835106,2.984999895095825,1.0
584,6.0,120.0,0.5902044177055359,13.420000076293945,3.0
585,3.0,10.0,0.09730616211891174,-1.0449999570846558,0.0
586,4.0,23.0,0.15732379257678986,2.8949999809265137,1.0
587,3.0,11.0,0.06446267664432526,-1.0499999523162842,0.0
588,3.0,3.0,0.012025488540530205,-1.0099999904632568,0.0
589,3.0,5.0,0.027669299393892288,-1.0199999809265137,0.0
590,4.0,17.0,0.10689303278923035,2.924999952316284,1.0
591,3.0,3.0,0.02409062534570694,-1.0099999904632568,0.0
592,3.0,29.0,0.1731143742799759,-1.1399999856948853,0.0
593,3.0,4.0,0.03047565557062626,-1.0149999856948853,0.0
594,3.0,11.0,0.0789157971739769,-1.0499999523162842,0.0
595,3.0,4.0,0.020160852000117302,-1.0149999856948853,0.0
596,3.0,8.0,0.07779045403003693,-1.034999966621399,0.0
597,3.0,11.0,0.0922091007232666,-1.0499999523162842,0.0
598,4.0,31.0,0.18822409212589264,2.8550000190734863,1.0
599,3.0,6.0,0.030975133180618286,-1.024999976158142,0.0
600,3.0,13.0,0.06957333534955978,-1.059999942779541,0.0
601,3.0,16.0,0.11112436652183533,-1.0750000476837158,0.0
602,3.0,18.0,0.09599845111370087,-1.0850000381469727,0.0
603,3.0,11.0,0.04694409295916557,-1.0499999523162842,0.0
604,3.0,20.0,0.1011883020401001,-1.0950000286102295,0.0
605,3.0,8.0,0.03830493614077568,-1.034999966621399,0.0
606,3.0,9.0,0.04503192752599716,-1.0399999618530273,0.0
607,4.0,15.0,0.08823618292808533,2.934999942779541,1.0
608,3.0,17.0,0.09588217735290527,-1.0800000429153442,0.0
609,4.0,12.0,0.06700670719146729,2.950000047683716,1.0
610,5.0,28.0,0.11861828714609146,7.875,2.0
611,3.0,14.0,0.06176785007119179,-1.065000057220459,0.0
612,3.0,5.0,0.028696216642856598,-1.0199999809265137,0.0
613,3.0,10.0,0.05336584523320198,-1.0449999570846558,0.0
614,3.0,11.0,0.0506000816822052,-1.0499999523162842,0.0
615,5.0,23.0,0.15073175728321075,7.900000095367432,2.0
616,3.0,27.0,0.18671226501464844,-1.1299999952316284,0.0
617,3.0,7.0,0.04174770787358284,-1.0299999713897705,0.0
618,3.0,11.0,0.09350965917110443,-1.0499999523162842,0.0
619,3.0,53.0,0.3281082808971405,-1.2599999904632568,0.0
620,3.0,5.0,0.025871187448501587,-1.0199999809265137,0.0
621,3.0,8.0,0.042870841920375824,-1.034999966621399,0.0
622,3.0,11.0,0.053242918103933334,-1.0499999523162842,0.0
623,3.0,18.0,0.08348006010055542,-1.0850000381469727,0.0
624,3.0,7.0,0.03477442264556885,-1.0299999713897705,0.0
625,3.0,5.0,0.027912283316254616,-1.0199999809265137,0.0
626,3.0,4.0,0.026600442826747894,-1.0149999856948853,0.0
627,3.0,35.0,0.22730953991413116,-1.1699999570846558,0.0
628,3.0,21.0,0.09576799720525742,-1.100000023841858,0.0
629,3.0,27.0,0.13235989212989807,-1.1299999952316284,0.0
630,3.0,5.0,0.02362307347357273,-1.0199999809265137,0.0
631,4.0,22.0,0.10517267882823944,2.9000000953674316,1.0
632,4.0,24.0,0.12353941053152084,2.890000104904175,1.0
633,3.0,18.0,0.08795460313558578,-1.0850000381469727,0.0
634,3.0,5.0,0.026394857093691826,-1.0199999809265137,0.0
635,4.0,14.0,0.058253150433301926,2.940000057220459,1.0
636,3.0,31.0,0.13263311982154846,-1.149999976158142,0.0
637,3.0,4.0,0.022082261741161346,-1.0149999856948853,0.0
638,3.0,12.0,0.07041232287883759,-1.0549999475479126,0.0
639,3.0,15.0,0.08123927563428879,-1.0700000524520874,0.0
640,3.0,19.0,0.11279314756393433,-1.090000033378601,0.0
641,3.0,8.0,0.041046641767024994,-1.034999966621399,0.0
642,3.0,6.0,0.043571121990680695,-1.024999976158142,0.0
643,3.0,9.0,0.04884647950530052,-1.0399999618530273,0.0
644,3.0,8.0,0.052502792328596115,-1.034999966621399,0.0
645,4.0,53.0,0.2830047309398651,2.744999885559082,1.0
646,5.0,35.0,0.20691631734371185,7.840000152587891,2.0
647,3.0,4.0,0.025724120438098907,-1.0149999856948853,0.0
648,3.0,4.0,0.0274808369576931,-1.0149999856948853,0.0
649,3.0,24.0,0.1563076376914978,-1.1150000095367432,0.0
650,4.0,53.0,0.3174579441547394,2.744999885559082,1.0
651,4.0,43.0,0.27820900082588196,2.7950000762939453,1.0
652,3.0,6.0,0.03336216136813164,-1.024999976158142,0.0
653,3.0,14.0,0.08334411680698395,-1.065000057220459,0.0
654,3.0,16.0,0.09098071604967117,-1.0750000476837158,0.0
655,3.0,7.0,0.036641594022512436,-1.0299999713897705,0.0
656,3.0,7.0,0.029396902769804,-1.0299999713897705,0.0
657,3.0,30.0,0.14271211624145508,-1.1449999809265137,0.0
658,3.0,11.0,0.04935342073440552,-1.0499999523162842,0.0
659,3.0,15.0,0.056936703622341156,-1.0700000524520874,0.0
660,3.0,6.0,0.027044031769037247,-1.024999976158142,0.0
661,3.0,23.0,0.14311544597148895,-1.1100000143051147,0.0
662,3.0,9.0,0.050744444131851196,-1.0399999618530273,0.0
663,4.0,10.0,0.06687289476394653,2.9600000381469727,1.0
664,3.0,17.0,0.1025402694940567,-1.0800000429153442,0.0
665,3.0,39.0,0.18460671603679657,-1.190000057220459,0.0
666,3.0,5.0,0.021376298740506172,-1.0199999809265137,0.0
667,3.0,5.0,0.021322831511497498,-1.0199999809265137,0.0
668,3.0,30.0,0.22246310114860535,-1.1449999809265137,0.0
669,3.0,9.0,0.059976693242788315,-1.0399999618530273,0.0
670,3.0,5.0,0.04914738982915878,-1.0199999809265137,0.0
671,3.0,3.0,0.018373263999819756,-1.0099999904632568,0.0
672,4.0,33.0,0.1693560779094696,2.8450000286102295,1.0
673,3.0,16.0,0.07248690724372864,-1.0750000476837158,0.0
674,3.0,16.0,0.09613211452960968,-1.0750000476837158,0.0
675,3.0,10.0,0.04868923872709274,-1.0449999570846558,0.0
676,3.0,11.0,0.06620544195175171,-1.0499999523162842,0.0
677,3.0,9.0,0.07249947637319565,-1.0399999618530273,0.0
678,3.0,9.0,0.07662222534418106,-1.0399999618530273,0.0
679,3.0,15.0,0.09180746227502823,-1.0700000524520874,0.0
680,4.0,16.0,0.09867219626903534,2.930000066757202,1.0
681,3.0,7.0,0.06612535566091537,-1.0299999713897705,0.0
682,4.0,29.0,0.22675004601478577,2.865000009536743,1.0
683,3.0,19.0,0.11486628651618958,-1.090000033378601,0.0
684,3.0,5.0,0.028269730508327484,-1.0199999809265137,0.0
685,4.0,27.0,0.13033023476600647,2.875,1.0
686,3.0,5.0,0.025893939658999443,-1.0199999809265137,0.0
687,3.0,3.0,0.018825266510248184,-1.0099999904632568,0.0
688,3.0,9.0,0.03965030983090401,-1.0399999618530273,0.0
689,3.0,5.0,0.02320278435945511,-1.0199999809265137,0.0
690,3.0,26.0,0.11947999894618988,-1.125,0.0
691,3.0,35.0,0.17514440417289734,-1.1699999570846558,0.0
692,4.0,63.0,0.31377267837524414,2.694999933242798,1.0
693,3.0,7.0,0.06490220874547958,-1.0299999713897705,0.0
694,3.0,10.0,0.09613029658794403,-1.0449999570846558,0.0
695,3.0,10.0,0.06191577762365341,-1.0449999570846558,0.0
696,3.0,3.0,0.02619912102818489,-1.0099999904632568,0.0
697,3.0,25.0,0.11915625631809235,-1.1200000047683716,0.0
698,3.0,4.0,0.019772522151470184,-1.0149999856948853,0.0
699,3.0,20.0,0.10370724648237228,-1.0950000286102295,0.0
700,3.0,23.0,0.2136516571044922,-1.1100000143051147,0.0
701,3.0,5.0,0.024875085800886154,-1.0199999809265137,0.0
702,4.0,29.0,0.15696215629577637,2.865000009536743,1.0
703,6.0,51.0,0.378069132566452,13.765000343322754,3.0
704,3.0,4.0,0.03480453044176102,-1.0149999856948853,0.0
705,3.0,19.0,0.1026533991098404,-1.090000033378601,0.0
706,3.0,7.0,0.061905648559331894,-1.0299999713897705,0.0
707,3.0,18.0,0.15294800698757172,-1.0850000381469727,0.0
708,3.0,21.0,0.12613044679164886,-1.100000023841858,0.0
709,3.0,11.0,0.08688922971487045,-1.0499999523162842,0.0
710,3.0,14.0,0.08189888298511505,-1.065000057220459,0.0
711,3.0,11.0,0.07350103557109833,-1.0499999523162842,0.0
712,3.0,3.0,0.026375047862529755,-1.0099999904632568,0.0
713,3.0,16.0,0.13980801403522491,-1.0750000476837158,0.0
714,5.0,13.0,0.07065021246671677,7.949999809265137,2.0
715,3.0,6.0,0.024896297603845596,-1.024999976158142,0.0
716,3.0,8.0,0.06586150079965591,-1.034999966621399,0.0
717,5.0,22.0,0.17263825237751007,7.90500020980835,2.0
718,4.0,5.0,0.036644332110881805,2.984999895095825,1.0
719,3.0,24.0,0.1999291330575943,-1.1150000095367432,0.0
720,3.0,29.0,0.1878470778465271,-1.1399999856948853,0.0
721,3.0,8.0,0.056311968713998795,-1.034999966621399,0.0
722,4.0,44.0,0.2754746377468109,2.7899999618530273,1.0
723,3.0,4.0,0.0384070947766304,-1.0149999856948853,0.0
724,3.0,4.0,0.06189269945025444,-1.0149999856948853,0.0
725,3.0,9.0,0.12585221230983734,-1.0399999618530273,0.0
726,4.0,19.0,0.23616260290145874,2.9149999618530273,1.0
727,3.0,7.0,0.06040294095873833,-1.0299999713897705,0.0
728,3.0,6.0,0.04639224335551262,-1.024999976158142,0.0
729,3.0,10.0,0.08079861849546432,-1.0449999570846558,0.0
730,4.0,19.0,0.10381133109331131,2.9149999618530273,1.0
731,3.0,34.0,0.3286420404911041,-1.1649999618530273,0.0
732,3.0,6.0,0.07608842104673386,-1.024999976158142,0.0
733,4.0,33.0,0.2900102138519287,2.8450000286102295,1.0
734,3.0,6.0,0.02926487661898136,-1.024999976158142,0.0
735,3.0,13.0,0.15188735723495483,-1.059999942779541,0.0
736,3.0,10.0,0.08760696649551392,-1.0449999570846558,0.0
737,3.0,4.0,0.049959100782871246,-1.0149999856948853,0.0
738,3.0,19.0,0.20163215696811676,-1.090000033378601,0.0
739,3.0,13.0,0.09202530980110168,-1.059999942779541,0.0
740,3.0,13.0,0.10647311061620712,-1.059999942779541,0.0
741,4.0,4.0,0.06056135520339012,2.990000009536743,1.0
742,3.0,12.0,0.13654103875160217,-1.0549999475479126,0.0
743,3.0,7.0,0.05448213592171669,-1.0299999713897705,0.0
744,4.0,8.0,0.056054387241601944,2.9700000286102295,1.0
745,3.0,14.0,0.17916494607925415,-1.065000057220459,0.0
746,3.0,9.0,0.13518953323364258,-1.0399999618530273,0.0
747,3.0,5.0,0.03795618563890457,-1.0199999809265137,0.0
748,4.0,51.0,0.2768135368824005,2.755000114440918,1.0
749,3.0,4.0,0.024128518998622894,-1.0149999856948853,0.0
750,3.0,20.0,0.17583495378494263,-1.0950000286102295,0.0
751,3.0,10.0,0.11763861030340195,-1.0449999570846558,0.0
752,3.0,9.0,0.09698831290006638,-1.0399999618530273,0.0
753,3.0,6.0,0.04593675956130028,-1.024999976158142,0.0
754,3.0,15.0,0.11955732107162476,-1.0700000524520874,0.0
755,3.0,17.0,0.12663234770298004,-1.0800000429153442,0.0
756,3.0,10.0,0.0673377513885498,-1.0449999570846558,0.0
757,3.0,28.0,0.21977710723876953,-1.1349999904632568,0.0
758,3.0,13.0,0.08154149353504181,-1.059999942779541,0.0
759,3.0,17.0,0.10142030566930771,-1.0800000429153442,0.0
760,3.0,3.0,0.018006496131420135,-1.0099999904632568,0.0
761,5.0,35.0,0.17434081435203552,7.840000152587891,2.0
762,3.0,3.0,0.013782579451799393,-1.0099999904632568,0.0
763,3.0,4.0,0.02273467555642128,-1.0149999856948853,0.0
764,3.0,11.0,0.0536620207130909,-1.0499999523162842,0.0
765,3.0,27.0,0.16622455418109894,-1.1299999952316284,0.0
766,3.0,24.0,0.1703028678894043,-1.1150000095367432,0.0
767,3.0,5.0,0.027747027575969696,-1.0199999809265137,0.0
768,4.0,57.0,0.38912835717201233,2.7249999046325684,1.0
769,3.0,9.0,0.05316369980573654,-1.0399999618530273,0.0
770,3.0,14.0,0.06310974061489105,-1.065000057220459,0.0
771,3.0,25.0,0.22251012921333313,-1.1200000047683716,0.0
772,3.0,25.0,0.15237338840961456,-1.1200000047683716,0.0
773,3.0,43.0,0.3147135078907013,-1.2100000381469727,0.0
774,3.0,8.0,0.07929336279630661,-1.034999966621399,0.0
775,3.0,7.0,0.06794918328523636,-1.0299999713897705,0.0
776,3.0,3.0,0.03782852739095688,-1.0099999904632568,0.0
777,3.0,11.0,0.08109988272190094,-1.0499999523162842,0.0
778,3.0,6.0,0.03944283723831177,-1.024999976158142,0.0
779,3.0,15.0,0.08261602371931076,-1.0700000524520874,0.0
780,3.0,20.0,0.13040372729301453,-1.0950000286102295,0.0
781,3.0,10.0,0.07488629966974258,-1.0449999570846558,0.0
782,3.0,13.0,0.12786759436130524,-1.059999942779541,0.0
783,3.0,12.0,0.07841727137565613,-1.0549999475479126,0.0
784,3.0,21.0,0.11655071377754211,-1.100000023841858,0.0
785,3.0,3.0,0.012969652190804482,-1.0099999904632568,0.0
786,3.0,24.0,0.10991577059030533,-1.1150000095367432,0.0
787,4.0,21.0,0.16779614984989166,2.9049999713897705,1.0
788,3.0,11.0,0.07232991605997086,-1.0499999523162842,0.0
789,4.0,22.0,0.13982129096984863,2.9000000953674316,1.0
790,3.0,12.0,0.10565950721502304,-1.0549999475479126,0.0
791,3.0,5.0,0.03605172783136368,-1.0199999809265137,0.0
792,3.0,11.0,0.08616498857736588,-1.0499999523162842,0.0
793,3.0,9.0,0.05485393851995468,-1.0399999618530273,0.0
794,3.0,20.0,0.10996495932340622,-1.0950000286102295,0.0
795,3.0,12.0,0.06326324492692947,-1.0549999475479126,0.0
796,3.0,35.0,0.4654080867767334,-1.1699999570846558,0.0
797,4.0,22.0,0.23088522255420685,2.9000000953674316,1.0
798,3.0,36.0,0.42985814809799194,-1.1749999523162842,0.0
799,3.0,13.0,0.0959167405962944,-1.059999942779541,0.0
800,3.0,13.0,0.07605225592851639,-1.059999942779541,0.0
801,3.0,8.0,0.04469558596611023,-1.034999966621399,0.0
802,4.0,32.0,0.3258413076400757,2.8499999046325684,1.0
803,4.0,22.0,0.12213561683893204,2.9000000953674316,1.0
804,3.0,3.0,0.018305782228708267,-1.0099999904632568,0.0
805,3.0,20.0,0.11361810564994812,-1.0950000286102295,0.0
806,3.0,54.0,0.543402910232544,-1.2649999856948853,0.0
807,3.0,8.0,0.07413294166326523,-1.034999966621399,0.0
808,4.0,52.0,0.3154356777667999,2.75,1.0
809,3.0,9.0,0.06184034422039986,-1.0399999618530273,0.0
810,3.0,11.0,0.07326039671897888,-1.0499999523162842,0.0
811,4.0,28.0,0.14854826033115387,2.869999885559082,1.0
812,3.0,24.0,0.11762282252311707,-1.1150000095367432,0.0
813,3.0,5.0,0.028997549787163734,-1.0199999809265137,0.0
814,3.0,8.0,0.041891757398843765,-1.034999966621399,0.0
815,3.0,13.0,0.044474367052316666,-1.059999942779541,0.0
816,4.0,11.0,0.047539692372083664,2.9549999237060547,1.0
817,3.0,21.0,0.13260702788829803,-1.100000023841858,0.0
818,4.0,30.0,0.16336938738822937,2.859999895095825,1.0
819,3.0,15.0,0.10361647605895996,-1.0700000524520874,0.0
820,4.0,7.0,0.0415814146399498,2.9749999046325684,1.0
821,3.0,4.0,0.01797507517039776,-1.0149999856948853,0.0
822,3.0,27.0,0.19196440279483795,-1.1299999952316284,0.0
823,3.0,29.0,0.23467066884040833,-1.1399999856948853,0.0
824,3.0,13.0,0.0764479860663414,-1.059999942779541,0.0
825,3.0,11.0,0.06589136272668839,-1.0499999523162842,0.0
826,3.0,5.0,0.02713422104716301,-1.0199999809265137,0.0
827,4.0,10.0,0.04201119393110275,2.9600000381469727,1.0
828,4.0,53.0,0.37826526165008545,2.744999885559082,1.0
829,3.0,5.0,0.055180273950099945,-1.0199999809265137,0.0
830,3.0,7.0,0.050282709300518036,-1.0299999713897705,0.0
831,4.0,10.0,0.05306336283683777,2.9600000381469727,1.0
832,3.0,22.0,0.08850932121276855,-1.1050000190734863,0.0
833,3.0,15.0,0.07097631692886353,-1.0700000524520874,0.0
834,3.0,5.0,0.028573334217071533,-1.0199999809265137,0.0
835,3.0,45.0,0.42270493507385254,-1.2200000286102295,0.0
836,4.0,24.0,0.2594815492630005,2.890000104904175,1.0
837,3.0,23.0,0.15627683699131012,-1.1100000143051147,0.0
838,3.0,9.0,0.08210858702659607,-1.0399999618530273,0.0
839,3.0,8.0,0.050929561257362366,-1.034999966621399,0.0
840,3.0,4.0,0.028796806931495667,-1.0149999856948853,0.0
841,3.0,12.0,0.07997455447912216,-1.0549999475479126,0.0
842,3.0,14.0,0.08693587779998779,-1.065000057220459,0.0
843,4.0,28.0,0.14694656431674957,2.869999885559082,1.0
844,3.0,51.0,0.34631454944610596,-1.25,0.0
845,3.0,6.0,0.029869453981518745,-1.024999976158142,0.0
846,3.0,19.0,0.13116291165351868,-1.090000033378601,0.0
847,3.0,13.0,0.07406751066446304,-1.059999942779541,0.0
848,4.0,50.0,0.27139604091644287,2.759999990463257,1.0
849,3.0,5.0,0.026168834418058395,-1.0199999809265137,0.0
850,3.0,5.0,0.03255651891231537,-1.0199999809265137,0.0
851,3.0,12.0,0.10937102884054184,-1.0549999475479126,0.0
852,3.0,13.0,0.07890929281711578,-1.059999942779541,0.0
853,3.0,4.0,0.016259726136922836,-1.0149999856948853,0.0
854,3.0,22.0,0.15460315346717834,-1.1050000190734863,0.0
855,4.0,9.0,0.05897410959005356,2.9649999141693115,1.0
856,3.0,18.0,0.12669146060943604,-1.0850000381469727,0.0
857,4.0,8.0,0.04552058130502701,2.9700000286102295,1.0
858,3.0,14.0,0.06734826415777206,-1.065000057220459,0.0
859,3.0,9.0,0.04395388066768646,-1.0399999618530273,0.0
860,4.0,14.0,0.11446278542280197,2.940000057220459,1.0
861,3.0,6.0,0.04378512129187584,-1.024999976158142,0.0
862,4.0,16.0,0.07924498617649078,2.930000066757202,1.0
863,3.0,40.0,0.20602726936340332,-1.1950000524520874,0.0
864,3.0,11.0,0.07224713265895844,-1.0499999523162842,0.0
865,3.0,12.0,0.058446258306503296,-1.0549999475479126,0.0
866,3.0,5.0,0.02891937829554081,-1.0199999809265137,0.0
867,3.0,38.0,0.19300000369548798,-1.184999942779541,0.0
868,3.0,21.0,0.12745171785354614,-1.100000023841858,0.0
869,3.0,42.0,0.20705217123031616,-1.2050000429153442,0.0
870,6.0,62.0,0.4053536355495453,13.710000038146973,3.0
871,3.0,22.0,0.14098802208900452,-1.1050000190734863,0.0
872,3.0,17.0,0.14162366092205048,-1.0800000429153442,0.0
873,3.0,10.0,0.09288698434829712,-1.0449999570846558,0.0
874,3.0,17.0,0.22090409696102142,-1.0800000429153442,0.0
875,3.0,33.0,0.21454434096813202,-1.159999966621399,0.0
876,3.0,3.0,0.01232115551829338,-1.0099999904632568,0.0
877,4.0,5.0,0.034549783915281296,2.984999895095825,1.0
878,4.0,25.0,0.21369236707687378,2.884999990463257,1.0
879,3.0,19.0,0.1924360692501068,-1.090000033378601,0.0
880,4.0,38.0,0.2313252091407776,2.819999933242798,1.0
881,3.0,17.0,0.0798908919095993,-1.0800000429153442,0.0
882,3.0,16.0,0.11807005107402802,-1.0750000476837158,0.0
883,3.0,9.0,0.0693490281701088,-1.0399999618530273,0.0
884,3.0,10.0,0.05600324645638466,-1.0449999570846558,0.0
885,4.0,20.0,0.11201079189777374,2.9100000858306885,1.0
886,3.0,9.0,0.03664639964699745,-1.0399999618530273,0.0
887,3.0,22.0,0.10898495465517044,-1.1050000190734863,0.0
888,3.0,20.0,0.13117817044258118,-1.0950000286102295,0.0
889,3.0,10.0,0.0772433802485466,-1.0449999570846558,0.0
890,3.0,7.0,0.03555033355951309,-1.0299999713897705,0.0
891,3.0,21.0,0.1029243990778923,-1.100000023841858,0.0
892,3.0,14.0,0.07874283194541931,-1.065000057220459,0.0
893,4.0,17.0,0.17837783694267273,2.924999952316284,1.0
894,3.0,5.0,0.03023817203938961,-1.0199999809265137,0.0
895,3.0,6.0,0.02898215875029564,-1.024999976158142,0.0
896,3.0,7.0,0.030021481215953827,-1.0299999713897705,0.0
897,4.0,9.0,0.057804618030786514,2.9649999141693115,1.0
898,3.0,4.0,0.017556097358465195,-1.0149999856948853,0.0
899,3.0,6.0,0.02574942260980606,-1.024999976158142,0.0
900,3.0,15.0,0.07523003965616226,-1.0700000524520874,0.0
901,3.0,12.0,0.15093140304088593,-1.0549999475479126,0.0
902,3.0,17.0,0.17498476803302765,-1.0800000429153442,0.0
903,3.0,13.0,0.10307352989912033,-1.059999942779541,0.0
904,3.0,16.0,0.2715541422367096,-1.0750000476837158,0.0
905,3.0,6.0,0.05332222208380699,-1.024999976158142,0.0
906,3.0,17.0,0.11254189163446426,-1.0800000429153442,0.0
907,3.0,19.0,0.1159709095954895,-1.090000033378601,0.0
908,3.0,11.0,0.05752800032496452,-1.0499999523162842,0.0
909,4.0,61.0,0.4537144899368286,2.7049999237060547,1.0
910,3.0,7.0,0.07215021550655365,-1.0299999713897705,0.0
911,3.0,50.0,0.5244643092155457,-1.2450000047683716,0.0
912,3.0,22.0,0.14254745841026306,-1.1050000190734863,0.0
913,3.0,5.0,0.021483149379491806,-1.0199999809265137,0.0
914,6.0,45.0,0.26986825466156006,13.795000076293945,3.0
915,3.0,26.0,0.14048977196216583,-1.125,0.0
916,3.0,16.0,0.08414081484079361,-1.0750000476837158,0.0
917,4.0,11.0,0.05254634842276573,2.9549999237060547,1.0
918,3.0,11.0,0.0921163260936737,-1.0499999523162842,0.0
919,3.0,3.0,0.016237705945968628,-1.0099999904632568,0.0
920,3.0,5.0,0.03280361369252205,-1.0199999809265137,0.0
921,3.0,10.0,0.04807676002383232,-1.0449999570846558,0.0
922,3.0,42.0,0.4560305178165436,-1.2050000429153442,0.0
923,3.0,11.0,0.1180972307920456,-1.0499999523162842,0.0
924,3.0,14.0,0.07545799762010574,-1.065000057220459,0.0
925,3.0,3.0,0.020086854696273804,-1.0099999904632568,0.0
926,3.0,12.0,0.055915191769599915,-1.0549999475479126,0.0
927,4.0,86.0,0.5366933345794678,2.5799999237060547,1.0
928,3.0,12.0,0.07737912237644196,-1.0549999475479126,0.0
929,3.0,10.0,0.07882590591907501,-1.0449999570846558,0.0
930,3.0,9.0,0.06683289259672165,-1.0399999618530273,0.0
931,3.0,22.0,0.1449045091867447,-1.1050000190734863,0.0
932,3.0,7.0,0.04250318184494972,-1.0299999713897705,0.0
933,3.0,6.0,0.05294839292764664,-1.024999976158142,0.0
934,4.0,35.0,0.19626757502555847,2.8350000381469727,1.0
935,4.0,36.0,0.18399296700954437,2.8299999237060547,1.0
936,4.0,25.0,0.14107652008533478,2.884999990463257,1.0
937,3.0,6.0,0.03137260302901268,-1.024999976158142,0.0
938,3.0,5.0,0.027320217341184616,-1.0199999809265137,0.0
939,3.0,22.0,0.13808175921440125,-1.1050000190734863,0.0
940,3.0,24.0,0.13429448008537292,-1.1150000095367432,0.0
941,4.0,13.0,0.04558674991130829,2.944999933242798,1.0
942,3.0,45.0,0.20540191233158112,-1.2200000286102295,0.0
943,3.0,10.0,0.04821552336215973,-1.0449999570846558,0.0
944,4.0,13.0,0.09702540934085846,2.944999933242798,1.0
945,3.0,75.0,0.3623640537261963,-1.3700000047683716,0.0
946,3.0,3.0,0.02601408213376999,-1.0099999904632568,0.0
947,4.0,18.0,0.08845799416303635,2.9200000762939453,1.0
948,5.0,33.0,0.1632058173418045,7.849999904632568,2.0
949,3.0,18.0,0.08454140275716782,-1.0850000381469727,0.0
950,3.0,14.0,0.07014372199773788,-1.065000057220459,0.0
951,3.0,8.0,0.032717350870370865,-1.034999966621399,0.0
952,3.0,31.0,0.138795867562294,-1.149999976158142,0.0
953,4.0,30.0,0.14528299868106842,2.859999895095825,1.0
954,4.0,30.0,0.19456829130649567,2.859999895095825,1.0
955,3.0,9.0,0.06746160984039307,-1.0399999618530273,0.0
956,3.0,4.0,0.021571388468146324,-1.0149999856948853,0.0
957,3.0,22.0,0.11493449658155441,-1.1050000190734863,0.0
958,3.0,17.0,0.084917351603508,-1.0800000429153442,0.0
959,3.0,16.0,0.07752328366041183,-1.0750000476837158,0.0
960,4.0,16.0,0.0849742740392685,2.930000066757202,1.0
961,3.0,26.0,0.14205197989940643,-1.125,0.0
962,3.0,8.0,0.03599217161536217,-1.034999966621399,0.0
963,3.0,4.0,0.018447551876306534,-1.0149999856948853,0.0
964,3.0,13.0,0.06204746663570404,-1.059999942779541,0.0
965,4.0,15.0,0.06490977853536606,2.934999942779541,1.0
966,3.0,21.0,0.08936820924282074,-1.100000023841858,0.0
967,3.0,9.0,0.02733074687421322,-1.0399999618530273,0.0
968,5.0,19.0,0.10692105442285538,7.920000076293945,2.0
969,3.0,4.0,0.017670247703790665,-1.0149999856948853,0.0
970,3.0,6.0,0.027724210172891617,-1.024999976158142,0.0
971,3.0,4.0,0.016806989908218384,-1.0149999856948853,0.0
972,4.0,24.0,0.1070774644613266,2.890000104904175,1.0
973,3.0,31.0,0.14852911233901978,-1.149999976158142,0.0
974,3.0,11.0,0.04610930383205414,-1.0499999523162842,0.0
975,3.0,3.0,0.015450358390808105,-1.0099999904632568,0.0
976,3.0,30.0,0.14325907826423645,-1.1449999809265137,0.0
977,3.0,10.0,0.06013860926032066,-1.0449999570846558,0.0
978,3.0,7.0,0.054680436849594116,-1.0299999713897705,0.0
979,5.0,20.0,0.15223731100559235,7.914999961853027,2.0
980,3.0,18.0,0.07131421566009521,-1.0850000381469727,0.0
981,4.0,9.0,0.03480725735425949,2.9649999141693115,1.0
982,3.0,10.0,0.06803612411022186,-1.0449999570846558,0.0
983,3.0,19.0,0.14357051253318787,-1.090000033378601,0.0
984,3.0,17.0,0.14797097444534302,-1.0800000429153442,0.0
985,3.0,43.0,0.22717179358005524,-1.2100000381469727,0.0
986,4.0,10.0,0.038416970521211624,2.9600000381469727,1.0
987,3.0,39.0,0.17638017237186432,-1.190000057220459,0.0
988,3.0,6.0,0.04451485723257065,-1.024999976158142,0.0
989,3.0,64.0,0.3582550585269928,-1.315000057220459,0.0
990,4.0,8.0,0.02941560186445713,2.9700000286102295,1.0
991,3.0,18.0,0.07287783175706863,-1.0850000381469727,0.0
992,3.0,9.0,0.08983176946640015,-1.0399999618530273,0.0
993,3.0,6.0,0.0717862993478775,-1.024999976158142,0.0
994,3.0,4.0,0.02264818362891674,-1.0149999856948853,0.0
995,3.0,16.0,0.07688122242689133,-1.0750000476837158,0.0
996,3.0,5.0,0.022458914667367935,-1.0199999809265137,0.0
997,3.0,10.0,0.08109839260578156,-1.0449999570846558,0.0
998,3.0,20.0,0.21369963884353638,-1.0950000286102295,0.0
999,3.0,23.0,0.14685241878032684,-1.1100000143051147,0.0
1000,3.0,14.0,0.07402215898036957,-1.065000057220459,0.0
1001,4.0,18.0,0.08655980229377747,2.9200000762939453,1.0
1002,3.0,17.0,0.08680810779333115,-1.0800000429153442,0.0
1003,3.0,24.0,0.1279139518737793,-1.1150000095367432,0.0
1004,4.0,16.0,0.08671974390745163,2.930000066757202,1.0
1005,3.0,8.0,0.05171399191021919,-1.034999966621399,0.0
1006,3.0,31.0,0.1312880516052246,-1.149999976158142,0.0
1007,3.0,23.0,0.14974525570869446,-1.1100000143051147,0.0
1008,3.0,22.0,0.1502862125635147,-1.1050000190734863,0.0
1009,3.0,35.0,0.14984631538391113,-1.1699999570846558,0.0
1010,3.0,26.0,0.1555047333240509,-1.125,0.0
1011,3.0,4.0,0.013514966703951359,-1.0149999856948853,0.0
1012,4.0,28.0,0.10415520519018173,2.869999885559082,1.0
1013,4.0,36.0,0.25504574179649353,2.8299999237060547,1.0
1014,3.0,53.0,0.253884881734848,-1.2599999904632568,0.0
1015,4.0,20.0,0.0893426239490509,2.9100000858306885,1.0
1016,3.0,13.0,0.06888305395841599,-1.059999942779541,0.0
1017,3.0,3.0,0.013375980779528618,-1.0099999904632568,0.0
1018,3.0,17.0,0.06917896121740341,-1.0800000429153442,0.0
1019,4.0,61.0,0.3875125050544739,2.7049999237060547,1.0
1020,3.0,7.0,0.04742598161101341,-1.0299999713897705,0.0
1021,3.0,5.0,0.03505629673600197,-1.0199999809265137,0.0
1022,3.0,28.0,0.13749149441719055,-1.1349999904632568,0.0
1023,3.0,14.0,0.09746243059635162,-1.065000057220459,0.0
1024,3.0,10.0,0.0661744549870491,-1.0449999570846558,0.0
1025,3.0,7.0,0.04148361086845398,-1.0299999713897705,0.0
1026,3.0,10.0,0.04737265408039093,-1.0449999570846558,0.0
1027,3.0,4.0,0.017404621466994286,-1.0149999856948853,0.0
1028,5.0,39.0,0.23833230137825012,7.820000171661377,2.0
1029,3.0,8.0,0.03337099403142929,-1.034999966621399,0.0
1030,4.0,19.0,0.09162576496601105,2.9149999618530273,1.0
1031,4.0,9.0,0.04188720881938934,2.9649999141693115,1.0
1032,3.0,21.0,0.13514992594718933,-1.100000023841858,0.0
1033,3.0,12.0,0.06419120728969574,-1.0549999475479126,0.0
1034,3.0,13.0,0.057537518441677094,-1.059999942779541,0.0
1035,3.0,5.0,0.027719218283891678,-1.0199999809265137,0.0
1036,4.0,12.0,0.08565285801887512,2.950000047683716,1.0
1037,3.0,28.0,0.1365811675786972,-1.1349999904632568,0.0
1038,3.0,17.0,0.06876545399427414,-1.0800000429153442,0.0
1039,3.0,22.0,0.10903352499008179,-1.1050000190734863,0.0
1040,4.0,20.0,0.1065981313586235,2.9100000858306885,1.0
1041,3.0,4.0,0.018048571422696114,-1.0149999856948853,0.0
1042,3.0,5.0,0.029181918129324913,-1.0199999809265137,0.0
1043,3.0,12.0,0.05090724676847458,-1.0549999475479126,0.0
1044,4.0,23.0,0.09270967543125153,2.8949999809265137,1.0
1045,3.0,6.0,0.022061606869101524,-1.024999976158142,0.0
1046,3.0,13.0,0.05913205444812775,-1.059999942779541,0.0
1047,3.0,4.0,0.021170588210225105,-1.0149999856948853,0.0
1048,3.0,9.0,0.041893113404512405,-1.0399999618530273,0.0
1049,3.0,13.0,0.05534341186285019,-1.059999942779541,0.0
1050,3.0,7.0,0.04339273273944855,-1.0299999713897705,0.0
1051,4.0,32.0,0.16198869049549103,2.8499999046325684,1.0
1052,3.0,14.0,0.05645684152841568,-1.065000057220459,0.0
1053,3.0,13.0,0.05865752696990967,-1.059999942779541,0.0
1054,3.0,4.0,0.022631151601672173,-1.0149999856948853,0.0
1055,3.0,26.0,0.13404369354248047,-1.125,0.0
1056,3.0,4.0,0.0271226167678833,-1.0149999856948853,0.0
1057,3.0,19.0,0.10045671463012695,-1.090000033378601,0.0
1058,3.0,22.0,0.08803407847881317,-1.1050000190734863,0.0
1059,3.0,11.0,0.052739549428224564,-1.0499999523162842,0.0
1060,3.0,23.0,0.15091285109519958,-1.1100000143051147,0.0
1061,3.0,4.0,0.016267064958810806,-1.0149999856948853,0.0
1062,4.0,17.0,0.08760882914066315,2.924999952316284,1.0
1063,3.0,57.0,0.34045588970184326,-1.2799999713897705,0.0
1064,3.0,11.0,0.06988833099603653,-1.0499999523162842,0.0
1065,3.0,7.0,0.03971776366233826,-1.0299999713897705,0.0
1066,3.0,5.0,0.030793650075793266,-1.0199999809265137,0.0
1067,3.0,13.0,0.05949411168694496,-1.059999942779541,0.0
1068,3.0,12.0,0.05211956053972244,-1.0549999475479126,0.0
1069,3.0,8.0,0.025095462799072266,-1.034999966621399,0.0
1070,3.0,6.0,0.027100708335638046,-1.024999976158142,0.0
1071,3.0,12.0,0.05614091828465462,-1.0549999475479126,0.0
1072,4.0,8.0,0.05260327830910683,2.9700000286102295,1.0
1073,4.0,42.0,0.28018423914909363,2.799999952316284,1.0
1074,3.0,28.0,0.15841136872768402,-1.1349999904632568,0.0
1075,4.0,24.0,0.09563376009464264,2.890000104904175,1.0
1076,3.0,12.0,0.06121690198779106,-1.0549999475479126,0.0
1077,3.0,19.0,0.09944836795330048,-1.090000033378601,0.0
1078,3.0,13.0,0.1077626571059227,-1.059999942779541,0.0
1079,3.0,7.0,0.03233189135789871,-1.0299999713897705,0.0
1080,3.0,5.0,0.023624449968338013,-1.0199999809265137,0.0
1081,3.0,3.0,0.013337498530745506,-1.0099999904632568,0.0
1082,4.0,11.0,0.047311678528785706,2.9549999237060547,1.0
1083,3.0,11.0,0.04404711723327637,-1.0499999523162842,0.0
1084,3.0,8.0,0.03392821550369263,-1.034999966621399,0.0
1085,3.0,13.0,0.059447161853313446,-1.059999942779541,0.0
1086,3.0,46.0,0.247954323887825,-1.225000023841858,0.0
1087,3.0,22.0,0.09578165411949158,-1.1050000190734863,0.0
1088,4.0,20.0,0.08225040882825851,2.9100000858306885,1.0
1089,3.0,29.0,0.11966503411531448,-1.1399999856948853,0.0
1090,3.0,33.0,0.13135592639446259,-1.159999966621399,0.0
1091,3.0,4.0,0.030973277986049652,-1.0149999856948853,0.0
1092,3.0,3.0,0.018079519271850586,-1.0099999904632568,0.0
1093,3.0,3.0,0.022507790476083755,-1.0099999904632568,0.0
1094,3.0,8.0,0.0546826533973217,-1.034999966621399,0.0
1095,3.0,4.0,0.027616478502750397,-1.0149999856948853,0.0
1096,4.0,9.0,0.04285631328821182,2.9649999141693115,1.0
1097,3.0,32.0,0.141774520277977,-1.1549999713897705,0.0
1098,3.0,18.0,0.08923975378274918,-1.0850000381469727,0.0
1099,4.0,21.0,0.08355854451656342,2.9049999713897705,1.0
1100,3.0,22.0,0.11486044526100159,-1.1050000190734863,0.0
1101,4.0,8.0,0.036480266600847244,2.9700000286102295,1.0
1102,4.0,25.0,0.11662337929010391,2.884999990463257,1.0
1103,3.0,11.0,0.04993782937526703,-1.0499999523162842,0.0
1104,3.0,28.0,0.12340029329061508,-1.1349999904632568,0.0
1105,4.0,17.0,0.06521467864513397,2.924999952316284,1.0
1106,3.0,3.0,0.01455367635935545,-1.0099999904632568,0.0
1107,3.0,16.0,0.07365869730710983,-1.0750000476837158,0.0
1108,4.0,26.0,0.11821530759334564,2.880000114440918,1.0
1109,3.0,19.0,0.10734540969133377,-1.090000033378601,0.0
1110,3.0,7.0,0.029277805238962173,-1.0299999713897705,0.0
1111,4.0,13.0,0.055759068578481674,2.944999933242798,1.0
1112,4.0,20.0,0.08305563777685165,2.9100000858306885,1.0
1113,3.0,19.0,0.07016652077436447,-1.090000033378601,0.0
1114,3.0,4.0,0.013378522358834743,-1.0149999856948853,0.0
1115,3.0,31.0,0.14898276329040527,-1.149999976158142,0.0
1116,3.0,6.0,0.023055318742990494,-1.024999976158142,0.0
1117,3.0,21.0,0.08762598037719727,-1.100000023841858,0.0
1118,3.0,6.0,0.022904502227902412,-1.024999976158142,0.0
1119,3.0,5.0,0.01696525141596794,-1.0199999809265137,0.0
1120,4.0,30.0,0.10579845309257507,2.859999895095825,1.0
1121,3.0,3.0,0.01081934105604887,-1.0099999904632568,0.0
1122,3.0,8.0,0.03372359275817871,-1.034999966621399,0.0
1123,3.0,6.0,0.018113352358341217,-1.024999976158142,0.0
1124,3.0,12.0,0.04090296849608421,-1.0549999475479126,0.0
1125,3.0,11.0,0.04008043184876442,-1.0499999523162842,0.0
1126,4.0,28.0,0.10654458403587341,2.869999885559082,1.0
1127,3.0,20.0,0.09078896790742874,-1.0950000286102295,0.0
1128,3.0,7.0,0.030182834714651108,-1.0299999713897705,0.0
1129,3.0,36.0,0.15338148176670074,-1.1749999523162842,0.0
1130,3.0,18.0,0.0620882622897625,-1.0850000381469727,0.0
1131,3.0,4.0,0.015965333208441734,-1.0149999856948853,0.0
1132,3.0,9.0,0.05263315141201019,-1.0399999618530273,0.0
1133,4.0,7.0,0.0355289988219738,2.9749999046325684,1.0
1134,4.0,51.0,0.20730508863925934,2.755000114440918,1.0
1135,3.0,3.0,0.008718729019165039,-1.0099999904632568,0.0
1136,3.0,16.0,0.07636800408363342,-1.0750000476837158,0.0
1137,3.0,7.0,0.029625577852129936,-1.0299999713897705,0.0
1138,4.0,5.0,0.030321231111884117,2.984999895095825,1.0
1139,4.0,17.0,0.07747489959001541,2.924999952316284,1.0
1140,3.0,16.0,0.06001940742135048,-1.0750000476837158,0.0
1141,3.0,3.0,0.00994306243956089,-1.0099999904632568,0.0
1142,3.0,15.0,0.05789712071418762,-1.0700000524520874,0.0
1143,3.0,10.0,0.03790200129151344,-1.0449999570846558,0.0
1144,3.0,3.0,0.008722120895981789,-1.0099999904632568,0.0
1145,3.0,28.0,0.12515297532081604,-1.1349999904632568,0.0
1146,4.0,18.0,0.07541602849960327,2.9200000762939453,1.0
1147,3.0,26.0,0.10776426643133163,-1.125,0.0
1148,3.0,16.0,0.07585382461547852,-1.0750000476837158,0.0
1149,4.0,13.0,0.06141898036003113,2.944999933242798,1.0
1150,3.0,11.0,0.0378115214407444,-1.0499999523162842,0.0
1151,3.0,9.0,0.04006585478782654,-1.0399999618530273,0.0
1152,3.0,12.0,0.04635388031601906,-1.0549999475479126,0.0
1153,6.0,96.0,0.42516741156578064,13.539999961853027,3.0
1154,3.0,7.0,0.024491211399435997,-1.0299999713897705,0.0
1155,4.0,4.0,0.009882173500955105,2.990000009536743,1.0
1156,3.0,19.0,0.08493515104055405,-1.090000033378601,0.0
1157,4.0,20.0,0.11755818873643875,2.9100000858306885,1.0
1158,3.0,32.0,0.13348020613193512,-1.1549999713897705,0.0
1159,4.0,23.0,0.0835915133357048,2.8949999809265137,1.0
1160,4.0,10.0,0.040532879531383514,2.9600000381469727,1.0
1161,3.0,8.0,0.032927028834819794,-1.034999966621399,0.0
1162,4.0,23.0,0.09817960113286972,2.8949999809265137,1.0
1163,5.0,23.0,0.10222128033638,7.900000095367432,2.0
1164,3.0,3.0,0.009750017896294594,-1.0099999904632568,0.0
1165,3.0,5.0,0.012817434966564178,-1.0199999809265137,0.0
1166,4.0,48.0,0.2343749850988388,2.7699999809265137,1.0
1167,3.0,14.0,0.06872214376926422,-1.065000057220459,0.0
1168,3.0,4.0,0.015595877543091774,-1.0149999856948853,0.0
1169,3.0,4.0,0.017948564141988754,-1.0149999856948853,0.0
1170,3.0,10.0,0.05187361687421799,-1.0449999570846558,0.0
1171,3.0,41.0,0.1692102551460266,-1.2000000476837158,0.0
1172,3.0,19.0,0.08920910209417343,-1.090000033378601,0.0
1173,4.0,17.0,0.0835242047905922,2.924999952316284,1.0
1174,3.0,8.0,0.032288238406181335,-1.034999966621399,0.0
1175,4.0,20.0,0.08188749849796295,2.9100000858306885,1.0
1176,4.0,75.0,0.3065541982650757,2.634999990463257,1.0
1177,3.0,10.0,0.04164084419608116,-1.0449999570846558,0.0
1178,3.0,27.0,0.11050772666931152,-1.1299999952316284,0.0
1179,3.0,7.0,0.025099370628595352,-1.0299999713897705,0.0
1180,3.0,15.0,0.055921949446201324,-1.0700000524520874,0.0
1181,3.0,7.0,0.027448875829577446,-1.0299999713897705,0.0
1182,3.0,8.0,0.03277590870857239,-1.034999966621399,0.0
1183,3.0,12.0,0.056048303842544556,-1.0549999475479126,0.0
1184,3.0,9.0,0.03418528288602829,-1.0399999618530273,0.0
1185,3.0,17.0,0.07346748560667038,-1.0800000429153442,0.0
1186,3.0,17.0,0.06480565667152405,-1.0800000429153442,0.0
1187,4.0,17.0,0.0791889950633049,2.924999952316284,1.0
1188,3.0,9.0,0.044049959629774094,-1.0399999618530273,0.0
1189,3.0,5.0,0.02255990542471409,-1.0199999809265137,0.0
1190,3.0,9.0,0.033762019127607346,-1.0399999618530273,0.0
1191,3.0,8.0,0.0373760387301445,-1.034999966621399,0.0
1192,5.0,22.0,0.11673851311206818,7.90500020980835,2.0
1193,3.0,43.0,0.18329331278800964,-1.2100000381469727,0.0
1194,4.0,30.0,0.13112424314022064,2.859999895095825,1.0
1195,3.0,12.0,0.04773753881454468,-1.0549999475479126,0.0
1196,3.0,17.0,0.08164288103580475,-1.0800000429153442,0.0
1197,3.0,18.0,0.07308606803417206,-1.0850000381469727,0.0
1198,3.0,3.0,0.012197514995932579,-1.0099999904632568,0.0
1199,4.0,7.0,0.030568841844797134,2.9749999046325684,1.0
1200,3.0,13.0,0.048916708678007126,-1.059999942779541,0.0
1201,3.0,6.0,0.020302489399909973,-1.024999976158142,0.0
1202,3.0,3.0,0.007427989039570093,-1.0099999904632568,0.0
1203,3.0,14.0,0.05649271607398987,-1.065000057220459,0.0
1204,4.0,9.0,0.05143610015511513,2.9649999141693115,1.0
1205,3.0,11.0,0.05441095679998398,-1.0499999523162842,0.0
1206,4.0,27.0,0.1258484572172165,2.875,1.0
1207,4.0,39.0,0.1645248383283615,2.815000057220459,1.0
1208,3.0,3.0,0.01386446412652731,-1.0099999904632568,0.0
1209,3.0,4.0,0.02313639223575592,-1.0149999856948853,0.0
1210,3.0,10.0,0.050185780972242355,-1.0449999570846558,0.0
1211,3.0,3.0,0.01270761713385582,-1.0099999904632568,0.0
1212,3.0,3.0,0.011387397535145283,-1.0099999904632568,0.0
1213,3.0,13.0,0.0576658733189106,-1.059999942779541,0.0
1214,4.0,17.0,0.10921637713909149,2.924999952316284,1.0
1215,3.0,15.0,0.09253060072660446,-1.0700000524520874,0.0
1216,3.0,22.0,0.10572420805692673,-1.1050000190734863,0.0
1217,4.0,39.0,0.1597352772951126,2.815000057220459,1.0
1218,4.0,11.0,0.05892686918377876,2.9549999237060547,1.0
1219,3.0,7.0,0.03921956196427345,-1.0299999713897705,0.0
1220,4.0,13.0,0.08193125575780869,2.944999933242798,1.0
1221,3.0,4.0,0.016055874526500702,-1.0149999856948853,0.0
1222,3.0,7.0,0.03199025243520737,-1.0299999713897705,0.0
1223,3.0,3.0,0.013494917191565037,-1.0099999904632568,0.0
1224,3.0,49.0,0.20181787014007568,-1.2400000095367432,0.0
1225,3.0,4.0,0.014098194427788258,-1.0149999856948853,0.0
1226,4.0,20.0,0.0724731832742691,2.9100000858306885,1.0
1227,3.0,53.0,0.2157684713602066,-1.2599999904632568,0.0
1228,3.0,11.0,0.056729283183813095,-1.0499999523162842,0.0
1229,3.0,6.0,0.0226035974919796,-1.024999976158142,0.0
1230,4.0,70.0,0.3149350881576538,2.6600000858306885,1.0
1231,3.0,4.0,0.018217038363218307,-1.0149999856948853,0.0
1232,3.0,7.0,0.030851442366838455,-1.0299999713897705,0.0
1233,3.0,11.0,0.0710284486413002,-1.0499999523162842,0.0
1234,3.0,13.0,0.05255943536758423,-1.059999942779541,0.0
1235,3.0,13.0,0.06201237440109253,-1.059999942779541,0.0
1236,3.0,32.0,0.13061901926994324,-1.1549999713897705,0.0
1237,4.0,19.0,0.08569624274969101,2.9149999618530273,1.0
1238,4.0,5.0,0.021963724866509438,2.984999895095825,1.0
1239,3.0,4.0,0.01646401733160019,-1.0149999856948853,0.0
1240,4.0,23.0,0.09347984194755554,2.8949999809265137,1.0
1241,3.0,35.0,0.15565073490142822,-1.1699999570846558,0.0
1242,5.0,11.0,0.0478142648935318,7.960000038146973,2.0
1243,3.0,6.0,0.024700123816728592,-1.024999976158142,0.0
1244,3.0,8.0,0.036816153675317764,-1.034999966621399,0.0
1245,3.0,12.0,0.047680847346782684,-1.0549999475479126,0.0
1246,3.0,23.0,0.08728291094303131,-1.1100000143051147,0.0
1247,3.0,10.0,0.04330793768167496,-1.0449999570846558,0.0
1248,4.0,14.0,0.06013040617108345,2.940000057220459,1.0
1249,4.0,19.0,0.0787295401096344,2.9149999618530273,1.0
1250,4.0,11.0,0.03461512550711632,2.9549999237060547,1.0
1251,3.0,5.0,0.016495537012815475,-1.0199999809265137,0.0
1252,3.0,4.0,0.013435203582048416,-1.0149999856948853,0.0
1253,3.0,26.0,0.12142502516508102,-1.125,0.0
1254,4.0,40.0,0.16435450315475464,2.809999942779541,1.0
1255,3.0,4.0,0.01861291565001011,-1.0149999856948853,0.0
1256,5.0,43.0,0.1802901178598404,7.800000190734863,2.0
1257,5.0,15.0,0.068019799888134,7.940000057220459,2.0
1258,3.0,12.0,0.04953634366393089,-1.0549999475479126,0.0
1259,3.0,19.0,0.08941438049077988,-1.090000033378601,0.0
1260,3.0,55.0,0.25941646099090576,-1.2699999809265137,0.0
1261,3.0,5.0,0.02045135386288166,-1.0199999809265137,0.0
1262,4.0,25.0,0.10470520704984665,2.884999990463257,1.0
1263,4.0,62.0,0.2464921474456787,2.700000047683716,1.0
1264,4.0,13.0,0.05253160744905472,2.944999933242798,1.0
1265,3.0,13.0,0.06334438920021057,-1.059999942779541,0.0
1266,3.0,16.0,0.07202974706888199,-1.0750000476837158,0.0
1267,4.0,13.0,0.06269018352031708,2.944999933242798,1.0
1268,3.0,6.0,0.02628638595342636,-1.024999976158142,0.0
1269,3.0,12.0,0.06402312219142914,-1.0549999475479126,0.0
1270,3.0,11.0,0.042192500084638596,-1.0499999523162842,0.0
1271,3.0,22.0,0.0789904072880745,-1.1050000190734863,0.0
1272,3.0,5.0,0.02721583843231201,-1.0199999809265137,0.0
1273,4.0,9.0,0.04036617651581764,2.9649999141693115,1.0
1274,3.0,19.0,0.07270844280719757,-1.090000033378601,0.0
1275,6.0,74.0,0.36052805185317993,13.649999618530273,3.0
1276,4.0,36.0,0.14993682503700256,2.8299999237060547,1.0
1277,3.0,4.0,0.018738973885774612,-1.0149999856948853,0.0
1278,3.0,17.0,0.0726647898554802,-1.0800000429153442,0.0
1279,3.0,12.0,0.05865025520324707,-1.0549999475479126,0.0
1280,4.0,12.0,0.04894360527396202,2.950000047683716,1.0
1281,4.0,13.0,0.06228224188089371,2.944999933242798,1.0
1282,3.0,31.0,0.18712866306304932,-1.149999976158142,0.0
1283,3.0,5.0,0.04826086387038231,-1.0199999809265137,0.0
1284,3.0,6.0,0.03912965953350067,-1.024999976158142,0.0
1285,3.0,14.0,0.07397229969501495,-1.065000057220459,0.0
1286,3.0,4.0,0.01936938241124153,-1.0149999856948853,0.0
1287,4.0,12.0,0.050784170627593994,2.950000047683716,1.0
1288,4.0,10.0,0.04689117148518562,2.9600000381469727,1.0
1289,3.0,15.0,0.07979197055101395,-1.0700000524520874,0.0
1290,3.0,9.0,0.05024666339159012,-1.0399999618530273,0.0
1291,3.0,3.0,0.02093702182173729,-1.0099999904632568,0.0
1292,3.0,17.0,0.10021331161260605,-1.0800000429153442,0.0
1293,4.0,3.0,0.012533627450466156,2.994999885559082,1.0
1294,3.0,23.0,0.11552146077156067,-1.1100000143051147,0.0
1295,3.0,14.0,0.06246171519160271,-1.065000057220459,0.0
1296,3.0,4.0,0.014819911681115627,-1.0149999856948853,0.0
1297,4.0,28.0,0.16004107892513275,2.869999885559082,1.0
1298,3.0,10.0,0.040225692093372345,-1.0449999570846558,0.0
1299,3.0,3.0,0.013382449746131897,-1.0099999904632568,0.0
1300,3.0,17.0,0.10277386009693146,-1.0800000429153442,0.0
1301,3.0,5.0,0.02767755091190338,-1.0199999809265137,0.0
1302,3.0,29.0,0.1629653126001358,-1.1399999856948853,0.0
1303,3.0,12.0,0.10384327173233032,-1.0549999475479126,0.0
1304,3.0,7.0,0.038909196853637695,-1.0299999713897705,0.0
1305,3.0,8.0,0.0428379625082016,-1.034999966621399,0.0
1306,3.0,10.0,0.03324971720576286,-1.0449999570846558,0.0
1307,3.0,18.0,0.09133546054363251,-1.0850000381469727,0.0
1308,4.0,15.0,0.09188371896743774,2.934999942779541,1.0
1309,4.0,95.0,0.40027931332588196,2.5350000858306885,1.0
1310,3.0,7.0,0.049795400351285934,-1.0299999713897705,0.0
1311,4.0,23.0,0.12639950215816498,2.8949999809265137,1.0
1312,4.0,23.0,0.10415704548358917,2.8949999809265137,1.0
1313,3.0,11.0,0.08621303737163544,-1.0499999523162842,0.0
1314,3.0,4.0,0.018044335767626762,-1.0149999856948853,0.0
1315,3.0,24.0,0.08854353427886963,-1.1150000095367432,0.0
1316,4.0,27.0,0.14236034452915192,2.875,1.0
1317,3.0,7.0,0.028619039803743362,-1.0299999713897705,0.0
1318,3.0,8.0,0.025618914514780045,-1.034999966621399,0.0
1319,3.0,11.0,0.03904212638735771,-1.0499999523162842,0.0
1320,4.0,17.0,0.0868893414735794,2.924999952316284,1.0
1321,3.0,5.0,0.02442837879061699,-1.0199999809265137,0.0
1322,4.0,22.0,0.11064637452363968,2.9000000953674316,1.0
1323,3.0,6.0,0.020642541348934174,-1.024999976158142,0.0
1324,3.0,5.0,0.016748860478401184,-1.0199999809265137,0.0
1325,3.0,52.0,0.21765030920505524,-1.2549999952316284,0.0
1326,3.0,9.0,0.048214998096227646,-1.0399999618530273,0.0
1327,3.0,14.0,0.0652029812335968,-1.065000057220459,0.0
1328,4.0,19.0,0.11462859064340591,2.9149999618530273,1.0
1329,3.0,5.0,0.026836339384317398,-1.0199999809265137,0.0
1330,3.0,4.0,0.020780300721526146,-1.0149999856948853,0.0
1331,3.0,32.0,0.1506488025188446,-1.1549999713897705,0.0
1332,3.0,24.0,0.09900978207588196,-1.1150000095367432,0.0
1333,3.0,12.0,0.0720512866973877,-1.0549999475479126,0.0
1334,3.0,4.0,0.023482143878936768,-1.0149999856948853,0.0
1335,4.0,32.0,0.14231498539447784,2.8499999046325684,1.0
1336,3.0,5.0,0.018460288643836975,-1.0199999809265137,0.0
1337,3.0,3.0,0.010060500353574753,-1.0099999904632568,0.0
1338,3.0,34.0,0.15312545001506805,-1.1649999618530273,0.0
1339,3.0,10.0,0.0472366027534008,-1.0449999570846558,0.0
1340,3.0,5.0,0.019515424966812134,-1.0199999809265137,0.0
1341,3.0,29.0,0.11165378987789154,-1.1399999856948853,0.0
1342,3.0,12.0,0.043862488120794296,-1.0549999475479126,0.0
1343,4.0,9.0,0.04085387662053108,2.9649999141693115,1.0
1344,5.0,28.0,0.13770903646945953,7.875,2.0
1345,3.0,12.0,0.04389297217130661,-1.0549999475479126,0.0
1346,4.0,8.0,0.026541870087385178,2.9700000286102295,1.0
1347,3.0,11.0,0.04318283498287201,-1.0499999523162842,0.0
1348,4.0,27.0,0.09715545922517776,2.875,1.0
1349,3.0,25.0,0.12022783607244492,-1.1200000047683716,0.0
1350,3.0,50.0,0.21303212642669678,-1.2450000047683716,0.0
1351,3.0,7.0,0.025210991501808167,-1.0299999713897705,0.0
1352,3.0,33.0,0.15108346939086914,-1.159999966621399,0.0
1353,3.0,12.0,0.04208213835954666,-1.0549999475479126,0.0
1354,3.0,5.0,0.018694784492254257,-1.0199999809265137,0.0
1355,3.0,17.0,0.07324700802564621,-1.0800000429153442,0.0
1356,3.0,25.0,0.09912990033626556,-1.1200000047683716,0.0
1357,3.0,4.0,0.018188485875725746,-1.0149999856948853,0.0
1358,3.0,20.0,0.10273494571447372,-1.0950000286102295,0.0
1359,3.0,4.0,0.021069476380944252,-1.0149999856948853,0.0
1360,4.0,22.0,0.09282753616571426,2.9000000953674316,1.0
1361,3.0,12.0,0.054128214716911316,-1.0549999475479126,0.0
1362,4.0,16.0,0.0632685050368309,2.930000066757202,1.0
1363,3.0,5.0,0.02275175228714943,-1.0199999809265137,0.0
1364,3.0,10.0,0.03694826737046242,-1.0449999570846558,0.0
1365,3.0,23.0,0.090571828186512,-1.1100000143051147,0.0
1366,3.0,4.0,0.016707565635442734,-1.0149999856948853,0.0
1367,3.0,4.0,0.022442912682890892,-1.0149999856948853,0.0
1368,3.0,3.0,0.011594467796385288,-1.0099999904632568,0.0
1369,3.0,11.0,0.03391304239630699,-1.0499999523162842,0.0
1370,5.0,39.0,0.20256252586841583,7.820000171661377,2.0
1371,3.0,6.0,0.02592414990067482,-1.024999976158142,0.0
1372,5.0,24.0,0.10895316302776337,7.894999980926514,2.0
1373,3.0,19.0,0.07757272571325302,-1.090000033378601,0.0
1374,3.0,52.0,0.24213476479053497,-1.2549999952316284,0.0
1375,3.0,5.0,0.016873830929398537,-1.0199999809265137,0.0
1376,3.0,59.0,0.2661207616329193,-1.2899999618530273,0.0
1377,4.0,29.0,0.09788490831851959,2.865000009536743,1.0
1378,5.0,26.0,0.10791601985692978,7.885000228881836,2.0
1379,3.0,5.0,0.02258131466805935,-1.0199999809265137,0.0
1380,3.0,17.0,0.07019354403018951,-1.0800000429153442,0.0
1381,3.0,7.0,0.02424231730401516,-1.0299999713897705,0.0
1382,3.0,22.0,0.08762601017951965,-1.1050000190734863,0.0
1383,4.0,33.0,0.1254146248102188,2.8450000286102295,1.0
1384,4.0,25.0,0.11499608308076859,2.884999990463257,1.0
1385,3.0,17.0,0.07090860605239868,-1.0800000429153442,0.0
1386,4.0,63.0,0.2738184332847595,2.694999933242798,1.0
1387,3.0,6.0,0.021197553724050522,-1.024999976158142,0.0
1388,3.0,10.0,0.04817895218729973,-1.0449999570846558,0.0
1389,3.0,25.0,0.08655072748661041,-1.1200000047683716,0.0
1390,3.0,27.0,0.1368539184331894,-1.1299999952316284,0.0
1391,4.0,4.0,0.013518709689378738,2.990000009536743,1.0
1392,4.0,14.0,0.06645328551530838,2.940000057220459,1.0
1393,3.0,15.0,0.08978231251239777,-1.0700000524520874,0.0
1394,3.0,13.0,0.0634627416729927,-1.059999942779541,0.0
1395,3.0,25.0,0.09816916286945343,-1.1200000047683716,0.0
1396,3.0,18.0,0.05843449756503105,-1.0850000381469727,0.0
1397,3.0,26.0,0.12107668071985245,-1.125,0.0
1398,7.0,99.0,0.37788110971450806,20.530000686645508,4.0
1399,3.0,13.0,0.04995926097035408,-1.059999942779541,0.0
1400,4.0,22.0,0.08744088560342789,2.9000000953674316,1.0
1401,4.0,12.0,0.05095015466213226,2.950000047683716,1.0
1402,3.0,26.0,0.13766393065452576,-1.125,0.0
1403,3.0,24.0,0.10143186151981354,-1.1150000095367432,0.0
1404,3.0,16.0,0.07671409845352173,-1.0750000476837158,0.0
1405,4.0,27.0,0.11956675350666046,2.875,1.0
1406,3.0,14.0,0.06308536976575851,-1.065000057220459,0.0
1407,5.0,19.0,0.08387202769517899,7.920000076293945,2.0
1408,3.0,61.0,0.23134079575538635,-1.2999999523162842,0.0
1409,4.0,12.0,0.056435227394104004,2.950000047683716,1.0
1410,3.0,22.0,0.07956639677286148,-1.1050000190734863,0.0
1411,4.0,8.0,0.031122460961341858,2.9700000286102295,1.0
1412,4.0,15.0,0.05978367105126381,2.934999942779541,1.0
1413,3.0,3.0,0.008708840236067772,-1.0099999904632568,0.0
1414,3.0,4.0,0.00826829019933939,-1.0149999856948853,0.0
1415,3.0,9.0,0.0256500281393528,-1.0399999618530273,0.0
1416,4.0,9.0,0.03141015022993088,2.9649999141693115,1.0
1417,3.0,7.0,0.02464924193918705,-1.0299999713897705,0.0
1418,3.0,5.0,0.024681897833943367,-1.0199999809265137,0.0
1419,3.0,5.0,0.02352830581367016,-1.0199999809265137,0.0
1420,3.0,5.0,0.022117815911769867,-1.0199999809265137,0.0
1421,4.0,59.0,0.2281532883644104,2.7149999141693115,1.0
1422,3.0,4.0,0.015272226184606552,-1.0149999856948853,0.0
1423,4.0,43.0,0.1912628561258316,2.7950000762939453,1.0
1424,3.0,4.0,0.01481849979609251,-1.0149999856948853,0.0
1425,3.0,6.0,0.02417551353573799,-1.024999976158142,0.0
1426,3.0,9.0,0.0489092580974102,-1.0399999618530273,0.0
1427,3.0,6.0,0.027574973180890083,-1.024999976158142,0.0
1428,3.0,6.0,0.026729822158813477,-1.024999976158142,0.0
1429,4.0,18.0,0.08887436985969543,2.9200000762939453,1.0
1430,3.0,5.0,0.024716902524232864,-1.0199999809265137,0.0
1431,5.0,45.0,0.20951524376869202,7.789999961853027,2.0
1432,3.0,7.0,0.02492316998541355,-1.0299999713897705,0.0
1433,3.0,23.0,0.10081357508897781,-1.1100000143051147,0.0
1434,3.0,4.0,0.017329417169094086,-1.0149999856948853,0.0
1435,3.0,3.0,0.010359193198382854,-1.0099999904632568,0.0
1436,3.0,11.0,0.04085785150527954,-1.0499999523162842,0.0
1437,4.0,16.0,0.06565786898136139,2.930000066757202,1.0
1438,5.0,22.0,0.1224847212433815,7.90500020980835,2.0
1439,3.0,9.0,0.03472326323390007,-1.0399999618530273,0.0
1440,3.0,9.0,0.04074297100305557,-1.0399999618530273,0.0
1441,4.0,29.0,0.11228355765342712,2.865000009536743,1.0
1442,4.0,12.0,0.04196188226342201,2.950000047683716,1.0
1443,4.0,27.0,0.1540781706571579,2.875,1.0
1444,4.0,26.0,0.10932756215333939,2.880000114440918,1.0
1445,4.0,12.0,0.04975738748908043,2.950000047683716,1.0
1446,3.0,4.0,0.013603121042251587,-1.0149999856948853,0.0
1447,3.0,11.0,0.040338777005672455,-1.0499999523162842,0.0
1448,3.0,11.0,0.04355718195438385,-1.0499999523162842,0.0
1449,3.0,8.0,0.043679192662239075,-1.034999966621399,0.0
1450,3.0,13.0,0.05546661466360092,-1.059999942779541,0.0
1451,4.0,58.0,0.22543464601039886,2.7200000286102295,1.0
1452,4.0,30.0,0.14363819360733032,2.859999895095825,1.0
1453,4.0,7.0,0.042458947747945786,2.9749999046325684,1.0
1454,3.0,6.0,0.026566751301288605,-1.024999976158142,0.0
1455,3.0,5.0,0.025485794991254807,-1.0199999809265137,0.0
1456,4.0,36.0,0.14376625418663025,2.8299999237060547,1.0
1457,3.0,57.0,0.26064354181289673,-1.2799999713897705,0.0
1458,3.0,8.0,0.032292284071445465,-1.034999966621399,0.0
1459,3.0,13.0,0.04989895969629288,-1.059999942779541,0.0
1460,4.0,24.0,0.09260912239551544,2.890000104904175,1.0
1461,3.0,29.0,0.12583814561367035,-1.1399999856948853,0.0
1462,5.0,69.0,0.34022000432014465,7.670000076293945,2.0
1463,3.0,20.0,0.09231647104024887,-1.0950000286102295,0.0
1464,3.0,8.0,0.028507031500339508,-1.034999966621399,0.0
1465,4.0,62.0,0.24766726791858673,2.700000047683716,1.0
1466,4.0,27.0,0.15073922276496887,2.875,1.0
1467,3.0,11.0,0.046722084283828735,-1.0499999523162842,0.0
1468,4.0,10.0,0.0420166440308094,2.9600000381469727,1.0
1469,5.0,19.0,0.06909419596195221,7.920000076293945,2.0
1470,3.0,5.0,0.022772198542952538,-1.0199999809265137,0.0
1471,4.0,27.0,0.1231735423207283,2.875,1.0
1472,4.0,51.0,0.22802190482616425,2.755000114440918,1.0
1473,3.0,23.0,0.10452791303396225,-1.1100000143051147,0.0
1474,3.0,5.0,0.02793998084962368,-1.0199999809265137,0.0
1475,5.0,34.0,0.149882972240448,7.84499979019165,2.0
1476,3.0,13.0,0.05745874345302582,-1.059999942779541,0.0
1477,3.0,7.0,0.038438502699136734,-1.0299999713897705,0.0
1478,3.0,15.0,0.09055005759000778,-1.0700000524520874,0.0
1479,3.0,7.0,0.05343104153871536,-1.0299999713897705,0.0
1480,4.0,15.0,0.07576369494199753,2.934999942779541,1.0
1481,4.0,46.0,0.1784818470478058,2.7799999713897705,1.0
1482,4.0,8.0,0.026512181386351585,2.9700000286102295,1.0
1483,4.0,16.0,0.05962128937244415,2.930000066757202,1.0
1484,3.0,18.0,0.0795961245894432,-1.0850000381469727,0.0
1485,4.0,5.0,0.014261642470955849,2.984999895095825,1.0
1486,3.0,6.0,0.020431607961654663,-1.024999976158142,0.0
1487,3.0,7.0,0.03537144884467125,-1.0299999713897705,0.0
1488,4.0,63.0,0.3008180260658264,2.694999933242798,1.0
1489,3.0,8.0,0.0441141314804554,-1.034999966621399,0.0
1490,3.0,7.0,0.02631109207868576,-1.0299999713897705,0.0
1491,3.0,6.0,0.01889343559741974,-1.024999976158142,0.0
1492,3.0,8.0,0.028966978192329407,-1.034999966621399,0.0
1493,4.0,13.0,0.05570205673575401,2.944999933242798,1.0
1494,4.0,8.0,0.04399855062365532,2.9700000286102295,1.0
1495,3.0,12.0,0.0469118170440197,-1.0549999475479126,0.0
1496,3.0,25.0,0.1025635153055191,-1.1200000047683716,0.0
1497,3.0,18.0,0.0785456970334053,-1.0850000381469727,0.0
1498,4.0,33.0,0.13944274187088013,2.8450000286102295,1.0
1499,3.0,7.0,0.036775264889001846,-1.0299999713897705,0.0
1500,4.0,4.0,0.01967192068696022,2.990000009536743,1.0
1501,5.0,57.0,0.22254051268100739,7.730000019073486,2.0
1502,3.0,26.0,0.10386592894792557,-1.125,0.0
1503,3.0,5.0,0.016226213425397873,-1.0199999809265137,0.0
1504,3.0,12.0,0.048239566385746,-1.0549999475479126,0.0
1505,3.0,11.0,0.05117218196392059,-1.0499999523162842,0.0
1506,3.0,10.0,0.03206190839409828,-1.0449999570846558,0.0
1507,3.0,7.0,0.020694170147180557,-1.0299999713897705,0.0
1508,4.0,3.0,0.010834917426109314,2.994999885559082,1.0
1509,4.0,45.0,0.18281379342079163,2.7850000858306885,1.0
1510,4.0,63.0,0.28260329365730286,2.694999933242798,1.0
1511,3.0,28.0,0.15084309875965118,-1.1349999904632568,0.0
1512,4.0,9.0,0.03592625632882118,2.9649999141693115,1.0
1513,3.0,6.0,0.023899592459201813,-1.024999976158142,0.0
1514,4.0,66.0,0.26711779832839966,2.680000066757202,1.0
1515,3.0,7.0,0.030574800446629524,-1.0299999713897705,0.0
1516,4.0,35.0,0.1474018543958664,2.8350000381469727,1.0
1517,3.0,25.0,0.07826949656009674,-1.1200000047683716,0.0
1518,3.0,8.0,0.030918020755052567,-1.034999966621399,0.0
1519,5.0,25.0,0.09137584269046783,7.889999866485596,2.0
1520,5.0,47.0,0.17967690527439117,7.78000020980835,2.0
1521,3.0,5.0,0.023797817528247833,-1.0199999809265137,0.0
1522,3.0,8.0,0.048691969364881516,-1.034999966621399,0.0
1523,3.0,6.0,0.030155008658766747,-1.024999976158142,0.0
1524,3.0,4.0,0.01415209099650383,-1.0149999856948853,0.0
1525,3.0,10.0,0.04336969926953316,-1.0449999570846558,0.0
1526,3.0,31.0,0.15032602846622467,-1.149999976158142,0.0
1527,3.0,18.0,0.07766532152891159,-1.0850000381469727,0.0
1528,5.0,49.0,0.1921561062335968,7.769999980926514,2.0
1529,3.0,16.0,0.07150454819202423,-1.0750000476837158,0.0
1530,3.0,13.0,0.054544597864151,-1.059999942779541,0.0
1531,4.0,49.0,0.19568279385566711,2.765000104904175,1.0
1532,4.0,11.0,0.04329002648591995,2.9549999237060547,1.0
1533,4.0,29.0,0.12032841145992279,2.865000009536743,1.0
1534,3.0,7.0,0.028838619589805603,-1.0299999713897705,0.0
1535,3.0,37.0,0.14608532190322876,-1.1799999475479126,0.0
1536,3.0,26.0,0.10135120898485184,-1.125,0.0
1537,3.0,64.0,0.2747860848903656,-1.315000057220459,0.0
1538,4.0,33.0,0.13827501237392426,2.8450000286102295,1.0
1539,3.0,6.0,0.022727416828274727,-1.024999976158142,0.0
1540,4.0,19.0,0.0696491003036499,2.9149999618530273,1.0
1541,3.0,24.0,0.10669119656085968,-1.1150000095367432,0.0
1542,4.0,14.0,0.06939028203487396,2.940000057220459,1.0
1543,3.0,8.0,0.04379412531852722,-1.034999966621399,0.0
1544,3.0,39.0,0.1770096868276596,-1.190000057220459,0.0
1545,3.0,12.0,0.05508085712790489,-1.0549999475479126,0.0
1546,3.0,11.0,0.04524311423301697,-1.0499999523162842,0.0
1547,5.0,38.0,0.15192967653274536,7.824999809265137,2.0
1548,3.0,18.0,0.09636786580085754,-1.0850000381469727,0.0
1549,4.0,29.0,0.14630968868732452,2.865000009536743,1.0
1550,3.0,26.0,0.09714140743017197,-1.125,0.0
1551,5.0,33.0,0.1372433602809906,7.849999904632568,2.0
1552,3.0,4.0,0.016084525734186172,-1.0149999856948853,0.0
1553,5.0,52.0,0.21310648322105408,7.755000114440918,2.0
1554,4.0,5.0,0.023895660415291786,2.984999895095825,1.0
1555,4.0,27.0,0.10523775219917297,2.875,1.0
1556,3.0,13.0,0.053111542016267776,-1.059999942779541,0.0
1557,3.0,18.0,0.0658094584941864,-1.0850000381469727,0.0
1558,5.0,37.0,0.16030669212341309,7.829999923706055,2.0
1559,5.0,35.0,0.14803531765937805,7.840000152587891,2.0
1560,4.0,55.0,0.2781085968017578,2.734999895095825,1.0
1561,3.0,4.0,0.02289704605937004,-1.0149999856948853,0.0
1562,3.0,38.0,0.17234955728054047,-1.184999942779541,0.0
1563,4.0,46.0,0.21254147589206696,2.7799999713897705,1.0
1564,3.0,12.0,0.051094911992549896,-1.0549999475479126,0.0
1565,4.0,46.0,0.22698551416397095,2.7799999713897705,1.0
1566,3.0,56.0,0.2455962896347046,-1.274999976158142,0.0
1567,3.0,13.0,0.07248308509588242,-1.059999942779541,0.0
1568,5.0,29.0,0.12907114624977112,7.869999885559082,2.0
1569,3.0,11.0,0.045962754637002945,-1.0499999523162842,0.0
1570,4.0,7.0,0.024753209203481674,2.9749999046325684,1.0
1571,5.0,24.0,0.10515047609806061,7.894999980926514,2.0
1572,3.0,9.0,0.061194900423288345,-1.0399999618530273,0.0
1573,3.0,11.0,0.05412162467837334,-1.0499999523162842,0.0
1574,3.0,7.0,0.023105472326278687,-1.0299999713897705,0.0
1575,4.0,7.0,0.02624719962477684,2.9749999046325684,1.0
1576,3.0,5.0,0.014109065756201744,-1.0199999809265137,0.0
1577,3.0,5.0,0.01982063055038452,-1.0199999809265137,0.0
1578,3.0,48.0,0.2363528460264206,-1.2350000143051147,0.0
1579,3.0,29.0,0.11645526438951492,-1.1399999856948853,0.0
1580,3.0,19.0,0.06999210268259048,-1.090000033378601,0.0
1581,3.0,11.0,0.047799866646528244,-1.0499999523162842,0.0
1582,4.0,37.0,0.15682019293308258,2.825000047683716,1.0
1583,3.0,45.0,0.22979596257209778,-1.2200000286102295,0.0
1584,4.0,15.0,0.07198988646268845,2.934999942779541,1.0
1585,4.0,22.0,0.11346770077943802,2.9000000953674316,1.0
1586,3.0,4.0,0.018679236993193626,-1.0149999856948853,0.0
1587,3.0,35.0,0.15573570132255554,-1.1699999570846558,0.0
1588,3.0,13.0,0.06315729022026062,-1.059999942779541,0.0
1589,3.0,11.0,0.051306866109371185,-1.0499999523162842,0.0
1590,3.0,14.0,0.06659378111362457,-1.065000057220459,0.0
1591,3.0,8.0,0.031070951372385025,-1.034999966621399,0.0
1592,5.0,27.0,0.0951322466135025,7.880000114440918,2.0
1593,3.0,11.0,0.03582730144262314,-1.0499999523162842,0.0
1594,4.0,17.0,0.06793396174907684,2.924999952316284,1.0
1595,3.0,9.0,0.0406554751098156,-1.0399999618530273,0.0
1596,4.0,9.0,0.03428379073739052,2.9649999141693115,1.0
1597,3.0,4.0,0.024148771539330482,-1.0149999856948853,0.0
1598,3.0,8.0,0.04282525181770325,-1.034999966621399,0.0
1599,3.0,11.0,0.050242215394973755,-1.0499999523162842,0.0
1600,3.0,5.0,0.020954521372914314,-1.0199999809265137,0.0
1601,3.0,61.0,0.23377449810504913,-1.2999999523162842,0.0
1602,3.0,7.0,0.027773959562182426,-1.0299999713897705,0.0
1603,4.0,14.0,0.05513497069478035,2.940000057220459,1.0
1604,3.0,9.0,0.046848416328430176,-1.0399999618530273,0.0
1605,6.0,89.0,0.42443010210990906,13.574999809265137,3.0
1606,3.0,23.0,0.11092773079872131,-1.1100000143051147,0.0
1607,3.0,10.0,0.04403768479824066,-1.0449999570846558,0.0
1608,4.0,5.0,0.01868547685444355,2.984999895095825,1.0
1609,3.0,5.0,0.01857474446296692,-1.0199999809265137,0.0
1610,4.0,11.0,0.037453800439834595,2.9549999237060547,1.0
1611,3.0,3.0,0.010494040325284004,-1.0099999904632568,0.0
1612,3.0,5.0,0.019968096166849136,-1.0199999809265137,0.0
1613,5.0,10.0,0.03760388866066933,7.965000152587891,2.0
1614,3.0,6.0,0.018653886392712593,-1.024999976158142,0.0
1615,3.0,21.0,0.08263488858938217,-1.100000023841858,0.0
1616,3.0,16.0,0.07043188810348511,-1.0750000476837158,0.0
1617,4.0,9.0,0.04171506315469742,2.9649999141693115,1.0
1618,3.0,13.0,0.07532887160778046,-1.059999942779541,0.0
1619,3.0,35.0,0.14318397641181946,-1.1699999570846558,0.0
1620,3.0,7.0,0.03133707866072655,-1.0299999713897705,0.0
1621,5.0,17.0,0.07803583145141602,7.929999828338623,2.0
1622,4.0,25.0,0.1116965115070343,2.884999990463257,1.0
1623,4.0,24.0,0.14479246735572815,2.890000104904175,1.0
1624,3.0,19.0,0.08010092377662659,-1.090000033378601,0.0
1625,3.0,7.0,0.03673071786761284,-1.0299999713897705,0.0
1626,3.0,19.0,0.07775039225816727,-1.090000033378601,0.0
1627,3.0,10.0,0.03801373392343521,-1.0449999570846558,0.0
1628,3.0,5.0,0.01926511339843273,-1.0199999809265137,0.0
1629,5.0,38.0,0.1445910930633545,7.824999809265137,2.0
1630,3.0,7.0,0.02841056138277054,-1.0299999713897705,0.0
1631,3.0,4.0,0.01857244223356247,-1.0149999856948853,0.0
1632,4.0,11.0,0.05242118611931801,2.9549999237060547,1.0
1633,5.0,57.0,0.24778369069099426,7.730000019073486,2.0
1634,4.0,27.0,0.1184254139661789,2.875,1.0
1635,3.0,7.0,0.037817634642124176,-1.0299999713897705,0.0
1636,3.0,70.0,0.31842178106307983,-1.3450000286102295,0.0
1637,4.0,42.0,0.1966353952884674,2.799999952316284,1.0
1638,3.0,26.0,0.10096614062786102,-1.125,0.0
1639,4.0,23.0,0.08474636822938919,2.8949999809265137,1.0
1640,4.0,8.0,0.03442747890949249,2.9700000286102295,1.0
1641,3.0,4.0,0.015899313613772392,-1.0149999856948853,0.0
1642,3.0,10.0,0.03917169198393822,-1.0449999570846558,0.0
1643,3.0,6.0,0.029841260984539986,-1.024999976158142,0.0
1644,3.0,7.0,0.027433333918452263,-1.0299999713897705,0.0
1645,3.0,9.0,0.04486924782395363,-1.0399999618530273,0.0
1646,4.0,8.0,0.03157389163970947,2.9700000286102295,1.0
1647,4.0,11.0,0.03929101303219795,2.9549999237060547,1.0
1648,4.0,6.0,0.021016938611865044,2.9800000190734863,1.0
1649,3.0,5.0,0.0200192928314209,-1.0199999809265137,0.0
1650,3.0,10.0,0.031258806586265564,-1.0449999570846558,0.0
1651,3.0,18.0,0.0785711258649826,-1.0850000381469727,0.0
1652,4.0,14.0,0.060805514454841614,2.940000057220459,1.0
1653,4.0,18.0,0.08152300864458084,2.9200000762939453,1.0
1654,3.0,44.0,0.15499448776245117,-1.215000033378601,0.0
1655,4.0,33.0,0.16378267109394073,2.8450000286102295,1.0
1656,3.0,10.0,0.033684778958559036,-1.0449999570846558,0.0
1657,4.0,6.0,0.017886681482195854,2.9800000190734863,1.0
1658,3.0,29.0,0.14092975854873657,-1.1399999856948853,0.0
1659,3.0,19.0,0.09647698700428009,-1.090000033378601,0.0
1660,3.0,10.0,0.04386458918452263,-1.0449999570846558,0.0
1661,4.0,10.0,0.05168532580137253,2.9600000381469727,1.0
1662,3.0,15.0,0.071028932929039,-1.0700000524520874,0.0
1663,3.0,5.0,0.028910720720887184,-1.0199999809265137,0.0
1664,3.0,5.0,0.030219895765185356,-1.0199999809265137,0.0
1665,5.0,55.0,0.2532503306865692,7.739999771118164,2.0
1666,3.0,4.0,0.021991495043039322,-1.0149999856948853,0.0
1667,3.0,5.0,0.023777304217219353,-1.0199999809265137,0.0
1668,4.0,36.0,0.1406998485326767,2.8299999237060547,1.0
1669,4.0,8.0,0.0322987362742424,2.9700000286102295,1.0
1670,3.0,10.0,0.04229028522968292,-1.0449999570846558,0.0
1671,3.0,4.0,0.0159611776471138,-1.0149999856948853,0.0
1672,4.0,21.0,0.09436995536088943,2.9049999713897705,1.0
1673,4.0,5.0,0.029730144888162613,2.984999895095825,1.0
1674,5.0,10.0,0.03715864568948746,7.965000152587891,2.0
1675,3.0,4.0,0.017947297543287277,-1.0149999856948853,0.0
1676,4.0,5.0,0.02236742153763771,2.984999895095825,1.0
1677,3.0,23.0,0.195768803358078,-1.1100000143051147,0.0
1678,3.0,40.0,0.16875804960727692,-1.1950000524520874,0.0
1679,3.0,27.0,0.11270153522491455,-1.1299999952316284,0.0
1680,3.0,16.0,0.06510040909051895,-1.0750000476837158,0.0
1681,5.0,45.0,0.16708725690841675,7.789999961853027,2.0
1682,3.0,9.0,0.03300155699253082,-1.0399999618530273,0.0
1683,3.0,17.0,0.08838512003421783,-1.0800000429153442,0.0
1684,4.0,48.0,0.21651095151901245,2.7699999809265137,1.0
1685,5.0,39.0,0.15072743594646454,7.820000171661377,2.0
1686,3.0,10.0,0.05328106880187988,-1.0449999570846558,0.0
1687,3.0,14.0,0.06947459280490875,-1.065000057220459,0.0
1688,3.0,10.0,0.05084960535168648,-1.0449999570846558,0.0
1689,3.0,7.0,0.024941567331552505,-1.0299999713897705,0.0
1690,5.0,17.0,0.06393948942422867,7.929999828338623,2.0
1691,4.0,55.0,0.2233521044254303,2.734999895095825,1.0
1692,5.0,36.0,0.14870819449424744,7.835000038146973,2.0
1693,4.0,20.0,0.06372171640396118,2.9100000858306885,1.0
1694,4.0,31.0,0.1194717064499855,2.8550000190734863,1.0
1695,3.0,23.0,0.0949992761015892,-1.1100000143051147,0.0
1696,3.0,8.0,0.036366622895002365,-1.034999966621399,0.0
1697,3.0,11.0,0.04375089332461357,-1.0499999523162842,0.0
1698,3.0,5.0,0.020067105069756508,-1.0199999809265137,0.0
1699,3.0,5.0,0.016710059717297554,-1.0199999809265137,0.0
1700,3.0,25.0,0.09622876346111298,-1.1200000047683716,0.0
1701,3.0,3.0,0.014944655820727348,-1.0099999904632568,0.0
1702,5.0,18.0,0.07172786444425583,7.925000190734863,2.0
1703,4.0,16.0,0.0589141882956028,2.930000066757202,1.0
1704,3.0,15.0,0.06901328265666962,-1.0700000524520874,0.0
1705,3.0,5.0,0.022472407668828964,-1.0199999809265137,0.0
1706,4.0,4.0,0.014663422480225563,2.990000009536743,1.0
1707,3.0,10.0,0.04349489510059357,-1.0449999570846558,0.0
1708,3.0,5.0,0.018974851816892624,-1.0199999809265137,0.0
1709,5.0,47.0,0.18880122900009155,7.78000020980835,2.0
1710,3.0,26.0,0.0994897112250328,-1.125,0.0
1711,6.0,66.0,0.2765320837497711,13.6899995803833,3.0
1712,5.0,23.0,0.09919200092554092,7.900000095367432,2.0
1713,4.0,32.0,0.1325153410434723,2.8499999046325684,1.0
1714,4.0,42.0,0.1793929487466812,2.799999952316284,1.0
1715,4.0,65.0,0.25160592794418335,2.684999942779541,1.0
1716,5.0,20.0,0.09737087786197662,7.914999961853027,2.0
1717,4.0,60.0,0.24823309481143951,2.7100000381469727,1.0
1718,4.0,29.0,0.12167877703905106,2.865000009536743,1.0
1719,4.0,5.0,0.025390850380063057,2.984999895095825,1.0
1720,3.0,15.0,0.06583607941865921,-1.0700000524520874,0.0
1721,3.0,5.0,0.02200925722718239,-1.0199999809265137,0.0
1722,4.0,19.0,0.07956884056329727,2.9149999618530273,1.0
1723,5.0,18.0,0.0832086056470871,7.925000190734863,2.0
1724,4.0,6.0,0.027430839836597443,2.9800000190734863,1.0
1725,3.0,8.0,0.03995634987950325,-1.034999966621399,0.0
1726,3.0,7.0,0.03293020278215408,-1.0299999713897705,0.0
1727,4.0,24.0,0.09769874066114426,2.890000104904175,1.0
1728,5.0,19.0,0.0889720618724823,7.920000076293945,2.0
1729,3.0,5.0,0.02391478419303894,-1.0199999809265137,0.0
1730,6.0,61.0,0.2626465857028961,13.71500015258789,3.0
1731,5.0,16.0,0.0629798024892807,7.934999942779541,2.0
1732,4.0,30.0,0.12992554903030396,2.859999895095825,1.0
1733,5.0,69.0,0.2840496301651001,7.670000076293945,2.0
1734,3.0,5.0,0.0174568984657526,-1.0199999809265137,0.0
1735,4.0,36.0,0.17189118266105652,2.8299999237060547,1.0
1736,4.0,10.0,0.05267250910401344,2.9600000381469727,1.0
1737,3.0,4.0,0.019691860303282738,-1.0149999856948853,0.0
1738,3.0,9.0,0.036701224744319916,-1.0399999618530273,0.0
1739,3.0,8.0,0.03745833411812782,-1.034999966621399,0.0
1740,3.0,25.0,0.1298861801624298,-1.1200000047683716,0.0
1741,3.0,18.0,0.08244267106056213,-1.0850000381469727,0.0
1742,4.0,25.0,0.1094089075922966,2.884999990463257,1.0
1743,3.0,7.0,0.0298001728951931,-1.0299999713897705,0.0
1744,4.0,16.0,0.06602568179368973,2.930000066757202,1.0
1745,3.0,14.0,0.051528867334127426,-1.065000057220459,0.0
1746,4.0,7.0,0.03289182484149933,2.9749999046325684,1.0
1747,3.0,17.0,0.06800337135791779,-1.0800000429153442,0.0
1748,5.0,46.0,0.19482624530792236,7.784999847412109,2.0
1749,4.0,43.0,0.17136304080486298,2.7950000762939453,1.0
1750,5.0,82.0,0.3279968500137329,7.605000019073486,2.0
1751,3.0,11.0,0.04471714794635773,-1.0499999523162842,0.0
1752,3.0,5.0,0.019835786893963814,-1.0199999809265137,0.0
1753,4.0,28.0,0.10560743510723114,2.869999885559082,1.0
1754,3.0,33.0,0.12568563222885132,-1.159999966621399,0.0
1755,4.0,14.0,0.05084662139415741,2.940000057220459,1.0
1756,5.0,11.0,0.05005868151783943,7.960000038146973,2.0
1757,4.0,34.0,0.1329433023929596,2.8399999141693115,1.0
1758,3.0,20.0,0.08297887444496155,-1.0950000286102295,0.0
1759,3.0,5.0,0.017077971249818802,-1.0199999809265137,0.0
1760,3.0,10.0,0.03884109854698181,-1.0449999570846558,0.0
1761,3.0,45.0,0.18256519734859467,-1.2200000286102295,0.0
1762,4.0,24.0,0.11001449823379517,2.890000104904175,1.0
1763,4.0,45.0,0.22416214644908905,2.7850000858306885,1.0
1764,3.0,11.0,0.04677939414978027,-1.0499999523162842,0.0
1765,3.0,14.0,0.06134716421365738,-1.065000057220459,0.0
1766,5.0,43.0,0.18554992973804474,7.800000190734863,2.0
1767,5.0,92.0,0.35724568367004395,7.554999828338623,2.0
1768,4.0,31.0,0.12340785562992096,2.8550000190734863,1.0
1769,4.0,5.0,0.017226900905370712,2.984999895095825,1.0
1770,3.0,30.0,0.13721224665641785,-1.1449999809265137,0.0
1771,4.0,15.0,0.06154628098011017,2.934999942779541,1.0
1772,3.0,39.0,0.16726884245872498,-1.190000057220459,0.0
1773,4.0,9.0,0.03413306921720505,2.9649999141693115,1.0
1774,4.0,23.0,0.1133071780204773,2.8949999809265137,1.0
1775,3.0,20.0,0.07569646835327148,-1.0950000286102295,0.0
1776,4.0,4.0,0.014850487932562828,2.990000009536743,1.0
1777,3.0,12.0,0.051437120884656906,-1.0549999475479126,0.0
1778,3.0,22.0,0.07915333658456802,-1.1050000190734863,0.0
1779,3.0,17.0,0.05783969536423683,-1.0800000429153442,0.0
1780,3.0,36.0,0.13073234260082245,-1.1749999523162842,0.0
1781,3.0,4.0,0.019031792879104614,-1.0149999856948853,0.0
1782,3.0,10.0,0.0582827590405941,-1.0449999570846558,0.0
1783,3.0,17.0,0.08180486410856247,-1.0800000429153442,0.0
1784,5.0,10.0,0.03732533007860184,7.965000152587891,2.0
1785,4.0,30.0,0.11375750601291656,2.859999895095825,1.0
1786,5.0,38.0,0.1347043514251709,7.824999809265137,2.0
1787,5.0,33.0,0.14050081372261047,7.849999904632568,2.0
1788,6.0,15.0,0.07611902058124542,13.944999694824219,3.0
1789,4.0,16.0,0.07019717991352081,2.930000066757202,1.0
1790,4.0,8.0,0.029418539255857468,2.9700000286102295,1.0
1791,5.0,38.0,0.15858787298202515,7.824999809265137,2.0
1792,3.0,16.0,0.058222707360982895,-1.0750000476837158,0.0
1793,4.0,8.0,0.03587555140256882,2.9700000286102295,1.0
1794,3.0,4.0,0.017879555001854897,-1.0149999856948853,0.0
1795,3.0,10.0,0.042344190180301666,-1.0449999570846558,0.0
1796,3.0,5.0,0.02628941275179386,-1.0199999809265137,0.0
1797,4.0,27.0,0.11613676697015762,2.875,1.0
1798,3.0,28.0,0.14282308518886566,-1.1349999904632568,0.0
1799,3.0,8.0,0.032525353133678436,-1.034999966621399,0.0
1800,4.0,23.0,0.09732325375080109,2.8949999809265137,1.0
1801,3.0,5.0,0.02123885229229927,-1.0199999809265137,0.0
1802,3.0,19.0,0.0719347819685936,-1.090000033378601,0.0
1803,3.0,8.0,0.033737678080797195,-1.034999966621399,0.0
1804,3.0,7.0,0.032647084444761276,-1.0299999713897705,0.0
1805,3.0,12.0,0.04241876304149628,-1.0549999475479126,0.0
1806,3.0,7.0,0.026136144995689392,-1.0299999713897705,0.0
1807,3.0,34.0,0.1400557905435562,-1.1649999618530273,0.0
1808,4.0,15.0,0.07455155998468399,2.934999942779541,1.0
1809,5.0,44.0,0.18587751686573029,7.795000076293945,2.0
1810,3.0,78.0,0.33098503947257996,-1.3849999904632568,0.0
1811,3.0,10.0,0.03914160653948784,-1.0449999570846558,0.0
1812,4.0,10.0,0.04944286495447159,2.9600000381469727,1.0
1813,3.0,13.0,0.0549316443502903,-1.059999942779541,0.0
1814,4.0,56.0,0.20157594978809357,2.7300000190734863,1.0
1815,3.0,3.0,0.009697689674794674,-1.0099999904632568,0.0
1816,4.0,46.0,0.17890912294387817,2.7799999713897705,1.0
1817,4.0,10.0,0.029904235154390335,2.9600000381469727,1.0
1818,4.0,19.0,0.08462568372488022,2.9149999618530273,1.0
1819,3.0,35.0,0.13423271477222443,-1.1699999570846558,0.0
1820,5.0,36.0,0.1472778022289276,7.835000038146973,2.0
1821,4.0,13.0,0.047338057309389114,2.944999933242798,1.0
1822,3.0,29.0,0.12249784916639328,-1.1399999856948853,0.0
1823,3.0,4.0,0.015363592654466629,-1.0149999856948853,0.0
1824,5.0,56.0,0.2375166267156601,7.735000133514404,2.0
1825,4.0,10.0,0.04097927361726761,2.9600000381469727,1.0
1826,5.0,64.0,0.26579397916793823,7.695000171661377,2.0
1827,4.0,50.0,0.18882428109645844,2.759999990463257,1.0
1828,3.0,3.0,0.015638897195458412,-1.0099999904632568,0.0
1829,3.0,38.0,0.15740376710891724,-1.184999942779541,0.0
1830,3.0,4.0,0.015443780459463596,-1.0149999856948853,0.0
1831,4.0,44.0,0.17835158109664917,2.7899999618530273,1.0
1832,4.0,39.0,0.13610835373401642,2.815000057220459,1.0
1833,3.0,11.0,0.04834235459566116,-1.0499999523162842,0.0
1834,3.0,18.0,0.07458797842264175,-1.0850000381469727,0.0
1835,4.0,14.0,0.05349266529083252,2.940000057220459,1.0
1836,3.0,15.0,0.06676898896694183,-1.0700000524520874,0.0
1837,3.0,14.0,0.052627209573984146,-1.065000057220459,0.0
1838,3.0,32.0,0.14507442712783813,-1.1549999713897705,0.0
1839,3.0,15.0,0.07856551557779312,-1.0700000524520874,0.0
1840,4.0,20.0,0.10294870287179947,2.9100000858306885,1.0
1841,4.0,27.0,0.12169100344181061,2.875,1.0
1842,4.0,11.0,0.0408506840467453,2.9549999237060547,1.0
1843,3.0,4.0,0.015619033947587013,-1.0149999856948853,0.0
1844,5.0,7.0,0.025503963232040405,7.980000019073486,2.0
1845,5.0,26.0,0.09543000161647797,7.885000228881836,2.0
1846,4.0,26.0,0.12298606336116791,2.880000114440918,1.0
1847,4.0,22.0,0.10597753524780273,2.9000000953674316,1.0
1848,4.0,32.0,0.15590085089206696,2.8499999046325684,1.0
1849,4.0,7.0,0.028263166546821594,2.9749999046325684,1.0
1850,4.0,8.0,0.03050360456109047,2.9700000286102295,1.0
1851,3.0,4.0,0.013136474415659904,-1.0149999856948853,0.0
1852,5.0,43.0,0.16658294200897217,7.800000190734863,2.0
1853,4.0,21.0,0.09254860877990723,2.9049999713897705,1.0
1854,4.0,34.0,0.13714824616909027,2.8399999141693115,1.0
1855,3.0,6.0,0.021940000355243683,-1.024999976158142,0.0
1856,3.0,21.0,0.1066933125257492,-1.100000023841858,0.0
1857,5.0,18.0,0.08780360221862793,7.925000190734863,2.0
1858,4.0,7.0,0.026512738317251205,2.9749999046325684,1.0
1859,3.0,6.0,0.025965895503759384,-1.024999976158142,0.0
1860,3.0,21.0,0.09370014071464539,-1.100000023841858,0.0
1861,3.0,12.0,0.05079784616827965,-1.0549999475479126,0.0
1862,3.0,7.0,0.02523355558514595,-1.0299999713897705,0.0
1863,4.0,15.0,0.06391333788633347,2.934999942779541,1.0
1864,3.0,7.0,0.0349372960627079,-1.0299999713897705,0.0
1865,3.0,13.0,0.07102588564157486,-1.059999942779541,0.0
1866,3.0,4.0,0.016896188259124756,-1.0149999856948853,0.0
1867,3.0,46.0,0.2197152078151703,-1.225000023841858,0.0
1868,3.0,5.0,0.024094723165035248,-1.0199999809265137,0.0
1869,3.0,75.0,0.32145607471466064,-1.3700000047683716,0.0
1870,6.0,78.0,0.3321693539619446,13.630000114440918,3.0
1871,4.0,42.0,0.16723737120628357,2.799999952316284,1.0
1872,3.0,10.0,0.03947393596172333,-1.0449999570846558,0.0
1873,4.0,49.0,0.20095543563365936,2.765000104904175,1.0
1874,3.0,9.0,0.04415282979607582,-1.0399999618530273,0.0
1875,3.0,12.0,0.0443679504096508,-1.0549999475479126,0.0
1876,4.0,35.0,0.15575622022151947,2.8350000381469727,1.0
1877,4.0,23.0,0.08380276709794998,2.8949999809265137,1.0
1878,3.0,10.0,0.030223563313484192,-1.0449999570846558,0.0
1879,5.0,43.0,0.18557974696159363,7.800000190734863,2.0
1880,3.0,41.0,0.16820178925991058,-1.2000000476837158,0.0
1881,3.0,12.0,0.04918607696890831,-1.0549999475479126,0.0
1882,3.0,6.0,0.028866969048976898,-1.024999976158142,0.0
1883,4.0,10.0,0.0449090301990509,2.9600000381469727,1.0
1884,5.0,65.0,0.25589239597320557,7.690000057220459,2.0
1885,5.0,46.0,0.20092031359672546,7.784999847412109,2.0
1886,4.0,36.0,0.1242058202624321,2.8299999237060547,1.0
1887,4.0,10.0,0.04350787773728371,2.9600000381469727,1.0
1888,3.0,8.0,0.02940196730196476,-1.034999966621399,0.0
1889,3.0,29.0,0.11660733073949814,-1.1399999856948853,0.0
1890,5.0,34.0,0.17059272527694702,7.84499979019165,2.0
1891,3.0,22.0,0.09039288759231567,-1.1050000190734863,0.0
1892,4.0,34.0,0.14443814754486084,2.8399999141693115,1.0
1893,4.0,3.0,0.01101221889257431,2.994999885559082,1.0
1894,5.0,14.0,0.05792969465255737,7.945000171661377,2.0
1895,4.0,10.0,0.05339563265442848,2.9600000381469727,1.0
1896,5.0,42.0,0.1986948549747467,7.804999828338623,2.0
1897,4.0,39.0,0.18525509536266327,2.815000057220459,1.0
1898,4.0,22.0,0.0931873470544815,2.9000000953674316,1.0
1899,6.0,47.0,0.19411204755306244,13.78499984741211,3.0
1900,4.0,7.0,0.030795840546488762,2.9749999046325684,1.0
1901,4.0,73.0,0.30988526344299316,2.6449999809265137,1.0
1902,4.0,11.0,0.04465203359723091,2.9549999237060547,1.0
1903,5.0,21.0,0.06749418377876282,7.909999847412109,2.0
1904,4.0,18.0,0.08456496149301529,2.9200000762939453,1.0
1905,6.0,39.0,0.15397484600543976,13.824999809265137,3.0
1906,3.0,4.0,0.015931032598018646,-1.0149999856948853,0.0
1907,3.0,8.0,0.02771112695336342,-1.034999966621399,0.0
1908,3.0,9.0,0.029833100736141205,-1.0399999618530273,0.0
1909,7.0,53.0,0.18359829485416412,20.760000228881836,4.0
1910,5.0,53.0,0.2313215285539627,7.75,2.0
1911,3.0,14.0,0.06501929461956024,-1.065000057220459,0.0
1912,4.0,10.0,0.03759903833270073,2.9600000381469727,1.0
1913,3.0,10.0,0.03521333634853363,-1.0449999570846558,0.0
1914,4.0,36.0,0.13910655677318573,2.8299999237060547,1.0
1915,7.0,43.0,0.17242693901062012,20.809999465942383,4.0
1916,3.0,12.0,0.045660004019737244,-1.0549999475479126,0.0
1917,3.0,20.0,0.09302937239408493,-1.0950000286102295,0.0
1918,3.0,6.0,0.02143401838839054,-1.024999976158142,0.0
1919,3.0,6.0,0.023318083956837654,-1.024999976158142,0.0
1920,5.0,44.0,0.1806723177433014,7.795000076293945,2.0
1921,3.0,5.0,0.03201878070831299,-1.0199999809265137,0.0
1922,3.0,6.0,0.02507372759282589,-1.024999976158142,0.0
1923,3.0,9.0,0.039427250623703,-1.0399999618530273,0.0
1924,4.0,10.0,0.0344463549554348,2.9600000381469727,1.0
1925,4.0,14.0,0.05737951397895813,2.940000057220459,1.0
1926,3.0,4.0,0.014990759082138538,-1.0149999856948853,0.0
1927,3.0,20.0,0.10844089835882187,-1.0950000286102295,0.0
1928,4.0,7.0,0.02932511456310749,2.9749999046325684,1.0
1929,4.0,46.0,0.18144086003303528,2.7799999713897705,1.0
1930,3.0,10.0,0.04220986366271973,-1.0449999570846558,0.0
1931,3.0,39.0,0.13994257152080536,-1.190000057220459,0.0
1932,3.0,26.0,0.12306724488735199,-1.125,0.0
1933,4.0,27.0,0.10044609010219574,2.875,1.0
1934,3.0,18.0,0.07146324962377548,-1.0850000381469727,0.0
1935,3.0,48.0,0.22525560855865479,-1.2350000143051147,0.0
1936,3.0,52.0,0.22396481037139893,-1.2549999952316284,0.0
1937,3.0,6.0,0.025861069560050964,-1.024999976158142,0.0
1938,3.0,13.0,0.04614120349287987,-1.059999942779541,0.0
1939,4.0,27.0,0.10238108783960342,2.875,1.0
1940,4.0,8.0,0.026938606053590775,2.9700000286102295,1.0
1941,3.0,23.0,0.08272561430931091,-1.1100000143051147,0.0
1942,3.0,13.0,0.05098490044474602,-1.059999942779541,0.0
1943,3.0,33.0,0.1514461636543274,-1.159999966621399,0.0
1944,6.0,39.0,0.17068547010421753,13.824999809265137,3.0
1945,3.0,4.0,0.021507248282432556,-1.0149999856948853,0.0
1946,3.0,12.0,0.041297879070043564,-1.0549999475479126,0.0
1947,7.0,94.0,0.38577190041542053,20.55500030517578,4.0
1948,4.0,55.0,0.2404358834028244,2.734999895095825,1.0
1949,3.0,47.0,0.1907743364572525,-1.2300000190734863,0.0
1950,4.0,5.0,0.023584675043821335,2.984999895095825,1.0
1951,4.0,59.0,0.2388591766357422,2.7149999141693115,1.0
1952,4.0,26.0,0.10334697365760803,2.880000114440918,1.0
1953,3.0,64.0,0.25722962617874146,-1.315000057220459,0.0
1954,3.0,15.0,0.060847893357276917,-1.0700000524520874,0.0
1955,4.0,6.0,0.02386036328971386,2.9800000190734863,1.0
1956,4.0,43.0,0.18456235527992249,2.7950000762939453,1.0
1957,4.0,16.0,0.06186710298061371,2.930000066757202,1.0
1958,3.0,5.0,0.01781935803592205,-1.0199999809265137,0.0
1959,4.0,24.0,0.08494798839092255,2.890000104904175,1.0
1960,4.0,33.0,0.1536387801170349,2.8450000286102295,1.0
1961,4.0,19.0,0.07730969786643982,2.9149999618530273,1.0
1962,3.0,12.0,0.05500100925564766,-1.0549999475479126,0.0
1963,4.0,24.0,0.09062959998846054,2.890000104904175,1.0
1964,3.0,22.0,0.09299835562705994,-1.1050000190734863,0.0
1965,3.0,17.0,0.07465258985757828,-1.0800000429153442,0.0
1966,5.0,43.0,0.19417835772037506,7.800000190734863,2.0
1967,3.0,30.0,0.1182364895939827,-1.1449999809265137,0.0
1968,3.0,24.0,0.0877343937754631,-1.1150000095367432,0.0
1969,3.0,14.0,0.059901393949985504,-1.065000057220459,0.0
1970,3.0,3.0,0.013049804605543613,-1.0099999904632568,0.0
1971,3.0,9.0,0.03375759720802307,-1.0399999618530273,0.0
1972,3.0,7.0,0.029290441423654556,-1.0299999713897705,0.0
1973,5.0,41.0,0.18266594409942627,7.809999942779541,2.0
1974,3.0,30.0,0.11159287393093109,-1.1449999809265137,0.0
1975,3.0,7.0,0.02214074321091175,-1.0299999713897705,0.0
1976,4.0,93.0,0.3513283133506775,2.5450000762939453,1.0
1977,3.0,8.0,0.028558773919939995,-1.034999966621399,0.0
1978,4.0,45.0,0.22530598938465118,2.7850000858306885,1.0
1979,4.0,11.0,0.04982558637857437,2.9549999237060547,1.0
1980,3.0,5.0,0.022852823138237,-1.0199999809265137,0.0
1981,5.0,43.0,0.17035920917987823,7.800000190734863,2.0
1982,5.0,62.0,0.27433016896247864,7.704999923706055,2.0
1983,4.0,22.0,0.08081942796707153,2.9000000953674316,1.0
1984,3.0,27.0,0.10812943428754807,-1.1299999952316284,0.0
1985,3.0,52.0,0.20094157755374908,-1.2549999952316284,0.0
1986,4.0,40.0,0.15796202421188354,2.809999942779541,1.0
1987,5.0,76.0,0.3325035572052002,7.635000228881836,2.0
1988,3.0,10.0,0.047968700528144836,-1.0449999570846558,0.0
1989,3.0,4.0,0.016557926312088966,-1.0149999856948853,0.0
1990,3.0,10.0,0.04273835942149162,-1.0449999570846558,0.0
1991,3.0,4.0,0.016761010512709618,-1.0149999856948853,0.0
1992,6.0,57.0,0.23151466250419617,13.734999656677246,3.0
1993,5.0,21.0,0.10133478790521622,7.909999847412109,2.0
1994,4.0,44.0,0.21379396319389343,2.7899999618530273,1.0
1995,3.0,89.0,0.345017671585083,-1.440000057220459,0.0
1996,4.0,26.0,0.12171977013349533,2.880000114440918,1.0
1997,4.0,6.0,0.017865145578980446,2.9800000190734863,1.0
1998,3.0,16.0,0.06565576791763306,-1.0750000476837158,0.0
1999,4.0,10.0,0.05008121207356453,2.9600000381469727,1.0
2000,4.0,3.0,0.010160421952605247,2.994999885559082,1.0
2001,5.0,24.0,0.08928749710321426,7.894999980926514,2.0
2002,4.0,6.0,0.020734257996082306,2.9800000190734863,1.0
2003,3.0,18.0,0.07014001905918121,-1.0850000381469727,0.0
2004,4.0,39.0,0.1651981621980667,2.815000057220459,1.0
2005,4.0,6.0,0.023054972290992737,2.9800000190734863,1.0
2006,4.0,8.0,0.033156491816043854,2.9700000286102295,1.0
2007,4.0,41.0,0.1509009599685669,2.805000066757202,1.0
2008,5.0,29.0,0.13187098503112793,7.869999885559082,2.0
2009,5.0,53.0,0.19039605557918549,7.75,2.0
2010,4.0,34.0,0.14073897898197174,2.8399999141693115,1.0
2011,3.0,6.0,0.02648613601922989,-1.024999976158142,0.0
2012,4.0,6.0,0.019555356353521347,2.9800000190734863,1.0
2013,3.0,9.0,0.036922797560691833,-1.0399999618530273,0.0
2014,4.0,3.0,0.010116305202245712,2.994999885559082,1.0
2015,3.0,11.0,0.04121458902955055,-1.0499999523162842,0.0
2016,4.0,24.0,0.10153088718652725,2.890000104904175,1.0
2017,3.0,20.0,0.07081247866153717,-1.0950000286102295,0.0
2018,3.0,10.0,0.04058351740241051,-1.0449999570846558,0.0
2019,3.0,10.0,0.03502818942070007,-1.0449999570846558,0.0
2020,5.0,27.0,0.12385354936122894,7.880000114440918,2.0
2021,5.0,26.0,0.09978792071342468,7.885000228881836,2.0
2022,4.0,30.0,0.11840871721506119,2.859999895095825,1.0
2023,3.0,23.0,0.09144429862499237,-1.1100000143051147,0.0
2024,3.0,10.0,0.03592579811811447,-1.0449999570846558,0.0
2025,4.0,31.0,0.10152225941419601,2.8550000190734863,1.0
2026,3.0,7.0,0.023615553975105286,-1.0299999713897705,0.0
2027,3.0,8.0,0.03724993020296097,-1.034999966621399,0.0
2028,5.0,33.0,0.1268698126077652,7.849999904632568,2.0
2029,3.0,55.0,0.23837146162986755,-1.2699999809265137,0.0
2030,3.0,30.0,0.12355335801839828,-1.1449999809265137,0.0
2031,3.0,33.0,0.13295623660087585,-1.159999966621399,0.0
2032,3.0,34.0,0.1385314017534256,-1.1649999618530273,0.0
2033,3.0,14.0,0.06336659938097,-1.065000057220459,0.0
2034,3.0,8.0,0.03856547921895981,-1.034999966621399,0.0
2035,3.0,6.0,0.0240606889128685,-1.024999976158142,0.0
2036,3.0,33.0,0.11799198389053345,-1.159999966621399,0.0
2037,3.0,10.0,0.033493656665086746,-1.0449999570846558,0.0
2038,3.0,8.0,0.04903217405080795,-1.034999966621399,0.0
2039,6.0,38.0,0.14286665618419647,13.829999923706055,3.0
2040,4.0,30.0,0.11546429246664047,2.859999895095825,1.0
2041,6.0,63.0,0.24160754680633545,13.704999923706055,3.0
2042,4.0,29.0,0.11333991587162018,2.865000009536743,1.0
2043,3.0,51.0,0.2197285294532776,-1.25,0.0
2044,5.0,22.0,0.08813640475273132,7.90500020980835,2.0
2045,3.0,9.0,0.03575247898697853,-1.0399999618530273,0.0
2046,4.0,10.0,0.058276139199733734,2.9600000381469727,1.0
2047,3.0,4.0,0.015532677993178368,-1.0149999856948853,0.0
2048,3.0,3.0,0.00974950473755598,-1.0099999904632568,0.0
2049,6.0,71.0,0.3157604932785034,13.664999961853027,3.0
2050,4.0,37.0,0.17712806165218353,2.825000047683716,1.0
2051,7.0,46.0,0.21404102444648743,20.795000076293945,4.0
2052,5.0,20.0,0.08353724330663681,7.914999961853027,2.0
2053,3.0,9.0,0.04923640564084053,-1.0399999618530273,0.0
2054,4.0,12.0,0.05098654329776764,2.950000047683716,1.0
2055,3.0,10.0,0.05921085551381111,-1.0449999570846558,0.0
2056,5.0,62.0,0.25070488452911377,7.704999923706055,2.0
2057,3.0,59.0,0.21669654548168182,-1.2899999618530273,0.0
2058,4.0,13.0,0.07191851735115051,2.944999933242798,1.0
2059,3.0,4.0,0.023205874487757683,-1.0149999856948853,0.0
2060,5.0,20.0,0.08229873329401016,7.914999961853027,2.0
2061,5.0,44.0,0.19244776666164398,7.795000076293945,2.0
2062,3.0,11.0,0.038128528743982315,-1.0499999523162842,0.0
2063,3.0,6.0,0.019864842295646667,-1.024999976158142,0.0
2064,3.0,8.0,0.030721936374902725,-1.034999966621399,0.0
2065,3.0,6.0,0.028768552467226982,-1.024999976158142,0.0
2066,3.0,29.0,0.13729625940322876,-1.1399999856948853,0.0
2067,4.0,10.0,0.060395289212465286,2.9600000381469727,1.0
2068,5.0,29.0,0.12977507710456848,7.869999885559082,2.0
2069,3.0,9.0,0.03848940134048462,-1.0399999618530273,0.0
2070,6.0,61.0,0.292425274848938,13.71500015258789,3.0
2071,3.0,18.0,0.07512760907411575,-1.0850000381469727,0.0
2072,3.0,7.0,0.03450948745012283,-1.0299999713897705,0.0
2073,3.0,19.0,0.07490850985050201,-1.090000033378601,0.0
2074,4.0,23.0,0.10573820024728775,2.8949999809265137,1.0
2075,3.0,33.0,0.15965214371681213,-1.159999966621399,0.0
2076,3.0,10.0,0.03859823942184448,-1.0449999570846558,0.0
2077,3.0,7.0,0.027256855741143227,-1.0299999713897705,0.0
2078,4.0,20.0,0.07127903401851654,2.9100000858306885,1.0
2079,6.0,55.0,0.2543296217918396,13.744999885559082,3.0
2080,3.0,20.0,0.07727915048599243,-1.0950000286102295,0.0
2081,6.0,45.0,0.21811696887016296,13.795000076293945,3.0
2082,4.0,50.0,0.21976903080940247,2.759999990463257,1.0
2083,4.0,27.0,0.11981172114610672,2.875,1.0
2084,3.0,15.0,0.07196203619241714,-1.0700000524520874,0.0
2085,3.0,17.0,0.06907843053340912,-1.0800000429153442,0.0
2086,4.0,35.0,0.1294568032026291,2.8350000381469727,1.0
2087,4.0,11.0,0.043424367904663086,2.9549999237060547,1.0
2088,3.0,7.0,0.02702958695590496,-1.0299999713897705,0.0
2089,4.0,11.0,0.040735211223363876,2.9549999237060547,1.0
2090,3.0,8.0,0.038047563284635544,-1.034999966621399,0.0
2091,3.0,10.0,0.05409223213791847,-1.0449999570846558,0.0
2092,3.0,8.0,0.036374691873788834,-1.034999966621399,0.0
2093,5.0,75.0,0.336906760931015,7.639999866485596,2.0
2094,4.0,59.0,0.2678135633468628,2.7149999141693115,1.0
2095,3.0,9.0,0.027081599459052086,-1.0399999618530273,0.0
2096,4.0,13.0,0.056813787668943405,2.944999933242798,1.0
2097,4.0,24.0,0.0941888615489006,2.890000104904175,1.0
2098,3.0,4.0,0.019631927832961082,-1.0149999856948853,0.0
2099,5.0,29.0,0.11773256212472916,7.869999885559082,2.0
2100,6.0,34.0,0.1524156630039215,13.850000381469727,3.0
2101,3.0,9.0,0.03456636518239975,-1.0399999618530273,0.0
2102,5.0,35.0,0.1425025910139084,7.840000152587891,2.0
2103,3.0,58.0,0.22941961884498596,-1.284999966621399,0.0
2104,3.0,7.0,0.02753608115017414,-1.0299999713897705,0.0
2105,4.0,10.0,0.048802975565195084,2.9600000381469727,1.0
2106,3.0,19.0,0.08182376623153687,-1.090000033378601,0.0
2107,4.0,17.0,0.07663002610206604,2.924999952316284,1.0
2108,5.0,94.0,0.44012224674224854,7.545000076293945,2.0
2109,3.0,14.0,0.05683877691626549,-1.065000057220459,0.0
2110,4.0,20.0,0.07824442535638809,2.9100000858306885,1.0
2111,3.0,5.0,0.0180048905313015,-1.0199999809265137,0.0
2112,3.0,9.0,0.037460774183273315,-1.0399999618530273,0.0
2113,3.0,26.0,0.10892900079488754,-1.125,0.0
2114,3.0,14.0,0.06396099179983139,-1.065000057220459,0.0
2115,3.0,23.0,0.08717303723096848,-1.1100000143051147,0.0
2116,5.0,13.0,0.044067539274692535,7.949999809265137,2.0
2117,3.0,21.0,0.09007726609706879,-1.100000023841858,0.0
2118,4.0,80.0,0.3363162875175476,2.609999895095825,1.0
2119,6.0,33.0,0.1629685014486313,13.854999542236328,3.0
2120,4.0,32.0,0.17374175786972046,2.8499999046325684,1.0
2121,4.0,52.0,0.22228685021400452,2.75,1.0
2122,3.0,16.0,0.06420863419771194,-1.0750000476837158,0.0
2123,4.0,49.0,0.20615896582603455,2.765000104904175,1.0
2124,4.0,10.0,0.04389876499772072,2.9600000381469727,1.0
2125,3.0,52.0,0.24293307960033417,-1.2549999952316284,0.0
2126,3.0,37.0,0.14972086250782013,-1.1799999475479126,0.0
2127,3.0,4.0,0.012834171764552593,-1.0149999856948853,0.0
2128,5.0,68.0,0.2794415354728699,7.675000190734863,2.0
2129,3.0,10.0,0.03181964159011841,-1.0449999570846558,0.0
2130,4.0,5.0,0.02285369299352169,2.984999895095825,1.0
2131,3.0,50.0,0.22342213988304138,-1.2450000047683716,0.0
2132,3.0,4.0,0.018078770488500595,-1.0149999856948853,0.0
2133,5.0,21.0,0.09723000973463058,7.909999847412109,2.0
2134,5.0,40.0,0.15609408915042877,7.815000057220459,2.0
2135,3.0,9.0,0.03776482865214348,-1.0399999618530273,0.0
2136,3.0,19.0,0.07701347768306732,-1.090000033378601,0.0
2137,3.0,4.0,0.013569447211921215,-1.0149999856948853,0.0
2138,5.0,28.0,0.11888135224580765,7.875,2.0
2139,3.0,14.0,0.054512303322553635,-1.065000057220459,0.0
2140,3.0,12.0,0.051646143198013306,-1.0549999475479126,0.0
2141,3.0,16.0,0.07018221914768219,-1.0750000476837158,0.0
2142,4.0,14.0,0.05205429345369339,2.940000057220459,1.0
2143,3.0,9.0,0.0304274819791317,-1.0399999618530273,0.0
2144,5.0,33.0,0.15391507744789124,7.849999904632568,2.0
2145,4.0,47.0,0.22031575441360474,2.7750000953674316,1.0
2146,3.0,19.0,0.06994088739156723,-1.090000033378601,0.0
2147,4.0,27.0,0.10762742906808853,2.875,1.0
2148,4.0,26.0,0.12609456479549408,2.880000114440918,1.0
2149,4.0,29.0,0.11611168831586838,2.865000009536743,1.0
2150,3.0,9.0,0.029284929856657982,-1.0399999618530273,0.0
2151,3.0,8.0,0.03093814104795456,-1.034999966621399,0.0
2152,4.0,30.0,0.1322951465845108,2.859999895095825,1.0
2153,3.0,32.0,0.14485013484954834,-1.1549999713897705,0.0
2154,6.0,63.0,0.2831833064556122,13.704999923706055,3.0
2155,3.0,4.0,0.02061573415994644,-1.0149999856948853,0.0
2156,4.0,5.0,0.02362987957894802,2.984999895095825,1.0
2157,5.0,13.0,0.054590824991464615,7.949999809265137,2.0
2158,7.0,73.0,0.28388628363609314,20.65999984741211,4.0
2159,3.0,36.0,0.13845661282539368,-1.1749999523162842,0.0
2160,4.0,18.0,0.07973063737154007,2.9200000762939453,1.0
2161,3.0,23.0,0.07725399732589722,-1.1100000143051147,0.0
2162,3.0,9.0,0.03475559875369072,-1.0399999618530273,0.0
2163,4.0,8.0,0.024450480937957764,2.9700000286102295,1.0
2164,3.0,5.0,0.012659890577197075,-1.0199999809265137,0.0
2165,5.0,46.0,0.18598182499408722,7.784999847412109,2.0
2166,3.0,11.0,0.04250183328986168,-1.0499999523162842,0.0
2167,3.0,8.0,0.03147900849580765,-1.034999966621399,0.0
2168,3.0,15.0,0.05607929453253746,-1.0700000524520874,0.0
2169,6.0,61.0,0.24066467583179474,13.71500015258789,3.0
2170,4.0,18.0,0.07414942234754562,2.9200000762939453,1.0
2171,3.0,4.0,0.011281750164926052,-1.0149999856948853,0.0
2172,4.0,27.0,0.10570617020130157,2.875,1.0
2173,3.0,23.0,0.11714354157447815,-1.1100000143051147,0.0
2174,9.0,82.0,0.343319833278656,37.625,6.0
2175,5.0,25.0,0.10631821304559708,7.889999866485596,2.0
2176,3.0,7.0,0.028020646423101425,-1.0299999713897705,0.0
2177,4.0,69.0,0.29091501235961914,2.6649999618530273,1.0
2178,3.0,3.0,0.014439878985285759,-1.0099999904632568,0.0
2179,3.0,34.0,0.1407099962234497,-1.1649999618530273,0.0
2180,5.0,27.0,0.10316528379917145,7.880000114440918,2.0
2181,3.0,5.0,0.015320613980293274,-1.0199999809265137,0.0
2182,3.0,7.0,0.023891255259513855,-1.0299999713897705,0.0
2183,6.0,16.0,0.057408738881349564,13.9399995803833,3.0
2184,3.0,5.0,0.017311304807662964,-1.0199999809265137,0.0
2185,5.0,97.0,0.40910401940345764,7.53000020980835,2.0
2186,3.0,10.0,0.045099008828401566,-1.0449999570846558,0.0
2187,5.0,35.0,0.13404060900211334,7.840000152587891,2.0
2188,3.0,14.0,0.07027611881494522,-1.065000057220459,0.0
2189,3.0,16.0,0.06736211478710175,-1.0750000476837158,0.0
2190,4.0,29.0,0.13998596370220184,2.865000009536743,1.0
2191,3.0,10.0,0.04246482253074646,-1.0449999570846558,0.0
2192,3.0,8.0,0.03556623309850693,-1.034999966621399,0.0
2193,4.0,10.0,0.046291057020425797,2.9600000381469727,1.0
2194,3.0,4.0,0.014112424105405807,-1.0149999856948853,0.0
2195,5.0,55.0,0.23595477640628815,7.739999771118164,2.0
2196,5.0,22.0,0.10538574308156967,7.90500020980835,2.0
2197,3.0,8.0,0.03120843507349491,-1.034999966621399,0.0
2198,3.0,6.0,0.030567515641450882,-1.024999976158142,0.0
2199,3.0,5.0,0.02101796865463257,-1.0199999809265137,0.0
2200,4.0,6.0,0.02457062155008316,2.9800000190734863,1.0
2201,5.0,8.0,0.029364384710788727,7.974999904632568,2.0
2202,5.0,12.0,0.048219576478004456,7.954999923706055,2.0
2203,4.0,50.0,0.19014288485050201,2.759999990463257,1.0
2204,3.0,30.0,0.13153667747974396,-1.1449999809265137,0.0
2205,4.0,6.0,0.029987012967467308,2.9800000190734863,1.0
2206,3.0,13.0,0.06296806037425995,-1.059999942779541,0.0
2207,4.0,39.0,0.16748709976673126,2.815000057220459,1.0
2208,4.0,10.0,0.05127539113163948,2.9600000381469727,1.0
2209,4.0,4.0,0.018188128247857094,2.990000009536743,1.0
2210,4.0,47.0,0.1768370419740677,2.7750000953674316,1.0
2211,9.0,70.0,0.3270174264907837,37.685001373291016,6.0
2212,4.0,24.0,0.09512069821357727,2.890000104904175,1.0
2213,4.0,8.0,0.03542863577604294,2.9700000286102295,1.0
2214,4.0,22.0,0.11965937912464142,2.9000000953674316,1.0
2215,5.0,35.0,0.17253640294075012,7.840000152587891,2.0
2216,4.0,7.0,0.02357565425336361,2.9749999046325684,1.0
2217,4.0,38.0,0.16117101907730103,2.819999933242798,1.0
2218,5.0,25.0,0.10736091434955597,7.889999866485596,2.0
2219,3.0,7.0,0.022769393399357796,-1.0299999713897705,0.0
2220,4.0,13.0,0.055897828191518784,2.944999933242798,1.0
2221,4.0,11.0,0.03373183310031891,2.9549999237060547,1.0
2222,3.0,36.0,0.1635979861021042,-1.1749999523162842,0.0
2223,4.0,30.0,0.1385921835899353,2.859999895095825,1.0
2224,4.0,46.0,0.19256684184074402,2.7799999713897705,1.0
2225,4.0,11.0,0.04728921130299568,2.9549999237060547,1.0
2226,4.0,21.0,0.09876826405525208,2.9049999713897705,1.0
2227,3.0,4.0,0.014602649956941605,-1.0149999856948853,0.0
2228,3.0,5.0,0.017196089029312134,-1.0199999809265137,0.0
2229,3.0,18.0,0.08866576850414276,-1.0850000381469727,0.0
2230,4.0,48.0,0.2217816710472107,2.7699999809265137,1.0
2231,3.0,7.0,0.026447100564837456,-1.0299999713897705,0.0
2232,4.0,10.0,0.0394103080034256,2.9600000381469727,1.0
2233,3.0,42.0,0.15846382081508636,-1.2050000429153442,0.0
2234,4.0,12.0,0.043658655136823654,2.950000047683716,1.0
2235,3.0,4.0,0.01859472133219242,-1.0149999856948853,0.0
2236,3.0,12.0,0.043683089315891266,-1.0549999475479126,0.0
2237,5.0,46.0,0.23217938840389252,7.784999847412109,2.0
2238,5.0,17.0,0.06864486634731293,7.929999828338623,2.0
2239,9.0,57.0,0.2339993119239807,37.75,6.0
2240,3.0,10.0,0.04480923339724541,-1.0449999570846558,0.0
2241,3.0,12.0,0.06923048943281174,-1.0549999475479126,0.0
2242,3.0,13.0,0.06269150972366333,-1.059999942779541,0.0
2243,5.0,30.0,0.14336727559566498,7.864999771118164,2.0
2244,8.0,55.0,0.25355497002601624,28.7549991607666,5.0
2245,4.0,10.0,0.06393951922655106,2.9600000381469727,1.0
2246,4.0,55.0,0.23906990885734558,2.734999895095825,1.0
2247,3.0,30.0,0.1325376182794571,-1.1449999809265137,0.0
2248,3.0,12.0,0.053593095391988754,-1.0549999475479126,0.0
2249,4.0,15.0,0.07631583511829376,2.934999942779541,1.0
2250,4.0,19.0,0.09388809651136398,2.9149999618530273,1.0
2251,4.0,17.0,0.07780923694372177,2.924999952316284,1.0
2252,3.0,26.0,0.1254657655954361,-1.125,0.0
2253,4.0,10.0,0.05001218616962433,2.9600000381469727,1.0
2254,5.0,28.0,0.13367968797683716,7.875,2.0
2255,3.0,12.0,0.0594458170235157,-1.0549999475479126,0.0
2256,4.0,5.0,0.01681288704276085,2.984999895095825,1.0
2257,4.0,50.0,0.2363482266664505,2.759999990463257,1.0
2258,3.0,8.0,0.03603770583868027,-1.034999966621399,0.0
2259,5.0,40.0,0.15960991382598877,7.815000057220459,2.0
2260,6.0,40.0,0.1592755913734436,13.819999694824219,3.0
2261,4.0,15.0,0.07225078344345093,2.934999942779541,1.0
2262,4.0,65.0,0.3129996955394745,2.684999942779541,1.0
2263,4.0,13.0,0.05804523825645447,2.944999933242798,1.0
2264,7.0,42.0,0.1854221075773239,20.815000534057617,4.0
2265,3.0,4.0,0.01641313172876835,-1.0149999856948853,0.0
2266,3.0,12.0,0.06407071650028229,-1.0549999475479126,0.0
2267,4.0,17.0,0.0766228511929512,2.924999952316284,1.0
2268,4.0,23.0,0.14321191608905792,2.8949999809265137,1.0
2269,3.0,28.0,0.1308986395597458,-1.1349999904632568,0.0
2270,3.0,15.0,0.06062622368335724,-1.0700000524520874,0.0
2271,4.0,6.0,0.015655076131224632,2.9800000190734863,1.0
2272,3.0,16.0,0.07177318632602692,-1.0750000476837158,0.0
2273,3.0,5.0,0.021290399134159088,-1.0199999809265137,0.0
2274,4.0,27.0,0.11868377774953842,2.875,1.0
2275,4.0,37.0,0.15831102430820465,2.825000047683716,1.0
2276,3.0,8.0,0.038912300020456314,-1.034999966621399,0.0
2277,4.0,8.0,0.03935941681265831,2.9700000286102295,1.0
2278,4.0,11.0,0.05184434354305267,2.9549999237060547,1.0
2279,5.0,50.0,0.23034466803073883,7.764999866485596,2.0
2280,5.0,30.0,0.11355210095643997,7.864999771118164,2.0
2281,3.0,5.0,0.02414156123995781,-1.0199999809265137,0.0
2282,4.0,38.0,0.17359599471092224,2.819999933242798,1.0
2283,4.0,17.0,0.08681031316518784,2.924999952316284,1.0
2284,4.0,6.0,0.028306830674409866,2.9800000190734863,1.0
2285,3.0,6.0,0.023097272962331772,-1.024999976158142,0.0
2286,4.0,9.0,0.035185445100069046,2.9649999141693115,1.0
2287,4.0,25.0,0.10629158467054367,2.884999990463257,1.0
2288,5.0,10.0,0.04224700853228569,7.965000152587891,2.0
2289,3.0,5.0,0.021487180143594742,-1.0199999809265137,0.0
2290,5.0,75.0,0.32377955317497253,7.639999866485596,2.0
2291,4.0,25.0,0.10236559063196182,2.884999990463257,1.0
2292,5.0,112.0,0.5193713903427124,7.454999923706055,2.0
2293,4.0,12.0,0.05559859797358513,2.950000047683716,1.0
2294,6.0,52.0,0.2554321587085724,13.760000228881836,3.0
2295,3.0,4.0,0.022773493081331253,-1.0149999856948853,0.0
2296,3.0,17.0,0.07183869928121567,-1.0800000429153442,0.0
2297,3.0,13.0,0.05785098671913147,-1.059999942779541,0.0
2298,4.0,71.0,0.3230222165584564,2.6549999713897705,1.0
2299,3.0,9.0,0.03415872901678085,-1.0399999618530273,0.0
2300,6.0,74.0,0.3318589925765991,13.649999618530273,3.0
2301,3.0,12.0,0.049201227724552155,-1.0549999475479126,0.0
2302,7.0,61.0,0.2907235026359558,20.719999313354492,4.0
2303,3.0,9.0,0.03300290182232857,-1.0399999618530273,0.0
2304,7.0,35.0,0.16492751240730286,20.850000381469727,4.0
2305,4.0,22.0,0.0866725742816925,2.9000000953674316,1.0
2306,5.0,30.0,0.1340705007314682,7.864999771118164,2.0
2307,7.0,50.0,0.24050873517990112,20.774999618530273,4.0
2308,3.0,14.0,0.05375225841999054,-1.065000057220459,0.0
2309,3.0,5.0,0.027570512145757675,-1.0199999809265137,0.0
2310,4.0,19.0,0.09090705960988998,2.9149999618530273,1.0
2311,5.0,25.0,0.09660181403160095,7.889999866485596,2.0
2312,5.0,39.0,0.18735386431217194,7.820000171661377,2.0
2313,5.0,33.0,0.15200579166412354,7.849999904632568,2.0
2314,4.0,46.0,0.2350439876317978,2.7799999713897705,1.0
2315,5.0,61.0,0.28970852494239807,7.710000038146973,2.0
2316,3.0,10.0,0.04005485773086548,-1.0449999570846558,0.0
2317,3.0,9.0,0.03299436718225479,-1.0399999618530273,0.0
2318,4.0,29.0,0.1266999989748001,2.865000009536743,1.0
2319,5.0,19.0,0.08419536054134369,7.920000076293945,2.0
2320,3.0,7.0,0.03516344353556633,-1.0299999713897705,0.0
2321,4.0,42.0,0.18183638155460358,2.799999952316284,1.0
2322,5.0,37.0,0.1605461835861206,7.829999923706055,2.0
2323,3.0,14.0,0.055170319974422455,-1.065000057220459,0.0
2324,4.0,32.0,0.15396340191364288,2.8499999046325684,1.0
2325,3.0,5.0,0.029721582308411598,-1.0199999809265137,0.0
2326,3.0,32.0,0.1310705840587616,-1.1549999713897705,0.0
2327,5.0,14.0,0.0532311350107193,7.945000171661377,2.0
2328,3.0,11.0,0.04629802703857422,-1.0499999523162842,0.0
2329,3.0,9.0,0.049642179161310196,-1.0399999618530273,0.0
2330,3.0,13.0,0.04672296345233917,-1.059999942779541,0.0
2331,4.0,11.0,0.045920878648757935,2.9549999237060547,1.0
2332,3.0,25.0,0.12574230134487152,-1.1200000047683716,0.0
2333,5.0,49.0,0.2268209606409073,7.769999980926514,2.0
2334,5.0,51.0,0.2500336468219757,7.760000228881836,2.0
2335,4.0,13.0,0.056661445647478104,2.944999933242798,1.0
2336,3.0,9.0,0.04824727028608322,-1.0399999618530273,0.0
2337,3.0,5.0,0.020099733024835587,-1.0199999809265137,0.0
2338,6.0,26.0,0.1091974526643753,13.890000343322754,3.0
2339,3.0,12.0,0.05360100790858269,-1.0549999475479126,0.0
2340,5.0,46.0,0.19681967794895172,7.784999847412109,2.0
2341,3.0,24.0,0.12273950129747391,-1.1150000095367432,0.0
2342,4.0,10.0,0.041154928505420685,2.9600000381469727,1.0
2343,6.0,60.0,0.2669657766819,13.720000267028809,3.0
2344,4.0,16.0,0.05445319786667824,2.930000066757202,1.0
2345,5.0,37.0,0.15402203798294067,7.829999923706055,2.0
2346,4.0,17.0,0.08760304003953934,2.924999952316284,1.0
2347,4.0,5.0,0.023595381528139114,2.984999895095825,1.0
2348,4.0,18.0,0.08159532397985458,2.9200000762939453,1.0
2349,4.0,24.0,0.10742335766553879,2.890000104904175,1.0
2350,4.0,32.0,0.14487507939338684,2.8499999046325684,1.0
2351,3.0,10.0,0.05829882249236107,-1.0449999570846558,0.0
2352,5.0,40.0,0.17352938652038574,7.815000057220459,2.0
2353,6.0,38.0,0.16590002179145813,13.829999923706055,3.0
2354,3.0,9.0,0.028404027223587036,-1.0399999618530273,0.0
2355,4.0,48.0,0.2264413982629776,2.7699999809265137,1.0
2356,3.0,39.0,0.15069887042045593,-1.190000057220459,0.0
2357,4.0,14.0,0.05602496862411499,2.940000057220459,1.0
2358,4.0,8.0,0.03711729869246483,2.9700000286102295,1.0
2359,5.0,31.0,0.1412682980298996,7.860000133514404,2.0
2360,5.0,25.0,0.10556219518184662,7.889999866485596,2.0
2361,3.0,8.0,0.036465033888816833,-1.034999966621399,0.0
2362,3.0,36.0,0.1666085571050644,-1.1749999523162842,0.0
2363,4.0,16.0,0.07251818478107452,2.930000066757202,1.0
2364,3.0,6.0,0.029620502144098282,-1.024999976158142,0.0
2365,7.0,78.0,0.34329965710639954,20.635000228881836,4.0
2366,5.0,89.0,0.38854146003723145,7.570000171661377,2.0
2367,4.0,71.0,0.29665061831474304,2.6549999713897705,1.0
2368,4.0,12.0,0.05136006325483322,2.950000047683716,1.0
2369,3.0,14.0,0.056977227330207825,-1.065000057220459,0.0
2370,4.0,46.0,0.21554410457611084,2.7799999713897705,1.0
2371,6.0,56.0,0.23671205341815948,13.739999771118164,3.0
2372,3.0,8.0,0.027225656434893608,-1.034999966621399,0.0
2373,3.0,10.0,0.03885085880756378,-1.0449999570846558,0.0
2374,3.0,8.0,0.02933204360306263,-1.034999966621399,0.0
2375,3.0,8.0,0.035097748041152954,-1.034999966621399,0.0
2376,6.0,70.0,0.3936258554458618,13.670000076293945,3.0
2377,3.0,33.0,0.15163612365722656,-1.159999966621399,0.0
2378,3.0,74.0,0.34722262620925903,-1.3650000095367432,0.0
2379,4.0,34.0,0.15362109243869781,2.8399999141693115,1.0
2380,4.0,43.0,0.22234085202217102,2.7950000762939453,1.0
2381,4.0,71.0,0.32965487241744995,2.6549999713897705,1.0
2382,5.0,20.0,0.11289574950933456,7.914999961853027,2.0
2383,3.0,3.0,0.020384594798088074,-1.0099999904632568,0.0
2384,4.0,22.0,0.14612016081809998,2.9000000953674316,1.0
2385,4.0,6.0,0.028673721477389336,2.9800000190734863,1.0
2386,6.0,54.0,0.29935675859451294,13.75,3.0
2387,3.0,12.0,0.05080202966928482,-1.0549999475479126,0.0
2388,5.0,53.0,0.261316180229187,7.75,2.0
2389,4.0,12.0,0.05603848770260811,2.950000047683716,1.0
2390,4.0,15.0,0.09570881724357605,2.934999942779541,1.0
2391,3.0,26.0,0.12778905034065247,-1.125,0.0
2392,4.0,16.0,0.07588862627744675,2.930000066757202,1.0
2393,3.0,16.0,0.06948711723089218,-1.0750000476837158,0.0
2394,3.0,27.0,0.1346931904554367,-1.1299999952316284,0.0
2395,3.0,20.0,0.10213802009820938,-1.0950000286102295,0.0
2396,3.0,10.0,0.051459603011608124,-1.0449999570846558,0.0
2397,4.0,30.0,0.15333837270736694,2.859999895095825,1.0
2398,5.0,58.0,0.29675135016441345,7.724999904632568,2.0
2399,3.0,18.0,0.08947453647851944,-1.0850000381469727,0.0
2400,4.0,11.0,0.04325515776872635,2.9549999237060547,1.0
2401,3.0,12.0,0.0472545363008976,-1.0549999475479126,0.0
2402,4.0,64.0,0.2718982398509979,2.690000057220459,1.0
2403,5.0,43.0,0.19899435341358185,7.800000190734863,2.0
2404,8.0,78.0,0.3334802985191345,28.639999389648438,5.0
2405,4.0,8.0,0.03721245005726814,2.9700000286102295,1.0
2406,5.0,21.0,0.07286583632230759,7.909999847412109,2.0
2407,4.0,66.0,0.28129842877388,2.680000066757202,1.0
2408,4.0,35.0,0.15327532589435577,2.8350000381469727,1.0
2409,4.0,4.0,0.018666820600628853,2.990000009536743,1.0
2410,4.0,31.0,0.12442095577716827,2.8550000190734863,1.0
2411,3.0,12.0,0.050210144370794296,-1.0549999475479126,0.0
2412,4.0,7.0,0.029749885201454163,2.9749999046325684,1.0
2413,5.0,22.0,0.09825453162193298,7.90500020980835,2.0
2414,4.0,30.0,0.14182156324386597,2.859999895095825,1.0
2415,4.0,19.0,0.10884074866771698,2.9149999618530273,1.0
2416,5.0,37.0,0.18099279701709747,7.829999923706055,2.0
2417,3.0,10.0,0.0516355000436306,-1.0449999570846558,0.0
2418,3.0,6.0,0.02982601523399353,-1.024999976158142,0.0
2419,4.0,76.0,0.35503852367401123,2.630000114440918,1.0
2420,4.0,56.0,0.26549264788627625,2.7300000190734863,1.0
2421,5.0,41.0,0.1954217255115509,7.809999942779541,2.0
2422,3.0,23.0,0.10431329160928726,-1.1100000143051147,0.0
2423,3.0,13.0,0.06340441852807999,-1.059999942779541,0.0
2424,4.0,31.0,0.1412186175584793,2.8550000190734863,1.0
2425,4.0,8.0,0.04006558656692505,2.9700000286102295,1.0
2426,5.0,14.0,0.06715807318687439,7.945000171661377,2.0
2427,5.0,79.0,0.3871760964393616,7.619999885559082,2.0
2428,3.0,6.0,0.02320672944188118,-1.024999976158142,0.0
2429,3.0,67.0,0.29175645112991333,-1.3300000429153442,0.0
2430,3.0,14.0,0.0642080008983612,-1.065000057220459,0.0
2431,5.0,39.0,0.18838775157928467,7.820000171661377,2.0
2432,4.0,33.0,0.1460820883512497,2.8450000286102295,1.0
2433,4.0,25.0,0.10259448736906052,2.884999990463257,1.0
2434,5.0,34.0,0.18485307693481445,7.84499979019165,2.0
2435,4.0,33.0,0.17688696086406708,2.8450000286102295,1.0
2436,4.0,18.0,0.08814918994903564,2.9200000762939453,1.0
2437,3.0,17.0,0.0748353824019432,-1.0800000429153442,0.0
2438,4.0,38.0,0.15556852519512177,2.819999933242798,1.0
2439,3.0,56.0,0.2787435054779053,-1.274999976158142,0.0
2440,3.0,15.0,0.05586882308125496,-1.0700000524520874,0.0
2441,4.0,21.0,0.09427511692047119,2.9049999713897705,1.0
2442,4.0,4.0,0.02431783452630043,2.990000009536743,1.0
2443,3.0,7.0,0.05025776848196983,-1.0299999713897705,0.0
2444,5.0,19.0,0.08975254744291306,7.920000076293945,2.0
2445,3.0,4.0,0.01526364590972662,-1.0149999856948853,0.0
2446,5.0,21.0,0.09048932045698166,7.909999847412109,2.0
2447,3.0,10.0,0.03536435589194298,-1.0449999570846558,0.0
2448,5.0,57.0,0.26236069202423096,7.730000019073486,2.0
2449,5.0,28.0,0.14522987604141235,7.875,2.0
2450,3.0,14.0,0.05670618265867233,-1.065000057220459,0.0
2451,3.0,18.0,0.06991197168827057,-1.0850000381469727,0.0
2452,3.0,4.0,0.02187703549861908,-1.0149999856948853,0.0
2453,4.0,7.0,0.02691204659640789,2.9749999046325684,1.0
2454,3.0,11.0,0.05150367319583893,-1.0499999523162842,0.0
2455,6.0,54.0,0.2577008903026581,13.75,3.0
2456,3.0,5.0,0.02126125618815422,-1.0199999809265137,0.0
2457,4.0,17.0,0.08522514998912811,2.924999952316284,1.0
2458,6.0,26.0,0.1390710473060608,13.890000343322754,3.0
2459,6.0,39.0,0.21032041311264038,13.824999809265137,3.0
2460,7.0,39.0,0.17885693907737732,20.829999923706055,4.0
2461,4.0,30.0,0.15333284437656403,2.859999895095825,1.0
2462,4.0,9.0,0.045633625239133835,2.9649999141693115,1.0
2463,4.0,9.0,0.0489305704832077,2.9649999141693115,1.0
2464,3.0,38.0,0.1968923807144165,-1.184999942779541,0.0
2465,4.0,43.0,0.18223172426223755,2.7950000762939453,1.0
2466,3.0,20.0,0.0881669819355011,-1.0950000286102295,0.0
2467,5.0,50.0,0.23844940960407257,7.764999866485596,2.0
2468,3.0,15.0,0.05365903675556183,-1.0700000524520874,0.0
2469,4.0,56.0,0.28196409344673157,2.7300000190734863,1.0
2470,3.0,9.0,0.038034357130527496,-1.0399999618530273,0.0
2471,4.0,16.0,0.06781987845897675,2.930000066757202,1.0
2472,4.0,26.0,0.1313321441411972,2.880000114440918,1.0
2473,3.0,11.0,0.057744912803173065,-1.0499999523162842,0.0
2474,3.0,21.0,0.11774645745754242,-1.100000023841858,0.0
2475,4.0,35.0,0.2018389254808426,2.8350000381469727,1.0
2476,4.0,27.0,0.14331524074077606,2.875,1.0
2477,4.0,39.0,0.1819612681865692,2.815000057220459,1.0
2478,5.0,14.0,0.07007086277008057,7.945000171661377,2.0
2479,3.0,8.0,0.032667454332113266,-1.034999966621399,0.0
2480,5.0,80.0,0.37966272234916687,7.614999771118164,2.0
2481,4.0,14.0,0.07140648365020752,2.940000057220459,1.0
2482,3.0,30.0,0.1531650424003601,-1.1449999809265137,0.0
2483,3.0,5.0,0.020101219415664673,-1.0199999809265137,0.0
2484,5.0,31.0,0.14756891131401062,7.860000133514404,2.0
2485,5.0,12.0,0.0751572996377945,7.954999923706055,2.0
2486,3.0,11.0,0.05679500102996826,-1.0499999523162842,0.0
2487,4.0,10.0,0.048581674695014954,2.9600000381469727,1.0
2488,5.0,40.0,0.18878713250160217,7.815000057220459,2.0
2489,6.0,50.0,0.25177836418151855,13.770000457763672,3.0
2490,4.0,19.0,0.09264139831066132,2.9149999618530273,1.0
2491,4.0,25.0,0.12002095580101013,2.884999990463257,1.0
2492,4.0,9.0,0.03309538960456848,2.9649999141693115,1.0
2493,3.0,12.0,0.06273927539587021,-1.0549999475479126,0.0
2494,5.0,24.0,0.1094520315527916,7.894999980926514,2.0
2495,10.0,147.0,0.7144125699996948,47.30500030517578,7.0
2496,3.0,9.0,0.042892202734947205,-1.0399999618530273,0.0
2497,4.0,7.0,0.03572091460227966,2.9749999046325684,1.0
2498,6.0,47.0,0.20058877766132355,13.78499984741211,3.0
2499,4.0,7.0,0.03947819024324417,2.9749999046325684,1.0
2500,3.0,36.0,0.18945322930812836,-1.1749999523162842,0.0
2501,3.0,8.0,0.03861838951706886,-1.034999966621399,0.0
2502,4.0,34.0,0.15758992731571198,2.8399999141693115,1.0
2503,6.0,89.0,0.4252072274684906,13.574999809265137,3.0
2504,4.0,8.0,0.0386444553732872,2.9700000286102295,1.0
2505,4.0,23.0,0.13371466100215912,2.8949999809265137,1.0
2506,4.0,7.0,0.03784825652837753,2.9749999046325684,1.0
2507,3.0,30.0,0.16059835255146027,-1.1449999809265137,0.0
2508,4.0,38.0,0.18058879673480988,2.819999933242798,1.0
2509,6.0,59.0,0.27927953004837036,13.725000381469727,3.0
2510,3.0,6.0,0.02696940489113331,-1.024999976158142,0.0
2511,3.0,4.0,0.01993117667734623,-1.0149999856948853,0.0
2512,4.0,10.0,0.03436534106731415,2.9600000381469727,1.0
2513,4.0,19.0,0.07987572252750397,2.9149999618530273,1.0
2514,3.0,11.0,0.0652226135134697,-1.0499999523162842,0.0
2515,4.0,23.0,0.1390341967344284,2.8949999809265137,1.0
2516,5.0,41.0,0.1976400464773178,7.809999942779541,2.0
2517,3.0,4.0,0.021682918071746826,-1.0149999856948853,0.0
2518,3.0,13.0,0.055284373462200165,-1.059999942779541,0.0
2519,3.0,12.0,0.06657376140356064,-1.0549999475479126,0.0
2520,3.0,19.0,0.0782860741019249,-1.090000033378601,0.0
2521,4.0,10.0,0.05481361597776413,2.9600000381469727,1.0
2522,3.0,20.0,0.11335624754428864,-1.0950000286102295,0.0
2523,4.0,55.0,0.27792075276374817,2.734999895095825,1.0
2524,5.0,19.0,0.08708363026380539,7.920000076293945,2.0
2525,4.0,32.0,0.14246506989002228,2.8499999046325684,1.0
2526,3.0,5.0,0.019219696521759033,-1.0199999809265137,0.0
2527,5.0,44.0,0.20862996578216553,7.795000076293945,2.0
2528,3.0,5.0,0.024982165545225143,-1.0199999809265137,0.0
2529,5.0,23.0,0.1112539991736412,7.900000095367432,2.0
2530,3.0,8.0,0.03920835629105568,-1.034999966621399,0.0
2531,4.0,23.0,0.11663281917572021,2.8949999809265137,1.0
2532,4.0,6.0,0.03657433018088341,2.9800000190734863,1.0
2533,6.0,65.0,0.30000200867652893,13.694999694824219,3.0
2534,3.0,27.0,0.12290351837873459,-1.1299999952316284,0.0
2535,4.0,14.0,0.07786825299263,2.940000057220459,1.0
2536,7.0,54.0,0.26378506422042847,20.7549991607666,4.0
2537,4.0,18.0,0.10093830525875092,2.9200000762939453,1.0
2538,4.0,19.0,0.10560376942157745,2.9149999618530273,1.0
2539,3.0,4.0,0.015083417296409607,-1.0149999856948853,0.0
2540,3.0,23.0,0.10396254807710648,-1.1100000143051147,0.0
2541,4.0,21.0,0.10899671912193298,2.9049999713897705,1.0
2542,4.0,27.0,0.1500801146030426,2.875,1.0
2543,3.0,12.0,0.06376481056213379,-1.0549999475479126,0.0
2544,3.0,11.0,0.05761653929948807,-1.0499999523162842,0.0
2545,4.0,25.0,0.11398045718669891,2.884999990463257,1.0
2546,5.0,18.0,0.09160703420639038,7.925000190734863,2.0
2547,5.0,55.0,0.2723265588283539,7.739999771118164,2.0
2548,5.0,43.0,0.20189549028873444,7.800000190734863,2.0
2549,5.0,90.0,0.438260555267334,7.565000057220459,2.0
2550,6.0,91.0,0.4301322400569916,13.5649995803833,3.0
2551,4.0,48.0,0.21632957458496094,2.7699999809265137,1.0
2552,3.0,19.0,0.08859994262456894,-1.090000033378601,0.0
2553,7.0,68.0,0.311301589012146,20.684999465942383,4.0
2554,3.0,19.0,0.1036047637462616,-1.090000033378601,0.0
2555,7.0,26.0,0.14131376147270203,20.895000457763672,4.0
2556,4.0,41.0,0.2147715985774994,2.805000066757202,1.0
2557,4.0,19.0,0.09530900418758392,2.9149999618530273,1.0
2558,3.0,22.0,0.10696589946746826,-1.1050000190734863,0.0
2559,4.0,36.0,0.1635807454586029,2.8299999237060547,1.0
2560,3.0,45.0,0.26948675513267517,-1.2200000286102295,0.0
2561,3.0,27.0,0.13643689453601837,-1.1299999952316284,0.0
2562,3.0,19.0,0.11597371101379395,-1.090000033378601,0.0
2563,3.0,16.0,0.08105088025331497,-1.0750000476837158,0.0
2564,4.0,16.0,0.07567817717790604,2.930000066757202,1.0
2565,5.0,25.0,0.1311262995004654,7.889999866485596,2.0
2566,3.0,9.0,0.04405045509338379,-1.0399999618530273,0.0
2567,6.0,86.0,0.41832655668258667,13.59000015258789,3.0
2568,3.0,53.0,0.23974443972110748,-1.2599999904632568,0.0
2569,7.0,88.0,0.391723096370697,20.584999084472656,4.0
2570,4.0,35.0,0.17732013761997223,2.8350000381469727,1.0
2571,3.0,11.0,0.0577981062233448,-1.0499999523162842,0.0
2572,5.0,20.0,0.11930182576179504,7.914999961853027,2.0
2573,3.0,15.0,0.07788028568029404,-1.0700000524520874,0.0
2574,6.0,71.0,0.30842098593711853,13.664999961853027,3.0
2575,3.0,22.0,0.10170915722846985,-1.1050000190734863,0.0
2576,6.0,39.0,0.20884601771831512,13.824999809265137,3.0
2577,3.0,19.0,0.0808306634426117,-1.090000033378601,0.0
2578,5.0,52.0,0.265889048576355,7.755000114440918,2.0
2579,3.0,5.0,0.031859833747148514,-1.0199999809265137,0.0
2580,4.0,14.0,0.058026205748319626,2.940000057220459,1.0
2581,6.0,86.0,0.4217159152030945,13.59000015258789,3.0
2582,4.0,49.0,0.22969889640808105,2.765000104904175,1.0
2583,3.0,8.0,0.047712236642837524,-1.034999966621399,0.0
2584,8.0,42.0,0.19473965466022491,28.81999969482422,5.0
2585,4.0,11.0,0.05382821336388588,2.9549999237060547,1.0
2586,5.0,45.0,0.22285591065883636,7.789999961853027,2.0
2587,5.0,36.0,0.16985811293125153,7.835000038146973,2.0
2588,6.0,36.0,0.1692083775997162,13.84000015258789,3.0
2589,3.0,14.0,0.05849403887987137,-1.065000057220459,0.0
2590,3.0,5.0,0.025016646832227707,-1.0199999809265137,0.0
2591,7.0,62.0,0.2624114751815796,20.71500015258789,4.0
2592,3.0,4.0,0.018218625336885452,-1.0149999856948853,0.0
2593,3.0,22.0,0.10793548077344894,-1.1050000190734863,0.0
2594,11.0,94.0,0.4503028094768524,58.57500076293945,8.0
2595,6.0,31.0,0.15754996240139008,13.864999771118164,3.0
2596,6.0,20.0,0.09976065903902054,13.920000076293945,3.0
2597,3.0,12.0,0.06788039207458496,-1.0549999475479126,0.0
2598,5.0,35.0,0.16210411489009857,7.840000152587891,2.0
2599,5.0,10.0,0.04784135892987251,7.965000152587891,2.0
2600,3.0,11.0,0.0644727572798729,-1.0499999523162842,0.0
2601,3.0,15.0,0.05840206891298294,-1.0700000524520874,0.0
2602,3.0,12.0,0.053103942424058914,-1.0549999475479126,0.0
2603,3.0,20.0,0.11195497959852219,-1.0950000286102295,0.0
2604,4.0,32.0,0.15775415301322937,2.8499999046325684,1.0
2605,3.0,9.0,0.03681037575006485,-1.0399999618530273,0.0
2606,3.0,4.0,0.03251740708947182,-1.0149999856948853,0.0
2607,4.0,30.0,0.16980625689029694,2.859999895095825,1.0
2608,4.0,58.0,0.31444159150123596,2.7200000286102295,1.0
2609,3.0,13.0,0.06019408255815506,-1.059999942779541,0.0
2610,5.0,79.0,0.3784475028514862,7.619999885559082,2.0
2611,5.0,45.0,0.2570614814758301,7.789999961853027,2.0
2612,4.0,16.0,0.08972916752099991,2.930000066757202,1.0
2613,4.0,31.0,0.15212589502334595,2.8550000190734863,1.0
2614,4.0,18.0,0.08961856365203857,2.9200000762939453,1.0
2615,3.0,17.0,0.08757421374320984,-1.0800000429153442,0.0
2616,4.0,6.0,0.030192792415618896,2.9800000190734863,1.0
2617,3.0,16.0,0.08959799259901047,-1.0750000476837158,0.0
2618,3.0,15.0,0.0779278576374054,-1.0700000524520874,0.0
2619,5.0,59.0,0.2911825180053711,7.71999979019165,2.0
2620,3.0,5.0,0.01915379799902439,-1.0199999809265137,0.0
2621,3.0,33.0,0.16093552112579346,-1.159999966621399,0.0
2622,6.0,70.0,0.30299150943756104,13.670000076293945,3.0
2623,4.0,45.0,0.28569120168685913,2.7850000858306885,1.0
2624,4.0,20.0,0.10738847404718399,2.9100000858306885,1.0
2625,4.0,5.0,0.028745170682668686,2.984999895095825,1.0
2626,5.0,37.0,0.18163612484931946,7.829999923706055,2.0
2627,3.0,15.0,0.07827000319957733,-1.0700000524520874,0.0
2628,3.0,5.0,0.032954584807157516,-1.0199999809265137,0.0
2629,3.0,14.0,0.070356085896492,-1.065000057220459,0.0
2630,3.0,5.0,0.027161985635757446,-1.0199999809265137,0.0
2631,5.0,63.0,0.29893261194229126,7.699999809265137,2.0
2632,3.0,9.0,0.038142405450344086,-1.0399999618530273,0.0
2633,5.0,19.0,0.09633317589759827,7.920000076293945,2.0
2634,5.0,40.0,0.18524210155010223,7.815000057220459,2.0
2635,3.0,4.0,0.02003629133105278,-1.0149999856948853,0.0
2636,3.0,34.0,0.16406121850013733,-1.1649999618530273,0.0
2637,4.0,35.0,0.15401820838451385,2.8350000381469727,1.0
2638,4.0,9.0,0.0393485464155674,2.9649999141693115,1.0
2639,3.0,8.0,0.029104717075824738,-1.034999966621399,0.0
2640,4.0,12.0,0.04774769768118858,2.950000047683716,1.0
2641,4.0,19.0,0.07590926438570023,2.9149999618530273,1.0
2642,4.0,49.0,0.21280451118946075,2.765000104904175,1.0
2643,3.0,19.0,0.0744025707244873,-1.090000033378601,0.0
2644,4.0,11.0,0.05974119156599045,2.9549999237060547,1.0
2645,5.0,25.0,0.14348651468753815,7.889999866485596,2.0
2646,3.0,5.0,0.027582652866840363,-1.0199999809265137,0.0
2647,3.0,39.0,0.21408434212207794,-1.190000057220459,0.0
2648,8.0,50.0,0.23732629418373108,28.780000686645508,5.0
2649,5.0,44.0,0.19329023361206055,7.795000076293945,2.0
2650,3.0,12.0,0.04895162209868431,-1.0549999475479126,0.0
2651,4.0,18.0,0.10018271952867508,2.9200000762939453,1.0
2652,3.0,26.0,0.12879043817520142,-1.125,0.0
2653,4.0,19.0,0.09076233953237534,2.9149999618530273,1.0
2654,5.0,26.0,0.13643836975097656,7.885000228881836,2.0
2655,5.0,22.0,0.09936503320932388,7.90500020980835,2.0
2656,6.0,35.0,0.18303623795509338,13.845000267028809,3.0
2657,6.0,55.0,0.2562183737754822,13.744999885559082,3.0
2658,6.0,41.0,0.22610850632190704,13.8149995803833,3.0
2659,3.0,8.0,0.03611629828810692,-1.034999966621399,0.0
2660,4.0,6.0,0.02324671670794487,2.9800000190734863,1.0
2661,4.0,9.0,0.03257695212960243,2.9649999141693115,1.0
2662,3.0,11.0,0.045149192214012146,-1.0499999523162842,0.0
2663,5.0,34.0,0.1517326533794403,7.84499979019165,2.0
2664,3.0,11.0,0.0540541410446167,-1.0499999523162842,0.0
2665,5.0,25.0,0.1463368833065033,7.889999866485596,2.0
2666,3.0,13.0,0.06633153557777405,-1.059999942779541,0.0
2667,4.0,23.0,0.11379016935825348,2.8949999809265137,1.0
2668,4.0,11.0,0.04867568239569664,2.9549999237060547,1.0
2669,3.0,4.0,0.01873932220041752,-1.0149999856948853,0.0
2670,3.0,32.0,0.18451376259326935,-1.1549999713897705,0.0
2671,4.0,7.0,0.03444288671016693,2.9749999046325684,1.0
2672,4.0,4.0,0.017686907202005386,2.990000009536743,1.0
2673,4.0,25.0,0.12219640612602234,2.884999990463257,1.0
2674,4.0,33.0,0.16329625248908997,2.8450000286102295,1.0
2675,3.0,13.0,0.06145196780562401,-1.059999942779541,0.0
2676,4.0,11.0,0.06368547677993774,2.9549999237060547,1.0
2677,6.0,37.0,0.17636637389659882,13.835000038146973,3.0
2678,9.0,46.0,0.21739189326763153,37.80500030517578,6.0
2679,4.0,41.0,0.20489732921123505,2.805000066757202,1.0
2680,6.0,73.0,0.3768462538719177,13.654999732971191,3.0
2681,3.0,17.0,0.11178011447191238,-1.0800000429153442,0.0
2682,4.0,33.0,0.17595402896404266,2.8450000286102295,1.0
2683,3.0,16.0,0.08860941976308823,-1.0750000476837158,0.0
2684,3.0,4.0,0.019306696951389313,-1.0149999856948853,0.0
2685,4.0,23.0,0.12323308736085892,2.8949999809265137,1.0
2686,3.0,6.0,0.03457130491733551,-1.024999976158142,0.0
2687,6.0,62.0,0.3151704967021942,13.710000038146973,3.0
2688,6.0,53.0,0.24853084981441498,13.755000114440918,3.0
2689,4.0,8.0,0.04713011905550957,2.9700000286102295,1.0
2690,3.0,10.0,0.05395076796412468,-1.0449999570846558,0.0
2691,7.0,49.0,0.26810741424560547,20.780000686645508,4.0
2692,4.0,28.0,0.1574857383966446,2.869999885559082,1.0
2693,4.0,8.0,0.04816174507141113,2.9700000286102295,1.0
2694,6.0,34.0,0.15708930790424347,13.850000381469727,3.0
2695,4.0,7.0,0.04231274873018265,2.9749999046325684,1.0
2696,3.0,20.0,0.09280450642108917,-1.0950000286102295,0.0
2697,3.0,25.0,0.11049066483974457,-1.1200000047683716,0.0
2698,3.0,19.0,0.08576881140470505,-1.090000033378601,0.0
2699,4.0,17.0,0.07836794853210449,2.924999952316284,1.0
2700,5.0,20.0,0.08801146596670151,7.914999961853027,2.0
2701,5.0,25.0,0.126000314950943,7.889999866485596,2.0
2702,4.0,17.0,0.07235833257436752,2.924999952316284,1.0
2703,4.0,17.0,0.08901053667068481,2.924999952316284,1.0
2704,4.0,23.0,0.12775978446006775,2.8949999809265137,1.0
2705,3.0,14.0,0.06496287882328033,-1.065000057220459,0.0
2706,3.0,3.0,0.014744923450052738,-1.0099999904632568,0.0
2707,4.0,6.0,0.02870132401585579,2.9800000190734863,1.0
2708,5.0,27.0,0.1318744421005249,7.880000114440918,2.0
2709,5.0,55.0,0.26351791620254517,7.739999771118164,2.0
2710,3.0,11.0,0.06923265010118484,-1.0499999523162842,0.0
2711,4.0,33.0,0.15401969850063324,2.8450000286102295,1.0
2712,5.0,9.0,0.034305911511182785,7.96999979019165,2.0
2713,4.0,6.0,0.021580958738923073,2.9800000190734863,1.0
2714,3.0,10.0,0.04918786883354187,-1.0449999570846558,0.0
2715,3.0,28.0,0.11461680382490158,-1.1349999904632568,0.0
2716,7.0,56.0,0.3018406927585602,20.7450008392334,4.0
2717,6.0,24.0,0.10552913695573807,13.899999618530273,3.0
2718,3.0,8.0,0.04824481159448624,-1.034999966621399,0.0
2719,6.0,37.0,0.20278772711753845,13.835000038146973,3.0
2720,3.0,18.0,0.08450417220592499,-1.0850000381469727,0.0
2721,5.0,16.0,0.08324433118104935,7.934999942779541,2.0
2722,3.0,9.0,0.041512131690979004,-1.0399999618530273,0.0
2723,4.0,14.0,0.0701529011130333,2.940000057220459,1.0
2724,5.0,49.0,0.23236605525016785,7.769999980926514,2.0
2725,4.0,16.0,0.07648652791976929,2.930000066757202,1.0
2726,3.0,5.0,0.01935090683400631,-1.0199999809265137,0.0
2727,3.0,4.0,0.02703237347304821,-1.0149999856948853,0.0
2728,3.0,16.0,0.08003115653991699,-1.0750000476837158,0.0
2729,3.0,12.0,0.06354006379842758,-1.0549999475479126,0.0
2730,3.0,21.0,0.11930295079946518,-1.100000023841858,0.0
2731,5.0,27.0,0.13804246485233307,7.880000114440918,2.0
2732,4.0,16.0,0.08083335310220718,2.930000066757202,1.0
2733,5.0,38.0,0.15130376815795898,7.824999809265137,2.0
2734,5.0,27.0,0.13087856769561768,7.880000114440918,2.0
2735,4.0,24.0,0.11454412341117859,2.890000104904175,1.0
2736,4.0,17.0,0.08105233311653137,2.924999952316284,1.0
2737,4.0,18.0,0.09803757071495056,2.9200000762939453,1.0
2738,4.0,27.0,0.1368061900138855,2.875,1.0
2739,4.0,26.0,0.12250778079032898,2.880000114440918,1.0
2740,4.0,9.0,0.04011061042547226,2.9649999141693115,1.0
2741,5.0,13.0,0.06025634706020355,7.949999809265137,2.0
2742,5.0,31.0,0.13652919232845306,7.860000133514404,2.0
2743,4.0,31.0,0.16301892697811127,2.8550000190734863,1.0
2744,4.0,21.0,0.09709858894348145,2.9049999713897705,1.0
2745,3.0,29.0,0.15521866083145142,-1.1399999856948853,0.0
2746,5.0,25.0,0.12264101207256317,7.889999866485596,2.0
2747,4.0,27.0,0.1457841396331787,2.875,1.0
2748,5.0,43.0,0.20071624219417572,7.800000190734863,2.0
2749,7.0,33.0,0.18553988635540009,20.860000610351562,4.0
2750,6.0,39.0,0.21592651307582855,13.824999809265137,3.0
2751,3.0,12.0,0.0633237212896347,-1.0549999475479126,0.0
2752,6.0,74.0,0.39238759875297546,13.649999618530273,3.0
2753,4.0,14.0,0.06178697198629379,2.940000057220459,1.0
2754,6.0,60.0,0.33486130833625793,13.720000267028809,3.0
2755,3.0,36.0,0.21096022427082062,-1.1749999523162842,0.0
2756,6.0,75.0,0.3991181552410126,13.645000457763672,3.0
2757,7.0,46.0,0.255024790763855,20.795000076293945,4.0
2758,4.0,34.0,0.21498805284500122,2.8399999141693115,1.0
2759,4.0,7.0,0.040228091180324554,2.9749999046325684,1.0
2760,3.0,20.0,0.10778413712978363,-1.0950000286102295,0.0
2761,5.0,33.0,0.15760394930839539,7.849999904632568,2.0
2762,3.0,4.0,0.01121415477246046,-1.0149999856948853,0.0
2763,5.0,24.0,0.11830943077802658,7.894999980926514,2.0
2764,5.0,21.0,0.10024765878915787,7.909999847412109,2.0
2765,4.0,19.0,0.08819116652011871,2.9149999618530273,1.0
2766,4.0,20.0,0.14030693471431732,2.9100000858306885,1.0
2767,5.0,18.0,0.09011787921190262,7.925000190734863,2.0
2768,3.0,25.0,0.13001815974712372,-1.1200000047683716,0.0
2769,6.0,77.0,0.36800119280815125,13.635000228881836,3.0
2770,4.0,24.0,0.13710005581378937,2.890000104904175,1.0
2771,4.0,10.0,0.05005598068237305,2.9600000381469727,1.0
2772,3.0,8.0,0.029093211516737938,-1.034999966621399,0.0
2773,6.0,54.0,0.2864537835121155,13.75,3.0
2774,5.0,23.0,0.12941524386405945,7.900000095367432,2.0
2775,4.0,17.0,0.10427022725343704,2.924999952316284,1.0
2776,4.0,19.0,0.10037218779325485,2.9149999618530273,1.0
2777,5.0,40.0,0.23163869976997375,7.815000057220459,2.0
2778,6.0,46.0,0.2219887673854828,13.789999961853027,3.0
2779,4.0,16.0,0.07240870594978333,2.930000066757202,1.0
2780,7.0,56.0,0.324922651052475,20.7450008392334,4.0
2781,5.0,41.0,0.22274339199066162,7.809999942779541,2.0
2782,5.0,33.0,0.17272117733955383,7.849999904632568,2.0
2783,4.0,31.0,0.16784855723381042,2.8550000190734863,1.0
2784,3.0,12.0,0.08735428005456924,-1.0549999475479126,0.0
2785,8.0,63.0,0.37860342860221863,28.71500015258789,5.0
2786,4.0,10.0,0.055181633681058884,2.9600000381469727,1.0
2787,4.0,25.0,0.14108991622924805,2.884999990463257,1.0
2788,5.0,31.0,0.15725259482860565,7.860000133514404,2.0
2789,3.0,20.0,0.10484503209590912,-1.0950000286102295,0.0
2790,4.0,12.0,0.08875015377998352,2.950000047683716,1.0
2791,5.0,30.0,0.18710651993751526,7.864999771118164,2.0
2792,4.0,39.0,0.24179533123970032,2.815000057220459,1.0
2793,5.0,32.0,0.18630824983119965,7.855000019073486,2.0
2794,3.0,5.0,0.033822201192379,-1.0199999809265137,0.0
2795,3.0,9.0,0.04313763603568077,-1.0399999618530273,0.0
2796,4.0,33.0,0.1404648721218109,2.8450000286102295,1.0
2797,7.0,46.0,0.2696343958377838,20.795000076293945,4.0
2798,6.0,58.0,0.35803961753845215,13.729999542236328,3.0
2799,5.0,40.0,0.21610450744628906,7.815000057220459,2.0
2800,5.0,35.0,0.15575356781482697,7.840000152587891,2.0
2801,4.0,39.0,0.19039106369018555,2.815000057220459,1.0
2802,4.0,15.0,0.06931676715612411,2.934999942779541,1.0
2803,3.0,23.0,0.12455594539642334,-1.1100000143051147,0.0
2804,4.0,27.0,0.14098910987377167,2.875,1.0
2805,3.0,13.0,0.0693259984254837,-1.059999942779541,0.0
2806,7.0,52.0,0.27877068519592285,20.764999389648438,4.0
2807,4.0,16.0,0.09446487575769424,2.930000066757202,1.0
2808,4.0,4.0,0.02324228174984455,2.990000009536743,1.0
2809,6.0,57.0,0.3047301769256592,13.734999656677246,3.0
2810,5.0,12.0,0.0638011246919632,7.954999923706055,2.0
2811,6.0,53.0,0.3186887204647064,13.755000114440918,3.0
2812,3.0,18.0,0.10663902014493942,-1.0850000381469727,0.0
2813,3.0,8.0,0.03122495487332344,-1.034999966621399,0.0
2814,4.0,51.0,0.2664391100406647,2.755000114440918,1.0
2815,4.0,5.0,0.023785904049873352,2.984999895095825,1.0
2816,4.0,10.0,0.05744268000125885,2.9600000381469727,1.0
2817,5.0,42.0,0.24260710179805756,7.804999828338623,2.0
2818,4.0,9.0,0.06074356287717819,2.9649999141693115,1.0
2819,4.0,25.0,0.12759198248386383,2.884999990463257,1.0
2820,6.0,17.0,0.09052959829568863,13.9350004196167,3.0
2821,3.0,19.0,0.09891258925199509,-1.090000033378601,0.0
2822,4.0,11.0,0.06307389587163925,2.9549999237060547,1.0
2823,6.0,38.0,0.1988813579082489,13.829999923706055,3.0
2824,5.0,57.0,0.30431029200553894,7.730000019073486,2.0
2825,3.0,18.0,0.07547321915626526,-1.0850000381469727,0.0
2826,4.0,16.0,0.07691209018230438,2.930000066757202,1.0
2827,3.0,24.0,0.112848661839962,-1.1150000095367432,0.0
2828,4.0,28.0,0.16115038096904755,2.869999885559082,1.0
2829,4.0,13.0,0.05380235239863396,2.944999933242798,1.0
2830,4.0,22.0,0.12438948452472687,2.9000000953674316,1.0
2831,6.0,31.0,0.1373315304517746,13.864999771118164,3.0
2832,8.0,84.0,0.4754646420478821,28.610000610351562,5.0
2833,5.0,28.0,0.13440553843975067,7.875,2.0
2834,4.0,6.0,0.024247804656624794,2.9800000190734863,1.0
2835,7.0,54.0,0.2894280254840851,20.7549991607666,4.0
2836,3.0,29.0,0.13136477768421173,-1.1399999856948853,0.0
2837,4.0,5.0,0.02486277185380459,2.984999895095825,1.0
2838,4.0,25.0,0.12732066214084625,2.884999990463257,1.0
2839,4.0,14.0,0.06408475339412689,2.940000057220459,1.0
2840,4.0,31.0,0.1670549213886261,2.8550000190734863,1.0
2841,4.0,21.0,0.12506845593452454,2.9049999713897705,1.0
2842,4.0,13.0,0.06956374645233154,2.944999933242798,1.0
2843,5.0,23.0,0.128880575299263,7.900000095367432,2.0
2844,5.0,34.0,0.18168659508228302,7.84499979019165,2.0
2845,5.0,56.0,0.3762838840484619,7.735000133514404,2.0
2846,3.0,7.0,0.03698355332016945,-1.0299999713897705,0.0
2847,4.0,7.0,0.04588819667696953,2.9749999046325684,1.0
2848,5.0,19.0,0.10223142057657242,7.920000076293945,2.0
2849,4.0,15.0,0.09594003856182098,2.934999942779541,1.0
2850,7.0,58.0,0.31812360882759094,20.735000610351562,4.0
2851,6.0,27.0,0.13073034584522247,13.885000228881836,3.0
2852,3.0,6.0,0.03263307362794876,-1.024999976158142,0.0
2853,3.0,29.0,0.15835890173912048,-1.1399999856948853,0.0
2854,5.0,66.0,0.3440872132778168,7.684999942779541,2.0
2855,4.0,10.0,0.04459177702665329,2.9600000381469727,1.0
2856,5.0,37.0,0.22577564418315887,7.829999923706055,2.0
2857,4.0,37.0,0.20522254705429077,2.825000047683716,1.0
2858,8.0,62.0,0.3211483359336853,28.719999313354492,5.0
2859,8.0,91.0,0.5033381581306458,28.575000762939453,5.0
2860,4.0,43.0,0.2173244059085846,2.7950000762939453,1.0
2861,4.0,24.0,0.14494165778160095,2.890000104904175,1.0
2862,3.0,7.0,0.03861544281244278,-1.0299999713897705,0.0
2863,5.0,26.0,0.15494173765182495,7.885000228881836,2.0
2864,7.0,30.0,0.1882975697517395,20.875,4.0
2865,6.0,22.0,0.09495961666107178,13.90999984741211,3.0
2866,4.0,15.0,0.0695170983672142,2.934999942779541,1.0
2867,6.0,30.0,0.16929343342781067,13.869999885559082,3.0
2868,5.0,45.0,0.25455591082572937,7.789999961853027,2.0
2869,3.0,23.0,0.1236184686422348,-1.1100000143051147,0.0
2870,4.0,9.0,0.05300416424870491,2.9649999141693115,1.0
2871,4.0,25.0,0.16612951457500458,2.884999990463257,1.0
2872,5.0,8.0,0.043024204671382904,7.974999904632568,2.0
2873,7.0,68.0,0.3680930435657501,20.684999465942383,4.0
2874,8.0,59.0,0.3398219048976898,28.735000610351562,5.0
2875,4.0,42.0,0.22738689184188843,2.799999952316284,1.0
2876,4.0,9.0,0.05473438650369644,2.9649999141693115,1.0
2877,9.0,127.0,0.7367229461669922,37.400001525878906,6.0
2878,7.0,26.0,0.1408848911523819,20.895000457763672,4.0
2879,6.0,76.0,0.4206361472606659,13.640000343322754,3.0
2880,5.0,58.0,0.3023551106452942,7.724999904632568,2.0
2881,4.0,17.0,0.09591543674468994,2.924999952316284,1.0
2882,4.0,7.0,0.0355837419629097,2.9749999046325684,1.0
2883,4.0,35.0,0.18125995993614197,2.8350000381469727,1.0
2884,3.0,6.0,0.04164041578769684,-1.024999976158142,0.0
2885,5.0,12.0,0.05601036176085472,7.954999923706055,2.0
2886,4.0,7.0,0.03392307832837105,2.9749999046325684,1.0
2887,4.0,22.0,0.11092410981655121,2.9000000953674316,1.0
2888,4.0,5.0,0.02637770026922226,2.984999895095825,1.0
2889,6.0,37.0,0.20330223441123962,13.835000038146973,3.0
2890,4.0,12.0,0.0599665530025959,2.950000047683716,1.0
2891,4.0,30.0,0.17137965559959412,2.859999895095825,1.0
2892,3.0,15.0,0.08561843633651733,-1.0700000524520874,0.0
2893,7.0,65.0,0.341091513633728,20.700000762939453,4.0
2894,4.0,19.0,0.08516619354486465,2.9149999618530273,1.0
2895,9.0,61.0,0.3449341058731079,37.72999954223633,6.0
2896,6.0,37.0,0.21213345229625702,13.835000038146973,3.0
2897,3.0,25.0,0.12735939025878906,-1.1200000047683716,0.0
2898,5.0,72.0,0.3744240403175354,7.65500020980835,2.0
2899,3.0,6.0,0.02919972687959671,-1.024999976158142,0.0
2900,4.0,4.0,0.020223282277584076,2.990000009536743,1.0
2901,4.0,13.0,0.06058904528617859,2.944999933242798,1.0
2902,7.0,40.0,0.20543083548545837,20.825000762939453,4.0
2903,3.0,6.0,0.03658632934093475,-1.024999976158142,0.0
2904,3.0,5.0,0.027560435235500336,-1.0199999809265137,0.0
2905,3.0,4.0,0.024158436805009842,-1.0149999856948853,0.0
2906,4.0,16.0,0.0849868506193161,2.930000066757202,1.0
2907,5.0,16.0,0.08992811292409897,7.934999942779541,2.0
2908,4.0,8.0,0.04612070322036743,2.9700000286102295,1.0
2909,7.0,60.0,0.30924829840660095,20.725000381469727,4.0
2910,7.0,49.0,0.28224658966064453,20.780000686645508,4.0
2911,3.0,4.0,0.017227087169885635,-1.0149999856948853,0.0
2912,5.0,30.0,0.15361645817756653,7.864999771118164,2.0
2913,6.0,50.0,0.2799539268016815,13.770000457763672,3.0
2914,6.0,49.0,0.2496829628944397,13.774999618530273,3.0
2915,8.0,70.0,0.41719722747802734,28.68000030517578,5.0
2916,5.0,31.0,0.15378113090991974,7.860000133514404,2.0
2917,4.0,7.0,0.04091935604810715,2.9749999046325684,1.0
2918,5.0,23.0,0.11067797243595123,7.900000095367432,2.0
2919,3.0,4.0,0.026478692889213562,-1.0149999856948853,0.0
2920,5.0,16.0,0.10809526592493057,7.934999942779541,2.0
2921,5.0,22.0,0.12146784365177155,7.90500020980835,2.0
2922,8.0,80.0,0.4698461592197418,28.6299991607666,5.0
2923,5.0,29.0,0.18966062366962433,7.869999885559082,2.0
2924,4.0,17.0,0.10058479756116867,2.924999952316284,1.0
2925,7.0,68.0,0.352832555770874,20.684999465942383,4.0
2926,9.0,62.0,0.3505406081676483,37.724998474121094,6.0
2927,5.0,36.0,0.18656812608242035,7.835000038146973,2.0
2928,4.0,16.0,0.09145475924015045,2.930000066757202,1.0
2929,7.0,39.0,0.22473996877670288,20.829999923706055,4.0
2930,6.0,31.0,0.19295911490917206,13.864999771118164,3.0
2931,3.0,25.0,0.14954286813735962,-1.1200000047683716,0.0
2932,3.0,5.0,0.027987420558929443,-1.0199999809265137,0.0
2933,4.0,18.0,0.10364359617233276,2.9200000762939453,1.0
2934,4.0,24.0,0.1355919986963272,2.890000104904175,1.0
2935,8.0,52.0,0.28224092721939087,28.770000457763672,5.0
2936,8.0,74.0,0.38467875123023987,28.65999984741211,5.0
2937,3.0,6.0,0.038745034486055374,-1.024999976158142,0.0
2938,3.0,21.0,0.13239383697509766,-1.100000023841858,0.0
2939,3.0,13.0,0.062388524413108826,-1.059999942779541,0.0
2940,3.0,20.0,0.10855241864919662,-1.0950000286102295,0.0
2941,5.0,49.0,0.2933483421802521,7.769999980926514,2.0
2942,3.0,7.0,0.03113946132361889,-1.0299999713897705,0.0
2943,5.0,24.0,0.13167308270931244,7.894999980926514,2.0
2944,4.0,13.0,0.06308010965585709,2.944999933242798,1.0
2945,6.0,34.0,0.19021299481391907,13.850000381469727,3.0
2946,3.0,7.0,0.045755404978990555,-1.0299999713897705,0.0
2947,7.0,67.0,0.35118839144706726,20.690000534057617,4.0
2948,4.0,15.0,0.07011149078607559,2.934999942779541,1.0
2949,3.0,9.0,0.03511824458837509,-1.0399999618530273,0.0
2950,6.0,54.0,0.27204087376594543,13.75,3.0
2951,4.0,17.0,0.09439960867166519,2.924999952316284,1.0
2952,5.0,18.0,0.09788047522306442,7.925000190734863,2.0
2953,7.0,45.0,0.226451113820076,20.799999237060547,4.0
2954,7.0,42.0,0.23095963895320892,20.815000534057617,4.0
2955,4.0,22.0,0.11136132478713989,2.9000000953674316,1.0
2956,5.0,27.0,0.1660040318965912,7.880000114440918,2.0
2957,7.0,88.0,0.426499605178833,20.584999084472656,4.0
2958,4.0,20.0,0.1068585067987442,2.9100000858306885,1.0
2959,4.0,22.0,0.11963476985692978,2.9000000953674316,1.0
2960,7.0,75.0,0.4295298755168915,20.649999618530273,4.0
2961,3.0,9.0,0.05457821488380432,-1.0399999618530273,0.0
2962,3.0,4.0,0.016982724890112877,-1.0149999856948853,0.0
2963,6.0,67.0,0.3566513657569885,13.6850004196167,3.0
2964,6.0,30.0,0.15527573227882385,13.869999885559082,3.0
2965,6.0,20.0,0.11759712547063828,13.920000076293945,3.0
2966,6.0,21.0,0.11368211358785629,13.914999961853027,3.0
2967,8.0,53.0,0.27837419509887695,28.764999389648438,5.0
2968,4.0,24.0,0.13755328953266144,2.890000104904175,1.0
2969,4.0,68.0,0.35301849246025085,2.6700000762939453,1.0
2970,3.0,13.0,0.06949224323034286,-1.059999942779541,0.0
2971,5.0,31.0,0.15174174308776855,7.860000133514404,2.0
2972,6.0,60.0,0.3056357800960541,13.720000267028809,3.0
2973,4.0,20.0,0.10513278841972351,2.9100000858306885,1.0
2974,6.0,36.0,0.19901956617832184,13.84000015258789,3.0
2975,7.0,64.0,0.34211429953575134,20.704999923706055,4.0
2976,3.0,24.0,0.13007913529872894,-1.1150000095367432,0.0
2977,3.0,12.0,0.07138523459434509,-1.0549999475479126,0.0
2978,5.0,62.0,0.32714641094207764,7.704999923706055,2.0
2979,4.0,6.0,0.051741503179073334,2.9800000190734863,1.0
2980,5.0,70.0,0.4163605868816376,7.664999961853027,2.0
2981,4.0,7.0,0.03679540753364563,2.9749999046325684,1.0
2982,5.0,34.0,0.1857064962387085,7.84499979019165,2.0
2983,4.0,9.0,0.045218486338853836,2.9649999141693115,1.0
2984,5.0,51.0,0.2930567264556885,7.760000228881836,2.0
2985,4.0,48.0,0.2490924447774887,2.7699999809265137,1.0
2986,3.0,9.0,0.05609206110239029,-1.0399999618530273,0.0
2987,4.0,30.0,0.15536487102508545,2.859999895095825,1.0
2988,4.0,15.0,0.08506079763174057,2.934999942779541,1.0
2989,5.0,23.0,0.15017300844192505,7.900000095367432,2.0
2990,4.0,39.0,0.1933998167514801,2.815000057220459,1.0
2991,5.0,8.0,0.04750471189618111,7.974999904632568,2.0
2992,6.0,40.0,0.1860397905111313,13.819999694824219,3.0
2993,3.0,23.0,0.12341252714395523,-1.1100000143051147,0.0
2994,5.0,49.0,0.3057420253753662,7.769999980926514,2.0
2995,4.0,45.0,0.2887822985649109,2.7850000858306885,1.0
2996,6.0,51.0,0.30426740646362305,13.765000343322754,3.0
2997,3.0,10.0,0.058071400970220566,-1.0449999570846558,0.0
2998,3.0,11.0,0.05898137018084526,-1.0499999523162842,0.0
2999,4.0,17.0,0.09333401918411255,2.924999952316284,1.0
3000,3.0,9.0,0.04204561188817024,-1.0399999618530273,0.0
3001,5.0,63.0,0.3461954891681671,7.699999809265137,2.0
3002,9.0,95.0,0.5708926320075989,37.560001373291016,6.0
3003,4.0,34.0,0.1873117834329605,2.8399999141693115,1.0
3004,3.0,21.0,0.12659411132335663,-1.100000023841858,0.0
3005,6.0,26.0,0.1485031545162201,13.890000343322754,3.0
3006,8.0,74.0,0.4034866690635681,28.65999984741211,5.0
3007,3.0,8.0,0.052252281457185745,-1.034999966621399,0.0
3008,6.0,45.0,0.23493480682373047,13.795000076293945,3.0
3009,5.0,34.0,0.18509507179260254,7.84499979019165,2.0
3010,5.0,26.0,0.15000276267528534,7.885000228881836,2.0
3011,6.0,55.0,0.31947022676467896,13.744999885559082,3.0
3012,3.0,10.0,0.0712745264172554,-1.0449999570846558,0.0
3013,4.0,12.0,0.07575750350952148,2.950000047683716,1.0
3014,5.0,33.0,0.1978331357240677,7.849999904632568,2.0
3015,6.0,52.0,0.2837863266468048,13.760000228881836,3.0
3016,3.0,17.0,0.109267458319664,-1.0800000429153442,0.0
3017,3.0,16.0,0.07612713426351547,-1.0750000476837158,0.0
3018,8.0,79.0,0.4130796194076538,28.635000228881836,5.0
3019,4.0,23.0,0.12607139348983765,2.8949999809265137,1.0
3020,3.0,17.0,0.08418512344360352,-1.0800000429153442,0.0
3021,4.0,15.0,0.08956824243068695,2.934999942779541,1.0
3022,5.0,11.0,0.054818302392959595,7.960000038146973,2.0
3023,4.0,21.0,0.12445040792226791,2.9049999713897705,1.0
3024,9.0,71.0,0.3662085235118866,37.68000030517578,6.0
3025,13.0,154.0,0.8217335939407349,83.28500366210938,10.0
3026,5.0,20.0,0.08966650068759918,7.914999961853027,2.0
3027,4.0,15.0,0.08554119616746902,2.934999942779541,1.0
3028,3.0,14.0,0.061501096934080124,-1.065000057220459,0.0
3029,6.0,52.0,0.27872368693351746,13.760000228881836,3.0
3030,4.0,11.0,0.06386703252792358,2.9549999237060547,1.0
3031,4.0,16.0,0.09621190279722214,2.930000066757202,1.0
3032,5.0,50.0,0.2812687158584595,7.764999866485596,2.0
3033,4.0,10.0,0.06374280154705048,2.9600000381469727,1.0
3034,4.0,9.0,0.0397460050880909,2.9649999141693115,1.0
3035,5.0,50.0,0.2585403025150299,7.764999866485596,2.0
3036,4.0,24.0,0.12707935273647308,2.890000104904175,1.0
3037,7.0,54.0,0.308971107006073,20.7549991607666,4.0
3038,3.0,4.0,0.025334544479846954,-1.0149999856948853,0.0
3039,4.0,10.0,0.059697385877370834,2.9600000381469727,1.0
3040,4.0,13.0,0.073555126786232,2.944999933242798,1.0
3041,4.0,6.0,0.02853638306260109,2.9800000190734863,1.0
3042,4.0,11.0,0.06407478451728821,2.9549999237060547,1.0
3043,4.0,6.0,0.031718660145998,2.9800000190734863,1.0
3044,6.0,44.0,0.2963448166847229,13.800000190734863,3.0
3045,5.0,25.0,0.13896912336349487,7.889999866485596,2.0
3046,4.0,19.0,0.12417452037334442,2.9149999618530273,1.0
3047,6.0,50.0,0.32087254524230957,13.770000457763672,3.0
3048,7.0,85.0,0.5481384992599487,20.600000381469727,4.0
3049,3.0,5.0,0.026459889486432076,-1.0199999809265137,0.0
3050,7.0,76.0,0.4586513340473175,20.645000457763672,4.0
3051,4.0,17.0,0.10431864112615585,2.924999952316284,1.0
3052,3.0,12.0,0.08240355551242828,-1.0549999475479126,0.0
3053,3.0,7.0,0.03999385982751846,-1.0299999713897705,0.0
3054,4.0,14.0,0.0747300386428833,2.940000057220459,1.0
3055,9.0,98.0,0.5361716151237488,37.54499816894531,6.0
3056,5.0,27.0,0.17708981037139893,7.880000114440918,2.0
3057,7.0,75.0,0.44523319602012634,20.649999618530273,4.0
3058,6.0,101.0,0.5602991580963135,13.515000343322754,3.0
3059,4.0,27.0,0.1667129397392273,2.875,1.0
3060,5.0,38.0,0.17441846430301666,7.824999809265137,2.0
3061,4.0,9.0,0.03995155170559883,2.9649999141693115,1.0
3062,5.0,27.0,0.12827464938163757,7.880000114440918,2.0
3063,5.0,68.0,0.4116423428058624,7.675000190734863,2.0
3064,7.0,118.0,0.6877538561820984,20.434999465942383,4.0
3065,3.0,9.0,0.06303827464580536,-1.0399999618530273,0.0
3066,6.0,42.0,0.21471641957759857,13.8100004196167,3.0
3067,3.0,8.0,0.04957857355475426,-1.034999966621399,0.0
3068,7.0,47.0,0.2888241112232208,20.790000915527344,4.0
3069,3.0,10.0,0.05299613997340202,-1.0449999570846558,0.0
3070,6.0,25.0,0.1433390974998474,13.895000457763672,3.0
3071,6.0,67.0,0.36415112018585205,13.6850004196167,3.0
3072,4.0,9.0,0.04224682226777077,2.9649999141693115,1.0
3073,5.0,33.0,0.17677132785320282,7.849999904632568,2.0
3074,4.0,28.0,0.16542723774909973,2.869999885559082,1.0
3075,5.0,23.0,0.12964634597301483,7.900000095367432,2.0
3076,7.0,43.0,0.22474955022335052,20.809999465942383,4.0
3077,8.0,63.0,0.3706207275390625,28.71500015258789,5.0
3078,3.0,12.0,0.07597870379686356,-1.0549999475479126,0.0
3079,5.0,52.0,0.3410786986351013,7.755000114440918,2.0
3080,4.0,13.0,0.08431261777877808,2.944999933242798,1.0
3081,4.0,15.0,0.08189958333969116,2.934999942779541,1.0
3082,4.0,7.0,0.0430566668510437,2.9749999046325684,1.0
3083,4.0,27.0,0.15038785338401794,2.875,1.0
3084,5.0,46.0,0.23833520710468292,7.784999847412109,2.0
3085,4.0,4.0,0.02359410561621189,2.990000009536743,1.0
3086,5.0,36.0,0.19704991579055786,7.835000038146973,2.0
3087,6.0,44.0,0.23743890225887299,13.800000190734863,3.0
3088,4.0,15.0,0.09875377267599106,2.934999942779541,1.0
3089,5.0,22.0,0.12159908562898636,7.90500020980835,2.0
3090,4.0,16.0,0.08712437003850937,2.930000066757202,1.0
3091,8.0,132.0,0.7692608833312988,28.3700008392334,5.0
3092,6.0,27.0,0.1513146609067917,13.885000228881836,3.0
3093,4.0,37.0,0.19239838421344757,2.825000047683716,1.0
3094,4.0,33.0,0.19485653936862946,2.8450000286102295,1.0
3095,4.0,16.0,0.10007620602846146,2.930000066757202,1.0
3096,7.0,71.0,0.37983933091163635,20.670000076293945,4.0
3097,3.0,19.0,0.09183178097009659,-1.090000033378601,0.0
3098,7.0,37.0,0.18646281957626343,20.84000015258789,4.0
3099,9.0,69.0,0.4074944853782654,37.689998626708984,6.0
3100,5.0,19.0,0.12218525260686874,7.920000076293945,2.0
3101,4.0,28.0,0.17228324711322784,2.869999885559082,1.0
3102,6.0,54.0,0.31277233362197876,13.75,3.0
3103,5.0,17.0,0.09498341381549835,7.929999828338623,2.0
3104,5.0,33.0,0.17855840921401978,7.849999904632568,2.0
3105,6.0,51.0,0.29791197180747986,13.765000343322754,3.0
3106,3.0,6.0,0.03146903216838837,-1.024999976158142,0.0
3107,8.0,72.0,0.45380860567092896,28.670000076293945,5.0
3108,5.0,19.0,0.12200856953859329,7.920000076293945,2.0
3109,6.0,27.0,0.16966737806797028,13.885000228881836,3.0
3110,9.0,91.0,0.5407446622848511,37.58000183105469,6.0
3111,6.0,24.0,0.13839153945446014,13.899999618530273,3.0
3112,4.0,23.0,0.13365906476974487,2.8949999809265137,1.0
3113,6.0,51.0,0.28660985827445984,13.765000343322754,3.0
3114,6.0,22.0,0.11826570332050323,13.90999984741211,3.0
3115,4.0,13.0,0.0739847868680954,2.944999933242798,1.0
3116,4.0,11.0,0.06399120390415192,2.9549999237060547,1.0
3117,5.0,9.0,0.047539450228214264,7.96999979019165,2.0
3118,5.0,23.0,0.11962969601154327,7.900000095367432,2.0
3119,5.0,65.0,0.3963010609149933,7.690000057220459,2.0
3120,9.0,104.0,0.621953547000885,37.51499938964844,6.0
3121,4.0,9.0,0.04864837974309921,2.9649999141693115,1.0
3122,4.0,22.0,0.11312759667634964,2.9000000953674316,1.0
3123,5.0,28.0,0.15368768572807312,7.875,2.0
3124,10.0,53.0,0.3237151503562927,47.775001525878906,7.0
3125,6.0,40.0,0.22351104021072388,13.819999694824219,3.0
3126,4.0,22.0,0.1283235400915146,2.9000000953674316,1.0
3127,5.0,26.0,0.16483522951602936,7.885000228881836,2.0
3128,5.0,43.0,0.24193494021892548,7.800000190734863,2.0
3129,6.0,44.0,0.2768983244895935,13.800000190734863,3.0
3130,6.0,42.0,0.25160500407218933,13.8100004196167,3.0
3131,4.0,18.0,0.10590171068906784,2.9200000762939453,1.0
3132,4.0,13.0,0.07115834951400757,2.944999933242798,1.0
3133,4.0,8.0,0.05095576122403145,2.9700000286102295,1.0
3134,5.0,37.0,0.18676628172397614,7.829999923706055,2.0
3135,8.0,40.0,0.2303721010684967,28.829999923706055,5.0
3136,9.0,91.0,0.550460934638977,37.58000183105469,6.0
3137,5.0,19.0,0.12015889585018158,7.920000076293945,2.0
3138,5.0,22.0,0.1393725574016571,7.90500020980835,2.0
3139,4.0,44.0,0.27721282839775085,2.7899999618530273,1.0
3140,7.0,72.0,0.4937068223953247,20.665000915527344,4.0
3141,5.0,23.0,0.12182559072971344,7.900000095367432,2.0
3142,6.0,38.0,0.2186129093170166,13.829999923706055,3.0
3143,4.0,15.0,0.08294763416051865,2.934999942779541,1.0
3144,7.0,52.0,0.28974446654319763,20.764999389648438,4.0
3145,4.0,23.0,0.133164644241333,2.8949999809265137,1.0
3146,7.0,68.0,0.4217599332332611,20.684999465942383,4.0
3147,4.0,25.0,0.16718803346157074,2.884999990463257,1.0
3148,5.0,15.0,0.07042373716831207,7.940000057220459,2.0
3149,8.0,38.0,0.22105959057807922,28.84000015258789,5.0
3150,3.0,11.0,0.06219132989645004,-1.0499999523162842,0.0
3151,3.0,22.0,0.12479612231254578,-1.1050000190734863,0.0
3152,5.0,44.0,0.2486516833305359,7.795000076293945,2.0
3153,4.0,14.0,0.07159658521413803,2.940000057220459,1.0
3154,4.0,24.0,0.12826715409755707,2.890000104904175,1.0
3155,6.0,33.0,0.17989997565746307,13.854999542236328,3.0
3156,6.0,35.0,0.2064003199338913,13.845000267028809,3.0
3157,6.0,70.0,0.3996904492378235,13.670000076293945,3.0
3158,3.0,23.0,0.1476803570985794,-1.1100000143051147,0.0
3159,6.0,33.0,0.19796253740787506,13.854999542236328,3.0
3160,8.0,66.0,0.33584943413734436,28.700000762939453,5.0
3161,4.0,14.0,0.08041965216398239,2.940000057220459,1.0
3162,7.0,57.0,0.32648715376853943,20.739999771118164,4.0
3163,5.0,13.0,0.07284650951623917,7.949999809265137,2.0
3164,3.0,4.0,0.03169694542884827,-1.0149999856948853,0.0
3165,3.0,8.0,0.052247945219278336,-1.034999966621399,0.0
3166,8.0,107.0,0.7199892401695251,28.4950008392334,5.0
3167,4.0,24.0,0.16022561490535736,2.890000104904175,1.0
3168,5.0,12.0,0.072987399995327,7.954999923706055,2.0
3169,4.0,42.0,0.2688640356063843,2.799999952316284,1.0
3170,5.0,59.0,0.3363571763038635,7.71999979019165,2.0
3171,6.0,35.0,0.18777678906917572,13.845000267028809,3.0
3172,4.0,15.0,0.08081834018230438,2.934999942779541,1.0
3173,7.0,58.0,0.38049179315567017,20.735000610351562,4.0
3174,6.0,42.0,0.2588975727558136,13.8100004196167,3.0
3175,6.0,32.0,0.17763350903987885,13.859999656677246,3.0
3176,10.0,79.0,0.5084685683250427,47.64500045776367,7.0
3177,8.0,53.0,0.33658137917518616,28.764999389648438,5.0
3178,5.0,30.0,0.17582356929779053,7.864999771118164,2.0
3179,4.0,27.0,0.1462811976671219,2.875,1.0
3180,5.0,23.0,0.1356600672006607,7.900000095367432,2.0
3181,3.0,14.0,0.07468977570533752,-1.065000057220459,0.0
3182,4.0,17.0,0.11282263696193695,2.924999952316284,1.0
3183,5.0,45.0,0.3028705418109894,7.789999961853027,2.0
3184,7.0,41.0,0.21715375781059265,20.81999969482422,4.0
3185,5.0,25.0,0.14362870156764984,7.889999866485596,2.0
3186,7.0,99.0,0.6291930079460144,20.530000686645508,4.0
3187,5.0,64.0,0.43225881457328796,7.695000171661377,2.0
3188,5.0,92.0,0.6147831082344055,7.554999828338623,2.0
3189,5.0,52.0,0.3053820729255676,7.755000114440918,2.0
3190,4.0,5.0,0.022372765466570854,2.984999895095825,1.0
3191,7.0,36.0,0.20561271905899048,20.844999313354492,4.0
3192,4.0,16.0,0.08992308378219604,2.930000066757202,1.0
3193,5.0,22.0,0.14027272164821625,7.90500020980835,2.0
3194,5.0,56.0,0.35840311646461487,7.735000133514404,2.0
3195,5.0,30.0,0.18490470945835114,7.864999771118164,2.0
3196,5.0,18.0,0.11607760190963745,7.925000190734863,2.0
3197,5.0,18.0,0.11765092611312866,7.925000190734863,2.0
3198,4.0,6.0,0.03790119290351868,2.9800000190734863,1.0
3199,5.0,29.0,0.15379050374031067,7.869999885559082,2.0
3200,4.0,23.0,0.1538991928100586,2.8949999809265137,1.0
3201,6.0,61.0,0.3548203408718109,13.71500015258789,3.0
3202,6.0,52.0,0.29329928755760193,13.760000228881836,3.0
3203,5.0,34.0,0.19160789251327515,7.84499979019165,2.0
3204,3.0,7.0,0.0323394350707531,-1.0299999713897705,0.0
3205,3.0,16.0,0.09637507051229477,-1.0750000476837158,0.0
3206,5.0,21.0,0.12435604631900787,7.909999847412109,2.0
3207,5.0,43.0,0.27107957005500793,7.800000190734863,2.0
3208,8.0,84.0,0.4660803973674774,28.610000610351562,5.0
3209,3.0,15.0,0.07411202788352966,-1.0700000524520874,0.0
3210,5.0,50.0,0.24691496789455414,7.764999866485596,2.0
3211,4.0,26.0,0.14347855746746063,2.880000114440918,1.0
3212,7.0,56.0,0.3229553997516632,20.7450008392334,4.0
3213,3.0,8.0,0.03611837327480316,-1.034999966621399,0.0
3214,6.0,24.0,0.14103788137435913,13.899999618530273,3.0
3215,5.0,49.0,0.30486318469047546,7.769999980926514,2.0
3216,5.0,37.0,0.24455992877483368,7.829999923706055,2.0
3217,4.0,9.0,0.06890185177326202,2.9649999141693115,1.0
3218,8.0,91.0,0.5633541345596313,28.575000762939453,5.0
3219,4.0,10.0,0.0648888498544693,2.9600000381469727,1.0
3220,7.0,44.0,0.24587859213352203,20.80500030517578,4.0
3221,5.0,15.0,0.08058185875415802,7.940000057220459,2.0
3222,3.0,18.0,0.10418878495693207,-1.0850000381469727,0.0
3223,4.0,21.0,0.13142503798007965,2.9049999713897705,1.0
3224,6.0,30.0,0.17885303497314453,13.869999885559082,3.0
3225,6.0,43.0,0.2177206575870514,13.805000305175781,3.0
3226,3.0,6.0,0.046229708939790726,-1.024999976158142,0.0
3227,5.0,39.0,0.22762297093868256,7.820000171661377,2.0
3228,6.0,32.0,0.19462427496910095,13.859999656677246,3.0
3229,6.0,74.0,0.4286528527736664,13.649999618530273,3.0
3230,7.0,60.0,0.31631121039390564,20.725000381469727,4.0
3231,5.0,25.0,0.13837483525276184,7.889999866485596,2.0
3232,11.0,113.0,0.7142394185066223,58.47999954223633,8.0
3233,5.0,21.0,0.12103278934955597,7.909999847412109,2.0
3234,4.0,19.0,0.10244062542915344,2.9149999618530273,1.0
3235,5.0,36.0,0.22146014869213104,7.835000038146973,2.0
3236,11.0,101.0,0.5808311700820923,58.540000915527344,8.0
3237,4.0,16.0,0.0899890884757042,2.930000066757202,1.0
3238,8.0,74.0,0.42858994007110596,28.65999984741211,5.0
3239,4.0,5.0,0.02933512069284916,2.984999895095825,1.0
3240,7.0,46.0,0.2497720569372177,20.795000076293945,4.0
3241,7.0,66.0,0.36507532000541687,20.69499969482422,4.0
3242,7.0,41.0,0.24075210094451904,20.81999969482422,4.0
3243,5.0,18.0,0.11009432375431061,7.925000190734863,2.0
3244,4.0,4.0,0.022096620872616768,2.990000009536743,1.0
3245,7.0,84.0,0.5376685857772827,20.604999542236328,4.0
3246,3.0,6.0,0.02861093170940876,-1.024999976158142,0.0
3247,6.0,26.0,0.14280515909194946,13.890000343322754,3.0
3248,3.0,4.0,0.02803124487400055,-1.0149999856948853,0.0
3249,6.0,34.0,0.18650510907173157,13.850000381469727,3.0
3250,5.0,18.0,0.10117322951555252,7.925000190734863,2.0
3251,5.0,43.0,0.25937744975090027,7.800000190734863,2.0
3252,7.0,77.0,0.4391544461250305,20.639999389648438,4.0
3253,6.0,29.0,0.1720506101846695,13.875,3.0
3254,8.0,164.0,0.9970079064369202,28.209999084472656,5.0
3255,5.0,44.0,0.2874537408351898,7.795000076293945,2.0
3256,5.0,28.0,0.19686423242092133,7.875,2.0
3257,4.0,16.0,0.10474410653114319,2.930000066757202,1.0
3258,6.0,61.0,0.34363943338394165,13.71500015258789,3.0
3259,5.0,31.0,0.1821160763502121,7.860000133514404,2.0
3260,3.0,8.0,0.06310764700174332,-1.034999966621399,0.0
3261,8.0,48.0,0.26336193084716797,28.790000915527344,5.0
3262,5.0,19.0,0.1345675140619278,7.920000076293945,2.0
3263,8.0,43.0,0.24404315650463104,28.815000534057617,5.0
3264,7.0,56.0,0.34595903754234314,20.7450008392334,4.0
3265,3.0,6.0,0.03349624574184418,-1.024999976158142,0.0
3266,6.0,41.0,0.22074507176876068,13.8149995803833,3.0
3267,7.0,41.0,0.2463284283876419,20.81999969482422,4.0
3268,4.0,27.0,0.18056254088878632,2.875,1.0
3269,5.0,36.0,0.22585514187812805,7.835000038146973,2.0
3270,4.0,13.0,0.08389794826507568,2.944999933242798,1.0
3271,5.0,43.0,0.2876776456832886,7.800000190734863,2.0
3272,6.0,43.0,0.2601819336414337,13.805000305175781,3.0
3273,5.0,23.0,0.1285068392753601,7.900000095367432,2.0
3274,4.0,35.0,0.1995648890733719,2.8350000381469727,1.0
3275,11.0,72.0,0.4029707610607147,58.685001373291016,8.0
3276,6.0,44.0,0.2602667808532715,13.800000190734863,3.0
3277,3.0,24.0,0.1480501890182495,-1.1150000095367432,0.0
3278,9.0,82.0,0.49137863516807556,37.625,6.0
3279,4.0,22.0,0.1283217966556549,2.9000000953674316,1.0
3280,7.0,53.0,0.3519173264503479,20.760000228881836,4.0
3281,6.0,35.0,0.2116914689540863,13.845000267028809,3.0
3282,7.0,39.0,0.2120610475540161,20.829999923706055,4.0
3283,3.0,10.0,0.05286611244082451,-1.0449999570846558,0.0
3284,4.0,30.0,0.19578222930431366,2.859999895095825,1.0
3285,4.0,9.0,0.05845056474208832,2.9649999141693115,1.0
3286,5.0,45.0,0.26789015531539917,7.789999961853027,2.0
3287,4.0,12.0,0.05976029857993126,2.950000047683716,1.0
3288,3.0,4.0,0.0284421406686306,-1.0149999856948853,0.0
3289,6.0,20.0,0.11928853392601013,13.920000076293945,3.0
3290,7.0,34.0,0.21616262197494507,20.854999542236328,4.0
3291,5.0,24.0,0.1719701588153839,7.894999980926514,2.0
3292,3.0,13.0,0.0671573057770729,-1.059999942779541,0.0
3293,6.0,44.0,0.26305073499679565,13.800000190734863,3.0
3294,5.0,31.0,0.17455922067165375,7.860000133514404,2.0
3295,4.0,29.0,0.15207190811634064,2.865000009536743,1.0
3296,5.0,15.0,0.09576647728681564,7.940000057220459,2.0
3297,9.0,51.0,0.30560967326164246,37.779998779296875,6.0
3298,6.0,36.0,0.20971927046775818,13.84000015258789,3.0
3299,4.0,12.0,0.06482261419296265,2.950000047683716,1.0
3300,4.0,4.0,0.030920883640646935,2.990000009536743,1.0
3301,3.0,9.0,0.04502327740192413,-1.0399999618530273,0.0
3302,4.0,7.0,0.04684491083025932,2.9749999046325684,1.0
3303,4.0,10.0,0.06372726708650589,2.9600000381469727,1.0
3304,4.0,16.0,0.10924261808395386,2.930000066757202,1.0
3305,4.0,11.0,0.0800769180059433,2.9549999237060547,1.0
3306,8.0,79.0,0.49447718262672424,28.635000228881836,5.0
3307,5.0,19.0,0.10115685313940048,7.920000076293945,2.0
3308,4.0,24.0,0.13256484270095825,2.890000104904175,1.0
3309,7.0,62.0,0.3951427638530731,20.71500015258789,4.0
3310,4.0,20.0,0.113522969186306,2.9100000858306885,1.0
3311,3.0,5.0,0.025508757680654526,-1.0199999809265137,0.0
3312,7.0,46.0,0.29769110679626465,20.795000076293945,4.0
3313,4.0,11.0,0.06838305294513702,2.9549999237060547,1.0
3314,6.0,35.0,0.21651774644851685,13.845000267028809,3.0
3315,5.0,47.0,0.3347153663635254,7.78000020980835,2.0
3316,6.0,62.0,0.36039459705352783,13.710000038146973,3.0
3317,7.0,60.0,0.3483031094074249,20.725000381469727,4.0
3318,4.0,14.0,0.08318344503641129,2.940000057220459,1.0
3319,4.0,11.0,0.065802663564682,2.9549999237060547,1.0
3320,7.0,35.0,0.20366698503494263,20.850000381469727,4.0
3321,7.0,33.0,0.223003551363945,20.860000610351562,4.0
3322,4.0,25.0,0.14786221086978912,2.884999990463257,1.0
3323,9.0,59.0,0.3275514245033264,37.7400016784668,6.0
3324,4.0,6.0,0.04757650941610336,2.9800000190734863,1.0
3325,6.0,25.0,0.14881649613380432,13.895000457763672,3.0
3326,5.0,32.0,0.2083660066127777,7.855000019073486,2.0
3327,4.0,18.0,0.12808723747730255,2.9200000762939453,1.0
3328,11.0,76.0,0.45234397053718567,58.665000915527344,8.0
3329,7.0,43.0,0.3048083186149597,20.809999465942383,4.0
3330,4.0,22.0,0.11983302980661392,2.9000000953674316,1.0
3331,6.0,57.0,0.33029311895370483,13.734999656677246,3.0
3332,6.0,34.0,0.20133614540100098,13.850000381469727,3.0
3333,6.0,23.0,0.1733001172542572,13.904999732971191,3.0
3334,4.0,23.0,0.13922695815563202,2.8949999809265137,1.0
3335,7.0,76.0,0.5212759375572205,20.645000457763672,4.0
3336,4.0,32.0,0.22903971374034882,2.8499999046325684,1.0
3337,4.0,16.0,0.09728910773992538,2.930000066757202,1.0
3338,3.0,9.0,0.05979397892951965,-1.0399999618530273,0.0
3339,7.0,21.0,0.12940886616706848,20.920000076293945,4.0
3340,4.0,31.0,0.21280241012573242,2.8550000190734863,1.0
3341,4.0,20.0,0.11535800248384476,2.9100000858306885,1.0
3342,8.0,71.0,0.4838935434818268,28.674999237060547,5.0
3343,5.0,32.0,0.21547219157218933,7.855000019073486,2.0
3344,8.0,46.0,0.33693259954452515,28.799999237060547,5.0
3345,6.0,35.0,0.26591289043426514,13.845000267028809,3.0
3346,6.0,68.0,0.4039146602153778,13.680000305175781,3.0
3347,6.0,12.0,0.07901929318904877,13.960000038146973,3.0
3348,7.0,52.0,0.34221145510673523,20.764999389648438,4.0
3349,3.0,9.0,0.051115069538354874,-1.0399999618530273,0.0
3350,4.0,12.0,0.08096205443143845,2.950000047683716,1.0
3351,5.0,27.0,0.18079157173633575,7.880000114440918,2.0
3352,6.0,49.0,0.3398626744747162,13.774999618530273,3.0
3353,6.0,33.0,0.20920121669769287,13.854999542236328,3.0
3354,5.0,21.0,0.12590564787387848,7.909999847412109,2.0
3355,4.0,13.0,0.08215194195508957,2.944999933242798,1.0
3356,4.0,19.0,0.10345229506492615,2.9149999618530273,1.0
3357,6.0,23.0,0.15740227699279785,13.904999732971191,3.0
3358,6.0,35.0,0.23599347472190857,13.845000267028809,3.0
3359,3.0,10.0,0.07014069706201553,-1.0449999570846558,0.0
3360,5.0,20.0,0.1193571612238884,7.914999961853027,2.0
3361,10.0,91.0,0.6033075451850891,47.584999084472656,7.0
3362,8.0,75.0,0.45000118017196655,28.655000686645508,5.0
3363,5.0,20.0,0.11274371296167374,7.914999961853027,2.0
3364,6.0,47.0,0.30035606026649475,13.78499984741211,3.0
3365,5.0,31.0,0.1829395890235901,7.860000133514404,2.0
3366,7.0,49.0,0.29231733083724976,20.780000686645508,4.0
3367,6.0,21.0,0.13912954926490784,13.914999961853027,3.0
3368,6.0,57.0,0.35462337732315063,13.734999656677246,3.0
3369,4.0,13.0,0.08422508090734482,2.944999933242798,1.0
3370,4.0,10.0,0.05044063553214073,2.9600000381469727,1.0
3371,4.0,13.0,0.08435238152742386,2.944999933242798,1.0
3372,6.0,40.0,0.281521201133728,13.819999694824219,3.0
3373,5.0,48.0,0.29362252354621887,7.775000095367432,2.0
3374,11.0,79.0,0.4694928824901581,58.650001525878906,8.0
3375,4.0,19.0,0.14031687378883362,2.9149999618530273,1.0
3376,5.0,27.0,0.1785079389810562,7.880000114440918,2.0
3377,4.0,39.0,0.2789846360683441,2.815000057220459,1.0
3378,10.0,82.0,0.5175310969352722,47.630001068115234,7.0
3379,6.0,64.0,0.40003663301467896,13.699999809265137,3.0
3380,7.0,76.0,0.5189971923828125,20.645000457763672,4.0
3381,4.0,38.0,0.24599868059158325,2.819999933242798,1.0
3382,8.0,58.0,0.3673510253429413,28.739999771118164,5.0
3383,3.0,13.0,0.07978703826665878,-1.059999942779541,0.0
3384,8.0,53.0,0.3407551646232605,28.764999389648438,5.0
3385,5.0,38.0,0.22248348593711853,7.824999809265137,2.0
3386,5.0,21.0,0.12557652592658997,7.909999847412109,2.0
3387,7.0,54.0,0.3576816916465759,20.7549991607666,4.0
3388,5.0,12.0,0.08543619513511658,7.954999923706055,2.0
3389,5.0,26.0,0.18467186391353607,7.885000228881836,2.0
3390,5.0,27.0,0.16950081288814545,7.880000114440918,2.0
3391,9.0,112.0,0.7253716588020325,37.474998474121094,6.0
3392,6.0,34.0,0.2342718243598938,13.850000381469727,3.0
3393,4.0,7.0,0.05765284225344658,2.9749999046325684,1.0
3394,3.0,13.0,0.0837390124797821,-1.059999942779541,0.0
3395,3.0,10.0,0.07082511484622955,-1.0449999570846558,0.0
3396,3.0,7.0,0.0507708415389061,-1.0299999713897705,0.0
3397,4.0,36.0,0.2163061797618866,2.8299999237060547,1.0
3398,8.0,81.0,0.557117223739624,28.625,5.0
3399,5.0,29.0,0.17190325260162354,7.869999885559082,2.0
3400,5.0,24.0,0.14381977915763855,7.894999980926514,2.0
3401,9.0,52.0,0.36693111062049866,37.775001525878906,6.0
3402,6.0,44.0,0.27048492431640625,13.800000190734863,3.0
3403,4.0,11.0,0.06174132227897644,2.9549999237060547,1.0
3404,3.0,5.0,0.031160635873675346,-1.0199999809265137,0.0
3405,3.0,6.0,0.049197591841220856,-1.024999976158142,0.0
3406,4.0,6.0,0.04260030761361122,2.9800000190734863,1.0
3407,6.0,38.0,0.25249820947647095,13.829999923706055,3.0
3408,6.0,45.0,0.2966393530368805,13.795000076293945,3.0
3409,5.0,23.0,0.14100782573223114,7.900000095367432,2.0
3410,4.0,24.0,0.1575215458869934,2.890000104904175,1.0
3411,6.0,29.0,0.1866907775402069,13.875,3.0
3412,5.0,31.0,0.20151755213737488,7.860000133514404,2.0
3413,3.0,17.0,0.1080576479434967,-1.0800000429153442,0.0
3414,5.0,16.0,0.09517385065555573,7.934999942779541,2.0
3415,8.0,57.0,0.38438984751701355,28.7450008392334,5.0
3416,4.0,8.0,0.07736564427614212,2.9700000286102295,1.0
3417,4.0,9.0,0.08112489432096481,2.9649999141693115,1.0
3418,5.0,22.0,0.16475026309490204,7.90500020980835,2.0
3419,5.0,42.0,0.26830747723579407,7.804999828338623,2.0
3420,5.0,19.0,0.12307396531105042,7.920000076293945,2.0
3421,8.0,79.0,0.5384752154350281,28.635000228881836,5.0
3422,7.0,65.0,0.41237515211105347,20.700000762939453,4.0
3423,5.0,20.0,0.11836688220500946,7.914999961853027,2.0
3424,5.0,15.0,0.10539048910140991,7.940000057220459,2.0
3425,3.0,8.0,0.04568362236022949,-1.034999966621399,0.0
3426,6.0,26.0,0.17003296315670013,13.890000343322754,3.0
3427,4.0,15.0,0.09639613330364227,2.934999942779541,1.0
3428,6.0,67.0,0.4355364441871643,13.6850004196167,3.0
3429,4.0,23.0,0.14092645049095154,2.8949999809265137,1.0
3430,5.0,66.0,0.42153677344322205,7.684999942779541,2.0
3431,6.0,21.0,0.13977491855621338,13.914999961853027,3.0
3432,4.0,16.0,0.12761040031909943,2.930000066757202,1.0
3433,5.0,36.0,0.2675047814846039,7.835000038146973,2.0
3434,6.0,116.0,0.8168169856071472,13.4399995803833,3.0
3435,5.0,33.0,0.19496196508407593,7.849999904632568,2.0
3436,7.0,55.0,0.34851282835006714,20.75,4.0
3437,4.0,24.0,0.1688941866159439,2.890000104904175,1.0
3438,5.0,13.0,0.09564842283725739,7.949999809265137,2.0
3439,3.0,30.0,0.1843746453523636,-1.1449999809265137,0.0
3440,5.0,38.0,0.23657368123531342,7.824999809265137,2.0
3441,4.0,14.0,0.08942988514900208,2.940000057220459,1.0
3442,4.0,15.0,0.10695181041955948,2.934999942779541,1.0
3443,10.0,149.0,0.9433678388595581,47.29499816894531,7.0
3444,9.0,59.0,0.37699100375175476,37.7400016784668,6.0
3445,7.0,43.0,0.26160916686058044,20.809999465942383,4.0
3446,9.0,99.0,0.6413282155990601,37.540000915527344,6.0
3447,6.0,28.0,0.164203941822052,13.880000114440918,3.0
3448,8.0,64.0,0.3927137553691864,28.709999084472656,5.0
3449,4.0,27.0,0.18371286988258362,2.875,1.0
3450,4.0,14.0,0.09049824625253677,2.940000057220459,1.0
3451,8.0,111.0,0.6940382719039917,28.475000381469727,5.0
3452,11.0,101.0,0.7029151916503906,58.540000915527344,8.0
3453,8.0,60.0,0.39479634165763855,28.729999542236328,5.0
3454,4.0,5.0,0.04042660817503929,2.984999895095825,1.0
3455,5.0,21.0,0.14387589693069458,7.909999847412109,2.0
3456,4.0,7.0,0.06285534054040909,2.9749999046325684,1.0
3457,3.0,15.0,0.1211693286895752,-1.0700000524520874,0.0
3458,7.0,53.0,0.3587659001350403,20.760000228881836,4.0
3459,4.0,17.0,0.12246241420507431,2.924999952316284,1.0
3460,4.0,11.0,0.07601280510425568,2.9549999237060547,1.0
3461,3.0,6.0,0.03694606199860573,-1.024999976158142,0.0
3462,6.0,16.0,0.097145214676857,13.9399995803833,3.0
3463,6.0,28.0,0.1915060430765152,13.880000114440918,3.0
3464,7.0,60.0,0.4124382436275482,20.725000381469727,4.0
3465,6.0,22.0,0.16147305071353912,13.90999984741211,3.0
3466,5.0,25.0,0.1582898646593094,7.889999866485596,2.0
3467,4.0,32.0,0.22056788206100464,2.8499999046325684,1.0
3468,4.0,19.0,0.12463028728961945,2.9149999618530273,1.0
3469,3.0,5.0,0.03438595309853554,-1.0199999809265137,0.0
3470,6.0,67.0,0.45740410685539246,13.6850004196167,3.0
3471,6.0,26.0,0.1836901605129242,13.890000343322754,3.0
3472,6.0,31.0,0.21224689483642578,13.864999771118164,3.0
3473,4.0,9.0,0.060918912291526794,2.9649999141693115,1.0
3474,4.0,10.0,0.0739927887916565,2.9600000381469727,1.0
3475,4.0,11.0,0.0628480538725853,2.9549999237060547,1.0
3476,5.0,31.0,0.20934945344924927,7.860000133514404,2.0
3477,4.0,9.0,0.05928846448659897,2.9649999141693115,1.0
3478,8.0,51.0,0.32746389508247375,28.774999618530273,5.0
3479,3.0,7.0,0.03778580203652382,-1.0299999713897705,0.0
3480,3.0,10.0,0.04720470309257507,-1.0449999570846558,0.0
3481,3.0,13.0,0.0741611123085022,-1.059999942779541,0.0
3482,5.0,26.0,0.1612168550491333,7.885000228881836,2.0
3483,10.0,133.0,0.8891119360923767,47.375,7.0
3484,5.0,38.0,0.23731686174869537,7.824999809265137,2.0
3485,4.0,7.0,0.06007280573248863,2.9749999046325684,1.0
3486,8.0,72.0,0.48218223452568054,28.670000076293945,5.0
3487,4.0,16.0,0.10032911598682404,2.930000066757202,1.0
3488,4.0,8.0,0.04001661390066147,2.9700000286102295,1.0
3489,4.0,8.0,0.06330441683530807,2.9700000286102295,1.0
3490,5.0,45.0,0.29347166419029236,7.789999961853027,2.0
3491,3.0,10.0,0.06080271676182747,-1.0449999570846558,0.0
3492,11.0,115.0,0.8246816396713257,58.470001220703125,8.0
3493,4.0,34.0,0.2146466225385666,2.8399999141693115,1.0
3494,5.0,32.0,0.22253885865211487,7.855000019073486,2.0
3495,5.0,40.0,0.27555233240127563,7.815000057220459,2.0
3496,5.0,25.0,0.1623307317495346,7.889999866485596,2.0
3497,5.0,29.0,0.194829061627388,7.869999885559082,2.0
3498,5.0,18.0,0.0970979705452919,7.925000190734863,2.0
3499,3.0,4.0,0.01869357004761696,-1.0149999856948853,0.0
3500,7.0,38.0,0.2607175409793854,20.834999084472656,4.0
3501,7.0,61.0,0.3950824439525604,20.719999313354492,4.0
3502,5.0,56.0,0.31234920024871826,7.735000133514404,2.0
3503,5.0,21.0,0.13861897587776184,7.909999847412109,2.0
3504,6.0,34.0,0.23602022230625153,13.850000381469727,3.0
3505,4.0,26.0,0.16333839297294617,2.880000114440918,1.0
3506,11.0,90.0,0.556829571723938,58.595001220703125,8.0
3507,6.0,23.0,0.14682772755622864,13.904999732971191,3.0
3508,6.0,50.0,0.3329877257347107,13.770000457763672,3.0
3509,7.0,68.0,0.4375699758529663,20.684999465942383,4.0
3510,7.0,96.0,0.6181656718254089,20.545000076293945,4.0
3511,3.0,4.0,0.027708938345313072,-1.0149999856948853,0.0
3512,7.0,59.0,0.36898475885391235,20.729999542236328,4.0
3513,6.0,22.0,0.15261483192443848,13.90999984741211,3.0
3514,3.0,7.0,0.05046951398253441,-1.0299999713897705,0.0
3515,6.0,48.0,0.3222618103027344,13.779999732971191,3.0
3516,4.0,18.0,0.13239786028862,2.9200000762939453,1.0
3517,4.0,20.0,0.11568178981542587,2.9100000858306885,1.0
3518,4.0,5.0,0.02914884127676487,2.984999895095825,1.0
3519,6.0,24.0,0.12371861934661865,13.899999618530273,3.0
3520,9.0,60.0,0.3797715902328491,37.73500061035156,6.0
3521,9.0,53.0,0.36942023038864136,37.77000045776367,6.0
3522,11.0,91.0,0.5827780365943909,58.59000015258789,8.0
3523,4.0,35.0,0.20023515820503235,2.8350000381469727,1.0
3524,9.0,74.0,0.5335366129875183,37.665000915527344,6.0
3525,6.0,30.0,0.1968725323677063,13.869999885559082,3.0
3526,4.0,11.0,0.04989119991660118,2.9549999237060547,1.0
3527,4.0,24.0,0.1553654819726944,2.890000104904175,1.0
3528,8.0,68.0,0.4482055902481079,28.690000534057617,5.0
3529,5.0,59.0,0.40839487314224243,7.71999979019165,2.0
3530,7.0,41.0,0.2973046898841858,20.81999969482422,4.0
3531,5.0,17.0,0.09746535867452621,7.929999828338623,2.0
3532,4.0,21.0,0.1524716019630432,2.9049999713897705,1.0
3533,6.0,56.0,0.3983039855957031,13.739999771118164,3.0
3534,6.0,60.0,0.411027729511261,13.720000267028809,3.0
3535,6.0,44.0,0.29060256481170654,13.800000190734863,3.0
3536,5.0,29.0,0.210598424077034,7.869999885559082,2.0
3537,5.0,23.0,0.16170233488082886,7.900000095367432,2.0
3538,8.0,72.0,0.5244895219802856,28.670000076293945,5.0
3539,4.0,33.0,0.24252600967884064,2.8450000286102295,1.0
3540,5.0,22.0,0.1578895002603531,7.90500020980835,2.0
3541,9.0,76.0,0.5295289158821106,37.654998779296875,6.0
3542,3.0,9.0,0.06942174583673477,-1.0399999618530273,0.0
3543,3.0,10.0,0.0684269368648529,-1.0449999570846558,0.0
3544,8.0,49.0,0.32300838828086853,28.78499984741211,5.0
3545,4.0,4.0,0.02692205272614956,2.990000009536743,1.0
3546,5.0,30.0,0.1852320283651352,7.864999771118164,2.0
3547,6.0,45.0,0.299602210521698,13.795000076293945,3.0
3548,5.0,26.0,0.15903349220752716,7.885000228881836,2.0
3549,9.0,94.0,0.6092842817306519,37.564998626708984,6.0
3550,5.0,20.0,0.12654030323028564,7.914999961853027,2.0
3551,7.0,37.0,0.2373432219028473,20.84000015258789,4.0
3552,5.0,12.0,0.0760306641459465,7.954999923706055,2.0
3553,5.0,36.0,0.24310946464538574,7.835000038146973,2.0
3554,7.0,44.0,0.30604544281959534,20.80500030517578,4.0
3555,6.0,20.0,0.1181078851222992,13.920000076293945,3.0
3556,6.0,11.0,0.06377401947975159,13.96500015258789,3.0
3557,3.0,6.0,0.034023217856884,-1.024999976158142,0.0
3558,5.0,23.0,0.16227827966213226,7.900000095367432,2.0
3559,4.0,20.0,0.11744759231805801,2.9100000858306885,1.0
3560,10.0,143.0,0.9811084866523743,47.32500076293945,7.0
3561,8.0,84.0,0.5252520442008972,28.610000610351562,5.0
3562,7.0,56.0,0.3370957374572754,20.7450008392334,4.0
3563,3.0,15.0,0.09396040439605713,-1.0700000524520874,0.0
3564,9.0,55.0,0.3539772033691406,37.7599983215332,6.0
3565,5.0,30.0,0.20502780377864838,7.864999771118164,2.0
3566,8.0,117.0,0.7529938817024231,28.44499969482422,5.0
3567,5.0,34.0,0.22596034407615662,7.84499979019165,2.0
3568,4.0,16.0,0.10439646244049072,2.930000066757202,1.0
3569,5.0,30.0,0.19929592311382294,7.864999771118164,2.0
3570,10.0,73.0,0.4748438894748688,47.67499923706055,7.0
3571,4.0,9.0,0.0635056421160698,2.9649999141693115,1.0
3572,4.0,9.0,0.05678440257906914,2.9649999141693115,1.0
3573,6.0,52.0,0.3778200149536133,13.760000228881836,3.0
3574,4.0,8.0,0.056617267429828644,2.9700000286102295,1.0
3575,4.0,36.0,0.28265148401260376,2.8299999237060547,1.0
3576,3.0,8.0,0.05278417095541954,-1.034999966621399,0.0
3577,3.0,5.0,0.02995857410132885,-1.0199999809265137,0.0
3578,10.0,87.0,0.6821280717849731,47.60499954223633,7.0
3579,7.0,76.0,0.5130245089530945,20.645000457763672,4.0
3580,5.0,33.0,0.2634405493736267,7.849999904632568,2.0
3581,7.0,40.0,0.2512500286102295,20.825000762939453,4.0
3582,4.0,8.0,0.05372181162238121,2.9700000286102295,1.0
3583,4.0,4.0,0.032513298094272614,2.990000009536743,1.0
3584,4.0,6.0,0.04106376692652702,2.9800000190734863,1.0
3585,4.0,5.0,0.029529016464948654,2.984999895095825,1.0
3586,5.0,16.0,0.12606406211853027,7.934999942779541,2.0
3587,4.0,4.0,0.028089655563235283,2.990000009536743,1.0
3588,5.0,18.0,0.1300716996192932,7.925000190734863,2.0
3589,5.0,23.0,0.1717236042022705,7.900000095367432,2.0
3590,5.0,14.0,0.09950856119394302,7.945000171661377,2.0
3591,7.0,71.0,0.5244218707084656,20.670000076293945,4.0
3592,3.0,8.0,0.06631958484649658,-1.034999966621399,0.0
3593,8.0,95.0,0.7151844501495361,28.55500030517578,5.0
3594,3.0,9.0,0.0725167989730835,-1.0399999618530273,0.0
3595,4.0,5.0,0.030488409101963043,2.984999895095825,1.0
3596,3.0,12.0,0.08142045140266418,-1.0549999475479126,0.0
3597,4.0,40.0,0.30293360352516174,2.809999942779541,1.0
3598,8.0,82.0,0.6378090977668762,28.6200008392334,5.0
3599,6.0,36.0,0.2577049434185028,13.84000015258789,3.0
3600,7.0,35.0,0.23711860179901123,20.850000381469727,4.0
3601,7.0,61.0,0.40094923973083496,20.719999313354492,4.0
3602,4.0,14.0,0.07570985704660416,2.940000057220459,1.0
3603,4.0,17.0,0.11127667129039764,2.924999952316284,1.0
3604,8.0,67.0,0.493118554353714,28.69499969482422,5.0
3605,5.0,18.0,0.14317241311073303,7.925000190734863,2.0
3606,8.0,64.0,0.4251599609851837,28.709999084472656,5.0
3607,5.0,33.0,0.22020521759986877,7.849999904632568,2.0
3608,6.0,21.0,0.15339265763759613,13.914999961853027,3.0
3609,7.0,50.0,0.375762015581131,20.774999618530273,4.0
3610,6.0,32.0,0.22633343935012817,13.859999656677246,3.0
3611,4.0,32.0,0.1897161304950714,2.8499999046325684,1.0
3612,8.0,60.0,0.4136458933353424,28.729999542236328,5.0
3613,7.0,35.0,0.22098088264465332,20.850000381469727,4.0
3614,5.0,37.0,0.2743605077266693,7.829999923706055,2.0
3615,5.0,37.0,0.2564032971858978,7.829999923706055,2.0
3616,11.0,84.0,0.5748608708381653,58.625,8.0
3617,6.0,24.0,0.17820855975151062,13.899999618530273,3.0
3618,4.0,11.0,0.0844644159078598,2.9549999237060547,1.0
3619,4.0,42.0,0.28143930435180664,2.799999952316284,1.0
3620,4.0,22.0,0.15845626592636108,2.9000000953674316,1.0
3621,5.0,26.0,0.20325534045696259,7.885000228881836,2.0
3622,8.0,39.0,0.23209914565086365,28.834999084472656,5.0
3623,4.0,9.0,0.05558572709560394,2.9649999141693115,1.0
3624,6.0,41.0,0.26708105206489563,13.8149995803833,3.0
3625,8.0,47.0,0.3307265341281891,28.795000076293945,5.0
3626,10.0,111.0,0.7334603071212769,47.48500061035156,7.0
3627,7.0,49.0,0.3453434705734253,20.780000686645508,4.0
3628,6.0,35.0,0.24285854399204254,13.845000267028809,3.0
3629,5.0,32.0,0.18053121864795685,7.855000019073486,2.0
3630,5.0,18.0,0.11604516208171844,7.925000190734863,2.0
3631,11.0,148.0,1.0735149383544922,58.30500030517578,8.0
3632,3.0,17.0,0.11555872857570648,-1.0800000429153442,0.0
3633,4.0,10.0,0.061711788177490234,2.9600000381469727,1.0
3634,9.0,102.0,0.6645416617393494,37.525001525878906,6.0
3635,4.0,6.0,0.045231617987155914,2.9800000190734863,1.0
3636,7.0,25.0,0.15754862129688263,20.899999618530273,4.0
3637,11.0,97.0,0.7234835028648376,58.560001373291016,8.0
3638,7.0,49.0,0.30944913625717163,20.780000686645508,4.0
3639,6.0,60.0,0.4287360608577728,13.720000267028809,3.0
3640,4.0,6.0,0.04026265814900398,2.9800000190734863,1.0
3641,5.0,18.0,0.12349435687065125,7.925000190734863,2.0
3642,3.0,5.0,0.03008454665541649,-1.0199999809265137,0.0
3643,4.0,11.0,0.06844045221805573,2.9549999237060547,1.0
3644,10.0,103.0,0.6549128890037537,47.525001525878906,7.0
3645,11.0,93.0,0.6387222409248352,58.58000183105469,8.0
3646,4.0,5.0,0.035203274339437485,2.984999895095825,1.0
3647,4.0,9.0,0.05239737406373024,2.9649999141693115,1.0
3648,6.0,48.0,0.3302217423915863,13.779999732971191,3.0
3649,11.0,102.0,0.7636934518814087,58.53499984741211,8.0
3650,12.0,80.0,0.613016664981842,70.6500015258789,9.0
3651,4.0,12.0,0.0974302738904953,2.950000047683716,1.0
3652,3.0,4.0,0.024916930124163628,-1.0149999856948853,0.0
3653,5.0,32.0,0.2318347543478012,7.855000019073486,2.0
3654,4.0,23.0,0.14891187846660614,2.8949999809265137,1.0
3655,4.0,9.0,0.056993067264556885,2.9649999141693115,1.0
3656,5.0,26.0,0.17049941420555115,7.885000228881836,2.0
3657,6.0,29.0,0.223236083984375,13.875,3.0
3658,3.0,12.0,0.10984529554843903,-1.0549999475479126,0.0
3659,11.0,108.0,0.7467811107635498,58.505001068115234,8.0
3660,8.0,51.0,0.36308300495147705,28.774999618530273,5.0
3661,3.0,5.0,0.035443663597106934,-1.0199999809265137,0.0
3662,5.0,26.0,0.15532854199409485,7.885000228881836,2.0
3663,3.0,8.0,0.039505429565906525,-1.034999966621399,0.0
3664,4.0,18.0,0.11520136892795563,2.9200000762939453,1.0
3665,11.0,88.0,0.6811056733131409,58.60499954223633,8.0
3666,6.0,42.0,0.3668738007545471,13.8100004196167,3.0
3667,4.0,4.0,0.03219755366444588,2.990000009536743,1.0
3668,8.0,69.0,0.5124821662902832,28.684999465942383,5.0
3669,7.0,58.0,0.39875394105911255,20.735000610351562,4.0
3670,5.0,27.0,0.1759890764951706,7.880000114440918,2.0
3671,5.0,22.0,0.1878938525915146,7.90500020980835,2.0
3672,7.0,42.0,0.3241017758846283,20.815000534057617,4.0
3673,8.0,104.0,0.7398301959037781,28.510000228881836,5.0
3674,5.0,8.0,0.060380540788173676,7.974999904632568,2.0
3675,8.0,61.0,0.4400177299976349,28.725000381469727,5.0
3676,8.0,47.0,0.32752612233161926,28.795000076293945,5.0
3677,4.0,17.0,0.10136021673679352,2.924999952316284,1.0
3678,7.0,43.0,0.32879820466041565,20.809999465942383,4.0
3679,6.0,32.0,0.21752573549747467,13.859999656677246,3.0
3680,4.0,16.0,0.10365713387727737,2.930000066757202,1.0
3681,9.0,71.0,0.4532458186149597,37.68000030517578,6.0
3682,8.0,122.0,0.870952844619751,28.420000076293945,5.0
3683,11.0,95.0,0.6905436515808105,58.56999969482422,8.0
3684,6.0,74.0,0.5074809193611145,13.649999618530273,3.0
3685,6.0,32.0,0.22849003970623016,13.859999656677246,3.0
3686,8.0,57.0,0.40083709359169006,28.7450008392334,5.0
3687,5.0,22.0,0.1520005762577057,7.90500020980835,2.0
3688,4.0,17.0,0.12848292291164398,2.924999952316284,1.0
3689,9.0,78.0,0.49947288632392883,37.64500045776367,6.0
3690,4.0,13.0,0.10374864935874939,2.944999933242798,1.0
3691,6.0,8.0,0.0555008128285408,13.979999542236328,3.0
3692,9.0,66.0,0.4631638526916504,37.70500183105469,6.0
3693,4.0,5.0,0.053221628069877625,2.984999895095825,1.0
3694,7.0,57.0,0.4188712537288666,20.739999771118164,4.0
3695,3.0,12.0,0.07000743597745895,-1.0549999475479126,0.0
3696,5.0,42.0,0.2978699207305908,7.804999828338623,2.0
3697,4.0,27.0,0.193915456533432,2.875,1.0
3698,3.0,15.0,0.11253125220537186,-1.0700000524520874,0.0
3699,4.0,20.0,0.12905408442020416,2.9100000858306885,1.0
3700,6.0,48.0,0.3433191180229187,13.779999732971191,3.0
3701,9.0,100.0,0.7794597744941711,37.53499984741211,6.0
3702,5.0,26.0,0.1867832988500595,7.885000228881836,2.0
3703,5.0,66.0,0.48950231075286865,7.684999942779541,2.0
3704,6.0,117.0,0.8296533226966858,13.4350004196167,3.0
3705,5.0,26.0,0.17528878152370453,7.885000228881836,2.0
3706,9.0,73.0,0.5631586909294128,37.66999816894531,6.0
3707,8.0,51.0,0.4092627763748169,28.774999618530273,5.0
3708,8.0,59.0,0.474808007478714,28.735000610351562,5.0
3709,9.0,67.0,0.5220765471458435,37.70000076293945,6.0
3710,10.0,91.0,0.6682878136634827,47.584999084472656,7.0
3711,3.0,5.0,0.03114665485918522,-1.0199999809265137,0.0
3712,10.0,92.0,0.726320743560791,47.58000183105469,7.0
3713,7.0,38.0,0.25035619735717773,20.834999084472656,4.0
3714,10.0,105.0,0.7086289525032043,47.51499938964844,7.0
3715,4.0,9.0,0.06393207609653473,2.9649999141693115,1.0
3716,6.0,44.0,0.27786126732826233,13.800000190734863,3.0
3717,5.0,14.0,0.08878042548894882,7.945000171661377,2.0
3718,5.0,18.0,0.13041216135025024,7.925000190734863,2.0
3719,4.0,16.0,0.10566241294145584,2.930000066757202,1.0
3720,3.0,14.0,0.10385819524526596,-1.065000057220459,0.0
3721,9.0,86.0,0.6362366676330566,37.60499954223633,6.0
3722,5.0,41.0,0.30665579438209534,7.809999942779541,2.0
3723,6.0,29.0,0.20062629878520966,13.875,3.0
3724,7.0,79.0,0.6315421462059021,20.6299991607666,4.0
3725,5.0,15.0,0.12584540247917175,7.940000057220459,2.0
3726,12.0,84.0,0.6032669544219971,70.62999725341797,9.0
3727,8.0,48.0,0.3858308792114258,28.790000915527344,5.0
3728,5.0,39.0,0.28196197748184204,7.820000171661377,2.0
3729,4.0,12.0,0.09596527367830276,2.950000047683716,1.0
3730,5.0,36.0,0.2565426528453827,7.835000038146973,2.0
3731,8.0,44.0,0.32147178053855896,28.809999465942383,5.0
3732,6.0,27.0,0.19884513318538666,13.885000228881836,3.0
3733,8.0,57.0,0.406340092420578,28.7450008392334,5.0
3734,6.0,24.0,0.16503022611141205,13.899999618530273,3.0
3735,5.0,34.0,0.2371334433555603,7.84499979019165,2.0
3736,5.0,16.0,0.11857633292675018,7.934999942779541,2.0
3737,8.0,56.0,0.38820356130599976,28.75,5.0
3738,9.0,80.0,0.5614020228385925,37.6349983215332,6.0
3739,5.0,58.0,0.40245747566223145,7.724999904632568,2.0
3740,10.0,53.0,0.3412691354751587,47.775001525878906,7.0
3741,4.0,15.0,0.11798250675201416,2.934999942779541,1.0
3742,7.0,49.0,0.3541094958782196,20.780000686645508,4.0
3743,6.0,30.0,0.2071138173341751,13.869999885559082,3.0
3744,9.0,69.0,0.5009319186210632,37.689998626708984,6.0
3745,7.0,54.0,0.3901720941066742,20.7549991607666,4.0
3746,8.0,50.0,0.4120384454727173,28.780000686645508,5.0
3747,6.0,52.0,0.35074374079704285,13.760000228881836,3.0
3748,9.0,63.0,0.4435391426086426,37.720001220703125,6.0
3749,7.0,40.0,0.2778378427028656,20.825000762939453,4.0
3750,5.0,23.0,0.17264710366725922,7.900000095367432,2.0
3751,6.0,27.0,0.20948843657970428,13.885000228881836,3.0
3752,6.0,37.0,0.25370699167251587,13.835000038146973,3.0
3753,8.0,63.0,0.41487568616867065,28.71500015258789,5.0
3754,7.0,56.0,0.4156758487224579,20.7450008392334,4.0
3755,6.0,22.0,0.15112236142158508,13.90999984741211,3.0
3756,4.0,8.0,0.061516642570495605,2.9700000286102295,1.0
3757,5.0,7.0,0.04508763924241066,7.980000019073486,2.0
3758,6.0,29.0,0.22571036219596863,13.875,3.0
3759,4.0,34.0,0.26679301261901855,2.8399999141693115,1.0
3760,4.0,55.0,0.3730575144290924,2.734999895095825,1.0
3761,8.0,56.0,0.4149881899356842,28.75,5.0
3762,10.0,71.0,0.49744850397109985,47.685001373291016,7.0
3763,7.0,45.0,0.3116748631000519,20.799999237060547,4.0
3764,11.0,110.0,0.8011322617530823,58.494998931884766,8.0
3765,4.0,28.0,0.20664428174495697,2.869999885559082,1.0
3766,7.0,56.0,0.3829566240310669,20.7450008392334,4.0
3767,7.0,37.0,0.2724924683570862,20.84000015258789,4.0
3768,10.0,67.0,0.5517162084579468,47.70500183105469,7.0
3769,10.0,82.0,0.6795119047164917,47.630001068115234,7.0
3770,3.0,9.0,0.059250518679618835,-1.0399999618530273,0.0
3771,6.0,42.0,0.30113139748573303,13.8100004196167,3.0
3772,4.0,23.0,0.1658027172088623,2.8949999809265137,1.0
3773,7.0,61.0,0.4707428812980652,20.719999313354492,4.0
3774,6.0,34.0,0.2573499083518982,13.850000381469727,3.0
3775,6.0,23.0,0.16578778624534607,13.904999732971191,3.0
3776,5.0,10.0,0.07628258317708969,7.965000152587891,2.0
3777,4.0,8.0,0.061894580721855164,2.9700000286102295,1.0
3778,9.0,59.0,0.49724939465522766,37.7400016784668,6.0
3779,7.0,42.0,0.33000847697257996,20.815000534057617,4.0
3780,8.0,78.0,0.6797105073928833,28.639999389648438,5.0
3781,5.0,21.0,0.15598246455192566,7.909999847412109,2.0
3782,7.0,39.0,0.2955343425273895,20.829999923706055,4.0
3783,7.0,58.0,0.4005542993545532,20.735000610351562,4.0
3784,8.0,75.0,0.5552186965942383,28.655000686645508,5.0
3785,7.0,44.0,0.34035056829452515,20.80500030517578,4.0
3786,4.0,7.0,0.058397792279720306,2.9749999046325684,1.0
3787,11.0,125.0,0.9792542457580566,58.41999816894531,8.0
3788,4.0,30.0,0.2594376802444458,2.859999895095825,1.0
3789,5.0,22.0,0.2021298110485077,7.90500020980835,2.0
3790,5.0,34.0,0.24946297705173492,7.84499979019165,2.0
3791,5.0,13.0,0.10394987463951111,7.949999809265137,2.0
3792,4.0,15.0,0.11580659449100494,2.934999942779541,1.0
3793,3.0,6.0,0.054041486233472824,-1.024999976158142,0.0
3794,4.0,20.0,0.1841939240694046,2.9100000858306885,1.0
3795,4.0,27.0,0.2035135179758072,2.875,1.0
3796,9.0,105.0,0.7347880601882935,37.5099983215332,6.0
3797,9.0,40.0,0.29805758595466614,37.834999084472656,6.0
3798,6.0,29.0,0.22263577580451965,13.875,3.0
3799,3.0,5.0,0.03549785166978836,-1.0199999809265137,0.0
3800,8.0,60.0,0.4871707856655121,28.729999542236328,5.0
3801,4.0,10.0,0.07539296895265579,2.9600000381469727,1.0
3802,10.0,74.0,0.5440055727958679,47.66999816894531,7.0
3803,4.0,29.0,0.19623811542987823,2.865000009536743,1.0
3804,5.0,18.0,0.13241063058376312,7.925000190734863,2.0
3805,5.0,27.0,0.19425450265407562,7.880000114440918,2.0
3806,5.0,39.0,0.25309011340141296,7.820000171661377,2.0
3807,9.0,82.0,0.6342642307281494,37.625,6.0
3808,12.0,88.0,0.6769090294837952,70.61000061035156,9.0
3809,9.0,63.0,0.44772621989250183,37.720001220703125,6.0
3810,10.0,96.0,0.7632943391799927,47.560001373291016,7.0
3811,7.0,44.0,0.3210797905921936,20.80500030517578,4.0
3812,4.0,5.0,0.030722128227353096,2.984999895095825,1.0
3813,10.0,70.0,0.5237829685211182,47.689998626708984,7.0
3814,4.0,4.0,0.03220227733254433,2.990000009536743,1.0
3815,10.0,89.0,0.7248435616493225,47.595001220703125,7.0
3816,8.0,76.0,0.6200898885726929,28.649999618530273,5.0
3817,7.0,67.0,0.5236200094223022,20.690000534057617,4.0
3818,9.0,91.0,0.6858744025230408,37.58000183105469,6.0
3819,4.0,6.0,0.05784899741411209,2.9800000190734863,1.0
3820,8.0,83.0,0.6383804082870483,28.614999771118164,5.0
3821,4.0,4.0,0.024324020370841026,2.990000009536743,1.0
3822,8.0,54.0,0.40145474672317505,28.760000228881836,5.0
3823,5.0,40.0,0.3069106936454773,7.815000057220459,2.0
3824,5.0,38.0,0.2858889698982239,7.824999809265137,2.0
3825,7.0,40.0,0.2786475718021393,20.825000762939453,4.0
3826,9.0,84.0,0.67353355884552,37.6150016784668,6.0
3827,5.0,15.0,0.09830386936664581,7.940000057220459,2.0
3828,4.0,18.0,0.14181576669216156,2.9200000762939453,1.0
3829,5.0,45.0,0.3054029643535614,7.789999961853027,2.0
3830,6.0,62.0,0.4408527612686157,13.710000038146973,3.0
3831,6.0,41.0,0.28694915771484375,13.8149995803833,3.0
3832,3.0,11.0,0.07283375412225723,-1.0499999523162842,0.0
3833,6.0,24.0,0.1762073040008545,13.899999618530273,3.0
3834,10.0,91.0,0.7209824323654175,47.584999084472656,7.0
3835,6.0,42.0,0.3005572259426117,13.8100004196167,3.0
3836,10.0,147.0,1.072279691696167,47.30500030517578,7.0
3837,9.0,60.0,0.43370893597602844,37.73500061035156,6.0
3838,8.0,53.0,0.4229717552661896,28.764999389648438,5.0
3839,4.0,6.0,0.034283533692359924,2.9800000190734863,1.0
3840,6.0,63.0,0.47182369232177734,13.704999923706055,3.0
3841,9.0,80.0,0.6328677535057068,37.6349983215332,6.0
3842,5.0,38.0,0.25426241755485535,7.824999809265137,2.0
3843,5.0,17.0,0.12468530982732773,7.929999828338623,2.0
3844,6.0,22.0,0.1681193858385086,13.90999984741211,3.0
3845,9.0,56.0,0.42616918683052063,37.755001068115234,6.0
3846,6.0,29.0,0.21258796751499176,13.875,3.0
3847,15.0,137.0,1.0107988119125366,112.37999725341797,12.0
3848,12.0,75.0,0.5311813950538635,70.67500305175781,9.0
3849,6.0,57.0,0.43926888704299927,13.734999656677246,3.0
3850,5.0,26.0,0.2039720118045807,7.885000228881836,2.0
3851,4.0,7.0,0.04486332833766937,2.9749999046325684,1.0
3852,4.0,6.0,0.03856239840388298,2.9800000190734863,1.0
3853,7.0,43.0,0.3197874128818512,20.809999465942383,4.0
3854,9.0,83.0,0.6401447653770447,37.619998931884766,6.0
3855,7.0,77.0,0.5189617276191711,20.639999389648438,4.0
3856,7.0,45.0,0.33749493956565857,20.799999237060547,4.0
3857,4.0,8.0,0.07250620424747467,2.9700000286102295,1.0
3858,4.0,17.0,0.10693490505218506,2.924999952316284,1.0
3859,10.0,56.0,0.4348026514053345,47.7599983215332,7.0
3860,9.0,64.0,0.4576384127140045,37.71500015258789,6.0
3861,7.0,72.0,0.5153741240501404,20.665000915527344,4.0
3862,10.0,102.0,0.8174980878829956,47.529998779296875,7.0
3863,3.0,10.0,0.07361923903226852,-1.0449999570846558,0.0
3864,5.0,8.0,0.06316608935594559,7.974999904632568,2.0
3865,4.0,10.0,0.07975950092077255,2.9600000381469727,1.0
3866,5.0,12.0,0.09238100051879883,7.954999923706055,2.0
3867,5.0,36.0,0.241047665476799,7.835000038146973,2.0
3868,5.0,30.0,0.231174498796463,7.864999771118164,2.0
3869,7.0,36.0,0.2501571774482727,20.844999313354492,4.0
3870,3.0,6.0,0.045869916677474976,-1.024999976158142,0.0
3871,9.0,93.0,0.6363500952720642,37.56999969482422,6.0
3872,7.0,47.0,0.35259753465652466,20.790000915527344,4.0
3873,4.0,7.0,0.046519335359334946,2.9749999046325684,1.0
3874,10.0,58.0,0.4034809470176697,47.75,7.0
3875,6.0,54.0,0.3659907281398773,13.75,3.0
3876,4.0,30.0,0.2258474975824356,2.859999895095825,1.0
3877,7.0,59.0,0.44886714220046997,20.729999542236328,4.0
3878,4.0,16.0,0.11006452143192291,2.930000066757202,1.0
3879,3.0,22.0,0.17944030463695526,-1.1050000190734863,0.0
3880,4.0,18.0,0.12735119462013245,2.9200000762939453,1.0
3881,3.0,4.0,0.027578204870224,-1.0149999856948853,0.0
3882,3.0,6.0,0.033246856182813644,-1.024999976158142,0.0
3883,4.0,5.0,0.02917495183646679,2.984999895095825,1.0
3884,5.0,23.0,0.17837457358837128,7.900000095367432,2.0
3885,11.0,78.0,0.5387496948242188,58.654998779296875,8.0
3886,8.0,69.0,0.5588756203651428,28.684999465942383,5.0
3887,7.0,46.0,0.4125647246837616,20.795000076293945,4.0
3888,9.0,61.0,0.44210681319236755,37.72999954223633,6.0
3889,6.0,26.0,0.23283611238002777,13.890000343322754,3.0
3890,7.0,44.0,0.3258720934391022,20.80500030517578,4.0
3891,6.0,38.0,0.27357372641563416,13.829999923706055,3.0
3892,11.0,79.0,0.6141803860664368,58.650001525878906,8.0
3893,9.0,56.0,0.452618271112442,37.755001068115234,6.0
3894,5.0,33.0,0.23948657512664795,7.849999904632568,2.0
3895,10.0,73.0,0.47606876492500305,47.67499923706055,7.0
3896,5.0,26.0,0.1907288134098053,7.885000228881836,2.0
3897,5.0,30.0,0.23085087537765503,7.864999771118164,2.0
3898,8.0,53.0,0.38215312361717224,28.764999389648438,5.0
3899,7.0,50.0,0.37147316336631775,20.774999618530273,4.0
3900,12.0,132.0,1.0079916715621948,70.38999938964844,9.0
3901,6.0,60.0,0.5014170408248901,13.720000267028809,3.0
3902,6.0,33.0,0.2467431128025055,13.854999542236328,3.0
3903,5.0,20.0,0.1411634385585785,7.914999961853027,2.0
3904,4.0,14.0,0.11171820759773254,2.940000057220459,1.0
3905,9.0,121.0,0.9105611443519592,37.43000030517578,6.0
3906,9.0,59.0,0.45557117462158203,37.7400016784668,6.0
3907,9.0,88.0,0.6893420219421387,37.595001220703125,6.0
3908,4.0,18.0,0.14427506923675537,2.9200000762939453,1.0
3909,7.0,65.0,0.4979732036590576,20.700000762939453,4.0
3910,7.0,44.0,0.3138439655303955,20.80500030517578,4.0
3911,6.0,16.0,0.11994591355323792,13.9399995803833,3.0
3912,7.0,28.0,0.20882779359817505,20.885000228881836,4.0
3913,3.0,5.0,0.035499803721904755,-1.0199999809265137,0.0
3914,7.0,49.0,0.3739825487136841,20.780000686645508,4.0
3915,11.0,116.0,0.9289135932922363,58.46500015258789,8.0
3916,4.0,20.0,0.16579517722129822,2.9100000858306885,1.0
3917,5.0,19.0,0.14912395179271698,7.920000076293945,2.0
3918,4.0,20.0,0.1491594910621643,2.9100000858306885,1.0
3919,8.0,71.0,0.5280960202217102,28.674999237060547,5.0
3920,4.0,11.0,0.0844292938709259,2.9549999237060547,1.0
3921,4.0,19.0,0.1496521383523941,2.9149999618530273,1.0
3922,7.0,71.0,0.5721709728240967,20.670000076293945,4.0
3923,4.0,8.0,0.06338147073984146,2.9700000286102295,1.0
3924,9.0,41.0,0.30441462993621826,37.83000183105469,6.0
3925,9.0,68.0,0.5071288347244263,37.69499969482422,6.0
3926,4.0,11.0,0.07914399355649948,2.9549999237060547,1.0
3927,3.0,7.0,0.04155333712697029,-1.0299999713897705,0.0
3928,7.0,37.0,0.28517091274261475,20.84000015258789,4.0
3929,9.0,83.0,0.6602851152420044,37.619998931884766,6.0
3930,4.0,33.0,0.23218651115894318,2.8450000286102295,1.0
3931,8.0,72.0,0.5534700751304626,28.670000076293945,5.0
3932,8.0,74.0,0.5829499959945679,28.65999984741211,5.0
3933,6.0,55.0,0.4460313022136688,13.744999885559082,3.0
3934,9.0,70.0,0.5607773661613464,37.685001373291016,6.0
3935,12.0,123.0,1.040378451347351,70.43499755859375,9.0
3936,10.0,79.0,0.618534505367279,47.64500045776367,7.0
3937,8.0,57.0,0.4685923457145691,28.7450008392334,5.0
3938,4.0,16.0,0.15660206973552704,2.930000066757202,1.0
3939,8.0,65.0,0.5584682822227478,28.704999923706055,5.0
3940,9.0,91.0,0.7691666483879089,37.58000183105469,6.0
3941,8.0,52.0,0.4120023250579834,28.770000457763672,5.0
3942,8.0,71.0,0.5452860593795776,28.674999237060547,5.0
3943,3.0,4.0,0.03678138554096222,-1.0149999856948853,0.0
3944,7.0,59.0,0.4784315824508667,20.729999542236328,4.0
3945,7.0,53.0,0.4078693389892578,20.760000228881836,4.0
3946,10.0,66.0,0.507201611995697,47.709999084472656,7.0
3947,3.0,7.0,0.057764820754528046,-1.0299999713897705,0.0
3948,8.0,56.0,0.39443689584732056,28.75,5.0
3949,9.0,76.0,0.5670102834701538,37.654998779296875,6.0
3950,7.0,36.0,0.31357112526893616,20.844999313354492,4.0
3951,13.0,138.0,1.006252408027649,83.36499786376953,10.0
3952,7.0,41.0,0.32563015818595886,20.81999969482422,4.0
3953,3.0,7.0,0.058776408433914185,-1.0299999713897705,0.0
3954,10.0,74.0,0.5644314885139465,47.66999816894531,7.0
3955,8.0,50.0,0.396364688873291,28.780000686645508,5.0
3956,9.0,59.0,0.4900095462799072,37.7400016784668,6.0
3957,10.0,114.0,0.9160364866256714,47.470001220703125,7.0
3958,12.0,97.0,0.7537537813186646,70.56500244140625,9.0
3959,11.0,147.0,1.0731843709945679,58.310001373291016,8.0
3960,6.0,52.0,0.45220446586608887,13.760000228881836,3.0
3961,9.0,47.0,0.3837912380695343,37.79999923706055,6.0
3962,13.0,110.0,0.8448617458343506,83.50499725341797,10.0
3963,5.0,14.0,0.11828532814979553,7.945000171661377,2.0
3964,6.0,39.0,0.30266016721725464,13.824999809265137,3.0
3965,9.0,57.0,0.4315505921840668,37.75,6.0
3966,4.0,21.0,0.15464040637016296,2.9049999713897705,1.0
3967,8.0,69.0,0.4907483160495758,28.684999465942383,5.0
3968,5.0,24.0,0.15817318856716156,7.894999980926514,2.0
3969,8.0,51.0,0.4072067141532898,28.774999618530273,5.0
3970,5.0,34.0,0.2560819983482361,7.84499979019165,2.0
3971,7.0,41.0,0.2672966420650482,20.81999969482422,4.0
3972,9.0,61.0,0.4604245126247406,37.72999954223633,6.0
3973,7.0,43.0,0.3337993025779724,20.809999465942383,4.0
3974,7.0,41.0,0.31154125928878784,20.81999969482422,4.0
3975,5.0,18.0,0.12118847668170929,7.925000190734863,2.0
3976,6.0,42.0,0.30441993474960327,13.8100004196167,3.0
3977,5.0,17.0,0.1368304342031479,7.929999828338623,2.0
3978,8.0,85.0,0.6779829263687134,28.604999542236328,5.0
3979,11.0,97.0,0.7807167172431946,58.560001373291016,8.0
3980,9.0,65.0,0.5177488923072815,37.709999084472656,6.0
3981,10.0,80.0,0.6451550722122192,47.63999938964844,7.0
3982,13.0,99.0,0.681061863899231,83.55999755859375,10.0
3983,10.0,65.0,0.4858408272266388,47.71500015258789,7.0
3984,6.0,48.0,0.4189735949039459,13.779999732971191,3.0
3985,6.0,31.0,0.2777640223503113,13.864999771118164,3.0
3986,7.0,56.0,0.47287678718566895,20.7450008392334,4.0
3987,6.0,22.0,0.1604548990726471,13.90999984741211,3.0
3988,4.0,5.0,0.05781084671616554,2.984999895095825,1.0
3989,7.0,68.0,0.5011974573135376,20.684999465942383,4.0
3990,7.0,45.0,0.36782005429267883,20.799999237060547,4.0
3991,6.0,32.0,0.21965889632701874,13.859999656677246,3.0
3992,6.0,42.0,0.3642612099647522,13.8100004196167,3.0
3993,6.0,24.0,0.19943152368068695,13.899999618530273,3.0
3994,4.0,8.0,0.0652715265750885,2.9700000286102295,1.0
3995,6.0,40.0,0.312159925699234,13.819999694824219,3.0
3996,5.0,14.0,0.10968191921710968,7.945000171661377,2.0
3997,10.0,113.0,0.929076611995697,47.474998474121094,7.0
3998,7.0,47.0,0.3863379657268524,20.790000915527344,4.0
3999,7.0,39.0,0.30511417984962463,20.829999923706055,4.0
4000,14.0,163.0,1.3021751642227173,97.24500274658203,11.0
4001,5.0,34.0,0.26988551020622253,7.84499979019165,2.0
4002,4.0,12.0,0.10405293107032776,2.950000047683716,1.0
4003,8.0,46.0,0.37076035141944885,28.799999237060547,5.0
4004,10.0,101.0,0.7886778712272644,47.53499984741211,7.0
4005,11.0,104.0,0.803103506565094,58.525001525878906,8.0
4006,5.0,23.0,0.16180020570755005,7.900000095367432,2.0
4007,6.0,27.0,0.20859801769256592,13.885000228881836,3.0
4008,10.0,139.0,1.1150938272476196,47.345001220703125,7.0
4009,5.0,43.0,0.32517141103744507,7.800000190734863,2.0
4010,9.0,48.0,0.357686311006546,37.79499816894531,6.0
4011,15.0,150.0,1.1350188255310059,112.31500244140625,12.0
4012,6.0,27.0,0.23721066117286682,13.885000228881836,3.0
4013,6.0,33.0,0.2998555600643158,13.854999542236328,3.0
4014,9.0,44.0,0.37858542799949646,37.814998626708984,6.0
4015,8.0,72.0,0.5822561383247375,28.670000076293945,5.0
4016,8.0,61.0,0.5267833471298218,28.725000381469727,5.0
4017,13.0,122.0,0.9397236704826355,83.44499969482422,10.0
4018,5.0,12.0,0.09933912754058838,7.954999923706055,2.0
4019,5.0,22.0,0.16551348567008972,7.90500020980835,2.0
4020,11.0,88.0,0.6790715456008911,58.60499954223633,8.0
4021,7.0,40.0,0.3924753665924072,20.825000762939453,4.0
4022,9.0,88.0,0.6824454665184021,37.595001220703125,6.0
4023,6.0,55.0,0.4529053270816803,13.744999885559082,3.0
4024,8.0,71.0,0.6099297404289246,28.674999237060547,5.0
4025,8.0,81.0,0.6439563632011414,28.625,5.0
4026,5.0,21.0,0.17358851432800293,7.909999847412109,2.0
4027,10.0,55.0,0.41120895743370056,47.76499938964844,7.0
4028,6.0,43.0,0.35611626505851746,13.805000305175781,3.0
4029,4.0,6.0,0.050375036895275116,2.9800000190734863,1.0
4030,7.0,41.0,0.3107225000858307,20.81999969482422,4.0
4031,12.0,93.0,0.7864573001861572,70.58499908447266,9.0
4032,4.0,4.0,0.03773046284914017,2.990000009536743,1.0
4033,6.0,57.0,0.5257372260093689,13.734999656677246,3.0
4034,5.0,20.0,0.1716960072517395,7.914999961853027,2.0
4035,4.0,19.0,0.15178197622299194,2.9149999618530273,1.0
4036,6.0,34.0,0.31894269585609436,13.850000381469727,3.0
4037,4.0,9.0,0.07979478687047958,2.9649999141693115,1.0
4038,3.0,4.0,0.03183461353182793,-1.0149999856948853,0.0
4039,7.0,38.0,0.39476093649864197,20.834999084472656,4.0
4040,3.0,7.0,0.06279043108224869,-1.0299999713897705,0.0
4041,10.0,98.0,0.7592184543609619,47.54999923706055,7.0
4042,4.0,14.0,0.10399982333183289,2.940000057220459,1.0
4043,6.0,64.0,0.5914638638496399,13.699999809265137,3.0
4044,5.0,8.0,0.0633784681558609,7.974999904632568,2.0
4045,6.0,39.0,0.3502078950405121,13.824999809265137,3.0
4046,5.0,19.0,0.1807197779417038,7.920000076293945,2.0
4047,8.0,47.0,0.4132520258426666,28.795000076293945,5.0
4048,7.0,50.0,0.44358178973197937,20.774999618530273,4.0
4049,3.0,5.0,0.0420544296503067,-1.0199999809265137,0.0
4050,8.0,82.0,0.6947705149650574,28.6200008392334,5.0
4051,8.0,48.0,0.4012192487716675,28.790000915527344,5.0
4052,8.0,48.0,0.35241156816482544,28.790000915527344,5.0
4053,4.0,8.0,0.07101218402385712,2.9700000286102295,1.0
4054,13.0,95.0,0.7645551562309265,83.58000183105469,10.0
4055,7.0,49.0,0.4113054573535919,20.780000686645508,4.0
4056,6.0,34.0,0.28069552779197693,13.850000381469727,3.0
4057,3.0,4.0,0.02737206034362316,-1.0149999856948853,0.0
4058,6.0,45.0,0.4044305384159088,13.795000076293945,3.0
4059,8.0,61.0,0.48934677243232727,28.725000381469727,5.0
4060,4.0,20.0,0.1673700362443924,2.9100000858306885,1.0
4061,5.0,19.0,0.13946503400802612,7.920000076293945,2.0
4062,5.0,21.0,0.1542346030473709,7.909999847412109,2.0
4063,5.0,9.0,0.07712839543819427,7.96999979019165,2.0
4064,8.0,62.0,0.49885863065719604,28.719999313354492,5.0
4065,8.0,69.0,0.5614720582962036,28.684999465942383,5.0
4066,7.0,50.0,0.45333728194236755,20.774999618530273,4.0
4067,8.0,55.0,0.4003419876098633,28.7549991607666,5.0
4068,4.0,5.0,0.03732041269540787,2.984999895095825,1.0
4069,5.0,12.0,0.11010447144508362,7.954999923706055,2.0
4070,12.0,187.0,1.5550793409347534,70.11499786376953,9.0
4071,4.0,20.0,0.1860794872045517,2.9100000858306885,1.0
4072,11.0,107.0,0.9766234159469604,58.5099983215332,8.0
4073,6.0,46.0,0.3814525008201599,13.789999961853027,3.0
4074,4.0,18.0,0.1328035444021225,2.9200000762939453,1.0
4075,3.0,8.0,0.058229219168424606,-1.034999966621399,0.0
4076,14.0,209.0,1.6660735607147217,97.01499938964844,11.0
4077,9.0,49.0,0.4401353895664215,37.790000915527344,6.0
4078,8.0,69.0,0.5953595042228699,28.684999465942383,5.0
4079,4.0,16.0,0.11838656663894653,2.930000066757202,1.0
4080,8.0,57.0,0.433804452419281,28.7450008392334,5.0
4081,5.0,21.0,0.1599065214395523,7.909999847412109,2.0
4082,5.0,17.0,0.14328967034816742,7.929999828338623,2.0
4083,10.0,77.0,0.6741801500320435,47.654998779296875,7.0
4084,7.0,46.0,0.38297128677368164,20.795000076293945,4.0
4085,5.0,17.0,0.14549215137958527,7.929999828338623,2.0
4086,4.0,10.0,0.08412867039442062,2.9600000381469727,1.0
4087,8.0,40.0,0.32785505056381226,28.829999923706055,5.0
4088,8.0,69.0,0.5740969777107239,28.684999465942383,5.0
4089,9.0,85.0,0.7212227582931519,37.61000061035156,6.0
4090,8.0,19.0,0.16461193561553955,28.934999465942383,5.0
4091,11.0,79.0,0.6687131524085999,58.650001525878906,8.0
4092,4.0,14.0,0.13656805455684662,2.940000057220459,1.0
4093,3.0,6.0,0.05069743096828461,-1.024999976158142,0.0
4094,10.0,62.0,0.48961225152015686,47.72999954223633,7.0
4095,12.0,90.0,0.7451429963111877,70.5999984741211,9.0
4096,5.0,13.0,0.0949302390217781,7.949999809265137,2.0
4097,5.0,21.0,0.17994952201843262,7.909999847412109,2.0
4098,9.0,75.0,0.616067111492157,37.65999984741211,6.0
4099,3.0,5.0,0.04959119111299515,-1.0199999809265137,0.0
4100,4.0,16.0,0.1516219675540924,2.930000066757202,1.0
4101,11.0,100.0,0.8308256268501282,58.54499816894531,8.0
4102,10.0,66.0,0.5656943321228027,47.709999084472656,7.0
4103,3.0,5.0,0.051932141184806824,-1.0199999809265137,0.0
4104,4.0,20.0,0.15010002255439758,2.9100000858306885,1.0
4105,3.0,5.0,0.04440297931432724,-1.0199999809265137,0.0
4106,14.0,173.0,1.4517343044281006,97.19499969482422,11.0
4107,9.0,57.0,0.5489464998245239,37.75,6.0
4108,4.0,17.0,0.1295115351676941,2.924999952316284,1.0
4109,10.0,70.0,0.5545570254325867,47.689998626708984,7.0
4110,3.0,6.0,0.04794097691774368,-1.024999976158142,0.0
4111,12.0,118.0,0.96457439661026,70.45999908447266,9.0
4112,7.0,70.0,0.6093410849571228,20.674999237060547,4.0
4113,6.0,50.0,0.42181557416915894,13.770000457763672,3.0
4114,6.0,34.0,0.280215859413147,13.850000381469727,3.0
4115,12.0,112.0,0.8689508438110352,70.48999786376953,9.0
4116,10.0,71.0,0.6626667976379395,47.685001373291016,7.0
4117,8.0,49.0,0.47842103242874146,28.78499984741211,5.0
4118,7.0,61.0,0.6132788062095642,20.719999313354492,4.0
4119,6.0,27.0,0.21445727348327637,13.885000228881836,3.0
4120,12.0,100.0,0.7778071761131287,70.55000305175781,9.0
4121,9.0,65.0,0.5289648175239563,37.709999084472656,6.0
4122,11.0,130.0,1.0863616466522217,58.39500045776367,8.0
4123,15.0,144.0,1.1349029541015625,112.34500122070312,12.0
4124,3.0,6.0,0.04402729496359825,-1.024999976158142,0.0
4125,7.0,62.0,0.48594242334365845,20.71500015258789,4.0
4126,4.0,15.0,0.1035805195569992,2.934999942779541,1.0
4127,9.0,83.0,0.7450266480445862,37.619998931884766,6.0
4128,10.0,95.0,0.8379445672035217,47.564998626708984,7.0
4129,8.0,55.0,0.5040424466133118,28.7549991607666,5.0
4130,7.0,50.0,0.4454719126224518,20.774999618530273,4.0
4131,8.0,60.0,0.5631820559501648,28.729999542236328,5.0
4132,6.0,23.0,0.19815674424171448,13.904999732971191,3.0
4133,11.0,85.0,0.7441051006317139,58.619998931884766,8.0
4134,5.0,28.0,0.2532106935977936,7.875,2.0
4135,9.0,107.0,0.9779860973358154,37.5,6.0
4136,6.0,37.0,0.3475506007671356,13.835000038146973,3.0
4137,8.0,49.0,0.4115794003009796,28.78499984741211,5.0
4138,5.0,34.0,0.327144056558609,7.84499979019165,2.0
4139,13.0,197.0,1.6406135559082031,83.06999969482422,10.0
4140,9.0,72.0,0.6449036598205566,37.67499923706055,6.0
4141,5.0,15.0,0.12027890980243683,7.940000057220459,2.0
4142,8.0,41.0,0.34160199761390686,28.825000762939453,5.0
4143,12.0,72.0,0.6545324921607971,70.69000244140625,9.0
4144,8.0,49.0,0.42981693148612976,28.78499984741211,5.0
4145,9.0,53.0,0.4510047137737274,37.77000045776367,6.0
4146,5.0,29.0,0.2680937647819519,7.869999885559082,2.0
4147,14.0,156.0,1.3131608963012695,97.27999877929688,11.0
4148,7.0,34.0,0.26974794268608093,20.854999542236328,4.0
4149,6.0,45.0,0.3797326683998108,13.795000076293945,3.0
4150,4.0,23.0,0.19182784855365753,2.8949999809265137,1.0
4151,4.0,4.0,0.026142822578549385,2.990000009536743,1.0
4152,4.0,10.0,0.0904894545674324,2.9600000381469727,1.0
4153,11.0,103.0,0.8447427749633789,58.529998779296875,8.0
4154,13.0,115.0,0.9393874406814575,83.4800033569336,10.0
4155,3.0,6.0,0.054268766194581985,-1.024999976158142,0.0
4156,9.0,72.0,0.6604084372520447,37.67499923706055,6.0
4157,7.0,40.0,0.39414694905281067,20.825000762939453,4.0
4158,5.0,14.0,0.10796313732862473,7.945000171661377,2.0
4159,7.0,25.0,0.2047979235649109,20.899999618530273,4.0
4160,6.0,24.0,0.20720477402210236,13.899999618530273,3.0
4161,10.0,49.0,0.4257888197898865,47.79499816894531,7.0
4162,11.0,81.0,0.7469732761383057,58.63999938964844,8.0
4163,16.0,147.0,1.278799295425415,128.3350067138672,13.0
4164,9.0,71.0,0.6237136125564575,37.68000030517578,6.0
4165,17.0,163.0,1.3616068363189697,145.25999450683594,14.0
4166,4.0,11.0,0.10540863126516342,2.9549999237060547,1.0
4167,6.0,23.0,0.21282991766929626,13.904999732971191,3.0
4168,8.0,56.0,0.5010116696357727,28.75,5.0
4169,10.0,72.0,0.604556679725647,47.68000030517578,7.0
4170,9.0,66.0,0.5182008147239685,37.70500183105469,6.0
4171,9.0,41.0,0.3551972806453705,37.83000183105469,6.0
4172,7.0,29.0,0.2529648244380951,20.8799991607666,4.0
4173,6.0,25.0,0.20566627383232117,13.895000457763672,3.0
4174,6.0,25.0,0.21711984276771545,13.895000457763672,3.0
4175,9.0,56.0,0.47934040427207947,37.755001068115234,6.0
4176,10.0,83.0,0.6924285888671875,47.625,7.0
4177,5.0,16.0,0.15861059725284576,7.934999942779541,2.0
4178,11.0,79.0,0.6473071575164795,58.650001525878906,8.0
4179,9.0,75.0,0.6537581086158752,37.65999984741211,6.0
4180,10.0,76.0,0.6767619252204895,47.65999984741211,7.0
4181,6.0,50.0,0.39051854610443115,13.770000457763672,3.0
4182,6.0,29.0,0.25250542163848877,13.875,3.0
4183,12.0,117.0,1.0791655778884888,70.46499633789062,9.0
4184,6.0,27.0,0.22088807821273804,13.885000228881836,3.0
4185,9.0,33.0,0.2690068185329437,37.869998931884766,6.0
4186,5.0,15.0,0.12946069240570068,7.940000057220459,2.0
4187,4.0,13.0,0.09654397517442703,2.944999933242798,1.0
4188,7.0,43.0,0.36346712708473206,20.809999465942383,4.0
4189,5.0,16.0,0.16934745013713837,7.934999942779541,2.0
4190,5.0,25.0,0.22508452832698822,7.889999866485596,2.0
4191,8.0,52.0,0.48851844668388367,28.770000457763672,5.0
4192,9.0,66.0,0.6421279907226562,37.70500183105469,6.0
4193,9.0,46.0,0.3991202712059021,37.80500030517578,6.0
4194,7.0,48.0,0.4058704376220703,20.78499984741211,4.0
4195,8.0,56.0,0.4700589179992676,28.75,5.0
4196,5.0,34.0,0.2664501965045929,7.84499979019165,2.0
4197,7.0,75.0,0.5726760029792786,20.649999618530273,4.0
4198,5.0,17.0,0.1596767157316208,7.929999828338623,2.0
4199,8.0,62.0,0.5503466725349426,28.719999313354492,5.0
4200,7.0,31.0,0.278457373380661,20.8700008392334,4.0
4201,9.0,53.0,0.4368285834789276,37.77000045776367,6.0
4202,9.0,84.0,0.7707772254943848,37.6150016784668,6.0
4203,3.0,8.0,0.08123848587274551,-1.034999966621399,0.0
4204,10.0,70.0,0.5640424489974976,47.689998626708984,7.0
4205,8.0,55.0,0.4491299092769623,28.7549991607666,5.0
4206,12.0,90.0,0.7616846561431885,70.5999984741211,9.0
4207,7.0,36.0,0.26149803400039673,20.844999313354492,4.0
4208,10.0,73.0,0.6664292216300964,47.67499923706055,7.0
4209,12.0,85.0,0.7257750034332275,70.625,9.0
4210,7.0,57.0,0.5306609869003296,20.739999771118164,4.0
4211,19.0,247.0,2.0182058811187744,181.85000610351562,16.0
4212,7.0,55.0,0.4869627356529236,20.75,4.0
4213,10.0,94.0,0.8208205103874207,47.56999969482422,7.0
4214,7.0,35.0,0.3036186993122101,20.850000381469727,4.0
4215,7.0,46.0,0.3860572576522827,20.795000076293945,4.0
4216,4.0,27.0,0.2166360765695572,2.875,1.0
4217,14.0,143.0,1.2375128269195557,97.34500122070312,11.0
4218,13.0,126.0,1.072784662246704,83.42500305175781,10.0
4219,4.0,11.0,0.07634110003709793,2.9549999237060547,1.0
4220,4.0,12.0,0.10308776795864105,2.950000047683716,1.0
4221,11.0,114.0,0.9720984101295471,58.474998474121094,8.0
4222,4.0,6.0,0.04913307726383209,2.9800000190734863,1.0
4223,14.0,164.0,1.3962655067443848,97.23999786376953,11.0
4224,9.0,63.0,0.5374849438667297,37.720001220703125,6.0
4225,13.0,124.0,1.0222656726837158,83.43499755859375,10.0
4226,10.0,99.0,0.8024330735206604,47.54499816894531,7.0
4227,8.0,72.0,0.6201894283294678,28.670000076293945,5.0
4228,7.0,19.0,0.14614857733249664,20.93000030517578,4.0
4229,13.0,82.0,0.6830030679702759,83.6449966430664,10.0
4230,11.0,116.0,0.9917409420013428,58.46500015258789,8.0
4231,5.0,11.0,0.10721803456544876,7.960000038146973,2.0
4232,8.0,64.0,0.610023558139801,28.709999084472656,5.0
4233,14.0,95.0,0.9070426225662231,97.58499908447266,11.0
4234,7.0,36.0,0.28531548380851746,20.844999313354492,4.0
4235,6.0,25.0,0.20473462343215942,13.895000457763672,3.0
4236,4.0,11.0,0.1015428900718689,2.9549999237060547,1.0
4237,9.0,63.0,0.544655978679657,37.720001220703125,6.0
4238,11.0,76.0,0.6498891115188599,58.665000915527344,8.0
4239,9.0,58.0,0.48166483640670776,37.744998931884766,6.0
4240,6.0,32.0,0.26781347393989563,13.859999656677246,3.0
4241,4.0,6.0,0.05334220081567764,2.9800000190734863,1.0
4242,3.0,12.0,0.10147759318351746,-1.0549999475479126,0.0
4243,9.0,59.0,0.5027562379837036,37.7400016784668,6.0
4244,7.0,43.0,0.36566102504730225,20.809999465942383,4.0
4245,9.0,59.0,0.5260841250419617,37.7400016784668,6.0
4246,4.0,10.0,0.07635253667831421,2.9600000381469727,1.0
4247,4.0,10.0,0.10719527304172516,2.9600000381469727,1.0
4248,5.0,28.0,0.23055435717105865,7.875,2.0
4249,7.0,47.0,0.38593927025794983,20.790000915527344,4.0
4250,4.0,6.0,0.04327557235956192,2.9800000190734863,1.0
4251,16.0,177.0,1.5595571994781494,128.18499755859375,13.0
4252,10.0,62.0,0.563078761100769,47.72999954223633,7.0
4253,14.0,122.0,1.059426188468933,97.44999694824219,11.0
4254,14.0,137.0,1.2626334428787231,97.375,11.0
4255,4.0,14.0,0.12486358731985092,2.940000057220459,1.0
4256,6.0,22.0,0.18384449183940887,13.90999984741211,3.0
4257,7.0,35.0,0.3049256205558777,20.850000381469727,4.0
4258,6.0,23.0,0.20279991626739502,13.904999732971191,3.0
4259,8.0,49.0,0.424026757478714,28.78499984741211,5.0
4260,7.0,29.0,0.21530726552009583,20.8799991607666,4.0
4261,4.0,10.0,0.07625497877597809,2.9600000381469727,1.0
4262,14.0,111.0,0.9655696749687195,97.50499725341797,11.0
4263,11.0,91.0,0.8034284114837646,58.59000015258789,8.0
4264,7.0,46.0,0.3760805130004883,20.795000076293945,4.0
4265,4.0,8.0,0.06922908127307892,2.9700000286102295,1.0
4266,5.0,39.0,0.3214237093925476,7.820000171661377,2.0
4267,8.0,62.0,0.5433537364006042,28.719999313354492,5.0
4268,10.0,63.0,0.5910471677780151,47.724998474121094,7.0
4269,11.0,101.0,0.8872672915458679,58.540000915527344,8.0
4270,12.0,137.0,1.2712663412094116,70.36499786376953,9.0
4271,5.0,28.0,0.28184396028518677,7.875,2.0
4272,6.0,20.0,0.194936141371727,13.920000076293945,3.0
4273,6.0,36.0,0.3035818636417389,13.84000015258789,3.0
4274,10.0,91.0,0.8070517182350159,47.584999084472656,7.0
4275,10.0,89.0,0.8194341659545898,47.595001220703125,7.0
4276,10.0,53.0,0.4454664885997772,47.775001525878906,7.0
4277,4.0,6.0,0.05733209103345871,2.9800000190734863,1.0
4278,6.0,31.0,0.2445092797279358,13.864999771118164,3.0
4279,6.0,31.0,0.3181456923484802,13.864999771118164,3.0
4280,11.0,61.0,0.5499834418296814,58.7400016784668,8.0
4281,9.0,62.0,0.5905751585960388,37.724998474121094,6.0
4282,13.0,168.0,1.5464853048324585,83.21499633789062,10.0
4283,9.0,190.0,1.7206003665924072,37.084999084472656,6.0
4284,5.0,10.0,0.07875332236289978,7.965000152587891,2.0
4285,6.0,23.0,0.19280646741390228,13.904999732971191,3.0
4286,9.0,91.0,0.8223685622215271,37.58000183105469,6.0
4287,4.0,10.0,0.07831257581710815,2.9600000381469727,1.0
4288,12.0,70.0,0.6931443810462952,70.69999694824219,9.0
4289,5.0,16.0,0.13756364583969116,7.934999942779541,2.0
4290,9.0,68.0,0.6059494614601135,37.69499969482422,6.0
4291,4.0,14.0,0.12280694395303726,2.940000057220459,1.0
4292,7.0,51.0,0.44062691926956177,20.770000457763672,4.0
4293,12.0,84.0,0.7375282049179077,70.62999725341797,9.0
4294,15.0,158.0,1.4133533239364624,112.2750015258789,12.0
4295,4.0,14.0,0.11773744225502014,2.940000057220459,1.0
4296,4.0,9.0,0.08329588919878006,2.9649999141693115,1.0
4297,9.0,46.0,0.44720444083213806,37.80500030517578,6.0
4298,9.0,92.0,0.8326449990272522,37.57500076293945,6.0
4299,4.0,12.0,0.11261454224586487,2.950000047683716,1.0
4300,6.0,27.0,0.28151196241378784,13.885000228881836,3.0
4301,5.0,15.0,0.13617724180221558,7.940000057220459,2.0
4302,11.0,87.0,0.7890370488166809,58.61000061035156,8.0
4303,13.0,135.0,1.2084802389144897,83.37999725341797,10.0
4304,6.0,40.0,0.3769075572490692,13.819999694824219,3.0
4305,7.0,39.0,0.3633342981338501,20.829999923706055,4.0
4306,6.0,43.0,0.3881298303604126,13.805000305175781,3.0
4307,12.0,157.0,1.404893159866333,70.26499938964844,9.0
4308,12.0,110.0,0.939491331577301,70.5,9.0
4309,8.0,57.0,0.5236159563064575,28.7450008392334,5.0
4310,11.0,90.0,0.8340839147567749,58.595001220703125,8.0
4311,13.0,142.0,1.4140655994415283,83.34500122070312,10.0
4312,11.0,103.0,0.9769062995910645,58.529998779296875,8.0
4313,11.0,73.0,0.7310979962348938,58.68000030517578,8.0
4314,16.0,163.0,1.5843746662139893,128.2550048828125,13.0
4315,12.0,132.0,1.2447443008422852,70.38999938964844,9.0
4316,6.0,58.0,0.5569404363632202,13.729999542236328,3.0
4317,9.0,52.0,0.46761688590049744,37.775001525878906,6.0
4318,9.0,46.0,0.38524770736694336,37.80500030517578,6.0
4319,18.0,167.0,1.5372556447982788,163.2449951171875,15.0
4320,7.0,39.0,0.3531734049320221,20.829999923706055,4.0
4321,12.0,157.0,1.47479248046875,70.26499938964844,9.0
4322,13.0,114.0,1.0284355878829956,83.48500061035156,10.0
4323,5.0,24.0,0.2407860904932022,7.894999980926514,2.0
4324,6.0,23.0,0.21850624680519104,13.904999732971191,3.0
4325,14.0,100.0,0.9454397559165955,97.55999755859375,11.0
4326,6.0,23.0,0.2106984406709671,13.904999732971191,3.0
4327,10.0,62.0,0.6470971703529358,47.72999954223633,7.0
4328,8.0,52.0,0.5213698744773865,28.770000457763672,5.0
4329,6.0,32.0,0.25882479548454285,13.859999656677246,3.0
4330,11.0,99.0,0.9058027267456055,58.54999923706055,8.0
4331,11.0,71.0,0.6467432975769043,58.689998626708984,8.0
4332,10.0,65.0,0.7184617519378662,47.71500015258789,7.0
4333,5.0,17.0,0.1489579677581787,7.929999828338623,2.0
4334,8.0,42.0,0.3690406084060669,28.81999969482422,5.0
4335,12.0,129.0,1.2492058277130127,70.40499877929688,9.0
4336,4.0,14.0,0.15429478883743286,2.940000057220459,1.0
4337,6.0,59.0,0.5760331749916077,13.725000381469727,3.0
4338,11.0,122.0,1.1507089138031006,58.435001373291016,8.0
4339,12.0,78.0,0.6938552856445312,70.66000366210938,9.0
4340,12.0,111.0,1.0841972827911377,70.49500274658203,9.0
4341,11.0,81.0,0.859959065914154,58.63999938964844,8.0
4342,7.0,58.0,0.6284199953079224,20.735000610351562,4.0
4343,5.0,22.0,0.2624877691268921,7.90500020980835,2.0
4344,10.0,79.0,0.8133610486984253,47.64500045776367,7.0
4345,9.0,83.0,0.7906560897827148,37.619998931884766,6.0
4346,9.0,77.0,0.7788586020469666,37.650001525878906,6.0
4347,11.0,82.0,0.846843957901001,58.6349983215332,8.0
4348,4.0,17.0,0.16964900493621826,2.924999952316284,1.0
4349,13.0,101.0,0.9770413041114807,83.55000305175781,10.0
4350,7.0,49.0,0.434538334608078,20.780000686645508,4.0
4351,10.0,84.0,0.7818862795829773,47.619998931884766,7.0
4352,7.0,59.0,0.6374226808547974,20.729999542236328,4.0
4353,10.0,93.0,0.9094076156616211,47.57500076293945,7.0
4354,3.0,4.0,0.029224421828985214,-1.0149999856948853,0.0
4355,14.0,124.0,1.2254055738449097,97.44000244140625,11.0
4356,11.0,100.0,1.0363012552261353,58.54499816894531,8.0
4357,5.0,13.0,0.13982237875461578,7.949999809265137,2.0
4358,4.0,12.0,0.11723403632640839,2.950000047683716,1.0
4359,8.0,38.0,0.3910081684589386,28.84000015258789,5.0
4360,12.0,109.0,1.0798076391220093,70.50499725341797,9.0
4361,10.0,90.0,0.876318633556366,47.59000015258789,7.0
4362,7.0,35.0,0.3365248739719391,20.850000381469727,4.0
4363,10.0,105.0,1.028271198272705,47.51499938964844,7.0
4364,5.0,21.0,0.18351969122886658,7.909999847412109,2.0
4365,9.0,64.0,0.6768283843994141,37.71500015258789,6.0
4366,11.0,88.0,0.8123314380645752,58.60499954223633,8.0
4367,7.0,48.0,0.4443035423755646,20.78499984741211,4.0
4368,7.0,56.0,0.5163342952728271,20.7450008392334,4.0
4369,8.0,40.0,0.38800764083862305,28.829999923706055,5.0
4370,7.0,32.0,0.29877349734306335,20.864999771118164,4.0
4371,6.0,19.0,0.1692139059305191,13.925000190734863,3.0
4372,12.0,82.0,0.7590906620025635,70.63999938964844,9.0
4373,11.0,77.0,0.7442880272865295,58.65999984741211,8.0
4374,7.0,36.0,0.323106050491333,20.844999313354492,4.0
4375,6.0,12.0,0.1070108413696289,13.960000038146973,3.0
4376,7.0,40.0,0.3403870463371277,20.825000762939453,4.0
4377,4.0,17.0,0.1631190925836563,2.924999952316284,1.0
4378,12.0,93.0,0.9049256443977356,70.58499908447266,9.0
4379,10.0,62.0,0.5640056133270264,47.72999954223633,7.0
4380,11.0,83.0,0.7470707893371582,58.630001068115234,8.0
4381,13.0,87.0,0.7931973338127136,83.62000274658203,10.0
4382,3.0,7.0,0.05287365987896919,-1.0299999713897705,0.0
4383,9.0,78.0,0.6837127804756165,37.64500045776367,6.0
4384,10.0,74.0,0.6499233841896057,47.66999816894531,7.0
4385,10.0,76.0,0.7443515658378601,47.65999984741211,7.0
4386,6.0,38.0,0.34743958711624146,13.829999923706055,3.0
4387,7.0,63.0,0.5415017604827881,20.709999084472656,4.0
4388,11.0,96.0,0.9261519908905029,58.564998626708984,8.0
4389,4.0,5.0,0.05704269930720329,2.984999895095825,1.0
4390,11.0,166.0,1.5555952787399292,58.21500015258789,8.0
4391,15.0,110.0,1.0236788988113403,112.51499938964844,12.0
4392,8.0,69.0,0.660349428653717,28.684999465942383,5.0
4393,6.0,56.0,0.5526939034461975,13.739999771118164,3.0
4394,11.0,84.0,0.8066783547401428,58.625,8.0
4395,9.0,63.0,0.5628952383995056,37.720001220703125,6.0
4396,13.0,118.0,1.1001219749450684,83.46499633789062,10.0
4397,5.0,30.0,0.28837233781814575,7.864999771118164,2.0
4398,11.0,55.0,0.6272239089012146,58.77000045776367,8.0
4399,8.0,48.0,0.5012112259864807,28.790000915527344,5.0
4400,4.0,13.0,0.1510799676179886,2.944999933242798,1.0
4401,14.0,143.0,1.3469892740249634,97.34500122070312,11.0
4402,9.0,71.0,0.6260998845100403,37.68000030517578,6.0
4403,13.0,115.0,1.080445647239685,83.4800033569336,10.0
4404,19.0,195.0,1.854177713394165,182.11000061035156,16.0
4405,11.0,94.0,0.8538901805877686,58.57500076293945,8.0
4406,7.0,63.0,0.6093836426734924,20.709999084472656,4.0
4407,5.0,27.0,0.25027719140052795,7.880000114440918,2.0
4408,5.0,34.0,0.29201677441596985,7.84499979019165,2.0
4409,4.0,11.0,0.12553296983242035,2.9549999237060547,1.0
4410,7.0,39.0,0.33498626947402954,20.829999923706055,4.0
4411,15.0,143.0,1.3544745445251465,112.3499984741211,12.0
4412,5.0,20.0,0.17884863913059235,7.914999961853027,2.0
4413,12.0,92.0,0.822873592376709,70.58999633789062,9.0
4414,7.0,49.0,0.4933609366416931,20.780000686645508,4.0
4415,9.0,60.0,0.5673750638961792,37.73500061035156,6.0
4416,11.0,63.0,0.6001336574554443,58.72999954223633,8.0
4417,16.0,151.0,1.4024940729141235,128.31500244140625,13.0
4418,15.0,175.0,1.7697879076004028,112.19000244140625,12.0
4419,4.0,24.0,0.24471622705459595,2.890000104904175,1.0
4420,14.0,173.0,1.7218025922775269,97.19499969482422,11.0
4421,11.0,96.0,0.9263466000556946,58.564998626708984,8.0
4422,10.0,64.0,0.6341936588287354,47.720001220703125,7.0
4423,12.0,90.0,0.871501088142395,70.5999984741211,9.0
4424,12.0,152.0,1.3795241117477417,70.29000091552734,9.0
4425,5.0,17.0,0.1488025039434433,7.929999828338623,2.0
4426,10.0,94.0,0.8631020784378052,47.56999969482422,7.0
4427,4.0,7.0,0.07168558984994888,2.9749999046325684,1.0
4428,12.0,105.0,1.0527701377868652,70.5250015258789,9.0
4429,9.0,97.0,0.9027887582778931,37.54999923706055,6.0
4430,4.0,18.0,0.15032392740249634,2.9200000762939453,1.0
4431,10.0,128.0,1.1985965967178345,47.400001525878906,7.0
4432,4.0,4.0,0.04498625919222832,2.990000009536743,1.0
4433,4.0,5.0,0.045283909887075424,2.984999895095825,1.0
4434,14.0,193.0,1.8619548082351685,97.09500122070312,11.0
4435,11.0,81.0,0.7870128154754639,58.63999938964844,8.0
4436,13.0,142.0,1.3475277423858643,83.34500122070312,10.0
4437,4.0,5.0,0.04568507894873619,2.984999895095825,1.0
4438,10.0,64.0,0.660535991191864,47.720001220703125,7.0
4439,9.0,66.0,0.6199176907539368,37.70500183105469,6.0
4440,8.0,66.0,0.7475376725196838,28.700000762939453,5.0
4441,11.0,105.0,1.1476316452026367,58.52000045776367,8.0
4442,10.0,85.0,0.9035971760749817,47.6150016784668,7.0
4443,8.0,42.0,0.4006669521331787,28.81999969482422,5.0
4444,4.0,14.0,0.11815781891345978,2.940000057220459,1.0
4445,5.0,22.0,0.20084261894226074,7.90500020980835,2.0
4446,10.0,70.0,0.6926109194755554,47.689998626708984,7.0
4447,10.0,96.0,0.9716939926147461,47.560001373291016,7.0
4448,15.0,172.0,1.6776008605957031,112.20500183105469,12.0
4449,14.0,199.0,1.9789820909500122,97.06500244140625,11.0
4450,12.0,109.0,1.1627615690231323,70.50499725341797,9.0
4451,4.0,6.0,0.07116419076919556,2.9800000190734863,1.0
4452,4.0,11.0,0.11593589186668396,2.9549999237060547,1.0
4453,7.0,25.0,0.2534690201282501,20.899999618530273,4.0
4454,5.0,18.0,0.21168482303619385,7.925000190734863,2.0
4455,7.0,43.0,0.4260990023612976,20.809999465942383,4.0
4456,9.0,87.0,0.8812298774719238,37.599998474121094,6.0
4457,11.0,94.0,0.9872326850891113,58.57500076293945,8.0
4458,8.0,52.0,0.5176079869270325,28.770000457763672,5.0
4459,8.0,62.0,0.6563187837600708,28.719999313354492,5.0
4460,7.0,33.0,0.33773285150527954,20.860000610351562,4.0
4461,7.0,29.0,0.3171192407608032,20.8799991607666,4.0
4462,8.0,39.0,0.3722393810749054,28.834999084472656,5.0
4463,10.0,64.0,0.64551842212677,47.720001220703125,7.0
4464,11.0,119.0,1.1679867506027222,58.45000076293945,8.0
4465,7.0,41.0,0.41574010252952576,20.81999969482422,4.0
4466,5.0,19.0,0.1648237556219101,7.920000076293945,2.0
4467,9.0,61.0,0.6264063715934753,37.72999954223633,6.0
4468,5.0,33.0,0.3654218018054962,7.849999904632568,2.0
4469,5.0,21.0,0.2139432728290558,7.909999847412109,2.0
4470,12.0,140.0,1.3216019868850708,70.3499984741211,9.0
4471,10.0,105.0,1.0628145933151245,47.51499938964844,7.0
4472,10.0,67.0,0.7096477150917053,47.70500183105469,7.0
4473,15.0,137.0,1.3349018096923828,112.37999725341797,12.0
4474,10.0,92.0,0.8489749431610107,47.58000183105469,7.0
4475,4.0,15.0,0.17030473053455353,2.934999942779541,1.0
4476,11.0,71.0,0.7252408266067505,58.689998626708984,8.0
4477,9.0,129.0,1.2652372121810913,37.38999938964844,6.0
4478,11.0,45.0,0.48816102743148804,58.81999969482422,8.0
4479,5.0,20.0,0.21688434481620789,7.914999961853027,2.0
4480,7.0,35.0,0.34799477458000183,20.850000381469727,4.0
4481,10.0,109.0,1.1074497699737549,47.494998931884766,7.0
4482,12.0,122.0,1.1615163087844849,70.44000244140625,9.0
4483,6.0,15.0,0.15495604276657104,13.944999694824219,3.0
4484,12.0,98.0,0.931957483291626,70.55999755859375,9.0
4485,5.0,46.0,0.40014320611953735,7.784999847412109,2.0
4486,13.0,96.0,0.9754559993743896,83.57499694824219,10.0
4487,14.0,94.0,0.8725239038467407,97.58999633789062,11.0
4488,14.0,119.0,1.145187258720398,97.46499633789062,11.0
4489,8.0,34.0,0.30337876081466675,28.860000610351562,5.0
4490,10.0,88.0,0.8634356260299683,47.599998474121094,7.0
4491,11.0,89.0,0.8648989796638489,58.599998474121094,8.0
4492,9.0,64.0,0.6566421985626221,37.71500015258789,6.0
4493,12.0,113.0,1.2238036394119263,70.48500061035156,9.0
4494,10.0,60.0,0.6407439112663269,47.7400016784668,7.0
4495,5.0,28.0,0.2809036672115326,7.875,2.0
4496,9.0,62.0,0.588164746761322,37.724998474121094,6.0
4497,6.0,34.0,0.34123140573501587,13.850000381469727,3.0
4498,12.0,140.0,1.3610920906066895,70.3499984741211,9.0
4499,12.0,140.0,1.40642249584198,70.3499984741211,9.0
4500,17.0,143.0,1.5077779293060303,145.36000061035156,14.0
4501,14.0,156.0,1.5092355012893677,97.27999877929688,11.0
4502,16.0,201.0,1.9865957498550415,128.06500244140625,13.0
4503,10.0,71.0,0.6644064784049988,47.685001373291016,7.0
4504,13.0,86.0,0.8215792775154114,83.625,10.0
4505,7.0,42.0,0.3890504837036133,20.815000534057617,4.0
4506,12.0,78.0,0.7811142802238464,70.66000366210938,9.0
4507,12.0,118.0,1.0762205123901367,70.45999908447266,9.0
4508,10.0,78.0,0.7793798446655273,47.650001525878906,7.0
4509,12.0,117.0,1.1394537687301636,70.46499633789062,9.0
4510,10.0,56.0,0.5481008291244507,47.7599983215332,7.0
4511,9.0,68.0,0.7293497920036316,37.69499969482422,6.0
4512,4.0,23.0,0.24918821454048157,2.8949999809265137,1.0
4513,8.0,52.0,0.5411372780799866,28.770000457763672,5.0
4514,8.0,50.0,0.5561017990112305,28.780000686645508,5.0
4515,3.0,9.0,0.0897311270236969,-1.0399999618530273,0.0
4516,9.0,70.0,0.6949915885925293,37.685001373291016,6.0
4517,4.0,11.0,0.10921542346477509,2.9549999237060547,1.0
4518,6.0,53.0,0.5128225088119507,13.755000114440918,3.0
4519,6.0,22.0,0.2366577684879303,13.90999984741211,3.0
4520,5.0,18.0,0.20032651722431183,7.925000190734863,2.0
4521,10.0,73.0,0.7318328619003296,47.67499923706055,7.0
4522,12.0,69.0,0.6455022692680359,70.70500183105469,9.0
4523,9.0,49.0,0.474087119102478,37.790000915527344,6.0
4524,12.0,75.0,0.7752999663352966,70.67500305175781,9.0
4525,11.0,95.0,0.9618366956710815,58.56999969482422,8.0
4526,15.0,130.0,1.3096210956573486,112.41500091552734,12.0
4527,13.0,98.0,0.9492353200912476,83.56500244140625,10.0
4528,14.0,143.0,1.3643031120300293,97.34500122070312,11.0
4529,18.0,151.0,1.5395418405532837,163.3249969482422,15.0
4530,14.0,123.0,1.2902982234954834,97.44499969482422,11.0
4531,10.0,91.0,0.8978796005249023,47.584999084472656,7.0
4532,10.0,47.0,0.45014476776123047,47.80500030517578,7.0
4533,6.0,32.0,0.3491170406341553,13.859999656677246,3.0
4534,4.0,5.0,0.056041158735752106,2.984999895095825,1.0
4535,15.0,121.0,1.3009089231491089,112.45999908447266,12.0
4536,7.0,47.0,0.5041007399559021,20.790000915527344,4.0
4537,10.0,56.0,0.5847988128662109,47.7599983215332,7.0
4538,10.0,55.0,0.5606735348701477,47.76499938964844,7.0
4539,12.0,118.0,1.2398959398269653,70.45999908447266,9.0
4540,14.0,171.0,1.8450034856796265,97.20500183105469,11.0
4541,11.0,83.0,0.9302183389663696,58.630001068115234,8.0
4542,10.0,80.0,0.8487062454223633,47.63999938964844,7.0
4543,10.0,65.0,0.7835729122161865,47.71500015258789,7.0
4544,10.0,66.0,0.7212690114974976,47.709999084472656,7.0
4545,10.0,52.0,0.5709631443023682,47.779998779296875,7.0
4546,9.0,100.0,1.0942723751068115,37.53499984741211,6.0
4547,13.0,106.0,1.1145917177200317,83.5250015258789,10.0
4548,13.0,96.0,1.128735899925232,83.57499694824219,10.0
4549,9.0,50.0,0.5224734544754028,37.78499984741211,6.0
4550,12.0,95.0,1.0638089179992676,70.57499694824219,9.0
4551,15.0,147.0,1.4799474477767944,112.33000183105469,12.0
4552,19.0,203.0,2.024179458618164,182.07000732421875,16.0
4553,11.0,72.0,0.7694365382194519,58.685001373291016,8.0
4554,6.0,25.0,0.27321940660476685,13.895000457763672,3.0
4555,10.0,59.0,0.6477924585342407,47.744998931884766,7.0
4556,12.0,94.0,0.9990928769111633,70.58000183105469,9.0
4557,11.0,52.0,0.5262132287025452,58.78499984741211,8.0
4558,12.0,92.0,1.0660905838012695,70.58999633789062,9.0
4559,7.0,28.0,0.29997146129608154,20.885000228881836,4.0
4560,10.0,94.0,1.004129409790039,47.56999969482422,7.0
4561,5.0,15.0,0.20477688312530518,7.940000057220459,2.0
4562,4.0,5.0,0.07757766544818878,2.984999895095825,1.0
4563,9.0,84.0,0.9440886378288269,37.6150016784668,6.0
4564,18.0,207.0,2.2963149547576904,163.0449981689453,15.0
4565,5.0,15.0,0.20661303400993347,7.940000057220459,2.0
4566,5.0,12.0,0.1455342322587967,7.954999923706055,2.0
4567,10.0,83.0,0.9605306386947632,47.625,7.0
4568,11.0,87.0,0.9289842844009399,58.61000061035156,8.0
4569,3.0,6.0,0.05569048598408699,-1.024999976158142,0.0
4570,6.0,34.0,0.35329872369766235,13.850000381469727,3.0
4571,11.0,90.0,0.9132897853851318,58.595001220703125,8.0
4572,9.0,82.0,0.9042362570762634,37.625,6.0
4573,6.0,31.0,0.3658999800682068,13.864999771118164,3.0
4574,15.0,117.0,1.2280875444412231,112.4800033569336,12.0
4575,14.0,140.0,1.4721639156341553,97.36000061035156,11.0
4576,7.0,52.0,0.6650246381759644,20.764999389648438,4.0
4577,12.0,117.0,1.215632438659668,70.46499633789062,9.0
4578,8.0,32.0,0.3254912793636322,28.8700008392334,5.0
4579,10.0,76.0,0.8228387832641602,47.65999984741211,7.0
4580,5.0,9.0,0.0992726981639862,7.96999979019165,2.0
4581,13.0,127.0,1.3853399753570557,83.41999816894531,10.0
4582,8.0,48.0,0.5102465748786926,28.790000915527344,5.0
4583,6.0,31.0,0.3285250663757324,13.864999771118164,3.0
4584,8.0,45.0,0.5015230774879456,28.80500030517578,5.0
4585,4.0,19.0,0.23358480632305145,2.9149999618530273,1.0
4586,11.0,67.0,0.7497079968452454,58.709999084472656,8.0
4587,9.0,51.0,0.5722991824150085,37.779998779296875,6.0
4588,4.0,5.0,0.03949010372161865,2.984999895095825,1.0
4589,9.0,69.0,0.7792311310768127,37.689998626708984,6.0
4590,13.0,119.0,1.3670916557312012,83.45999908447266,10.0
4591,18.0,195.0,2.1452109813690186,163.10499572753906,15.0
4592,4.0,8.0,0.0738019123673439,2.9700000286102295,1.0
4593,15.0,101.0,1.1666122674942017,112.55999755859375,12.0
4594,5.0,17.0,0.18682734668254852,7.929999828338623,2.0
4595,9.0,62.0,0.6416504979133606,37.724998474121094,6.0
4596,5.0,11.0,0.12009886652231216,7.960000038146973,2.0
4597,11.0,105.0,1.158097267150879,58.52000045776367,8.0
4598,10.0,127.0,1.3934584856033325,47.404998779296875,7.0
4599,15.0,151.0,1.585523009300232,112.30999755859375,12.0
4600,14.0,131.0,1.4678616523742676,97.40499877929688,11.0
4601,14.0,103.0,1.1396853923797607,97.54499816894531,11.0
4602,3.0,6.0,0.06944675743579865,-1.024999976158142,0.0
4603,8.0,35.0,0.3848675787448883,28.854999542236328,5.0
4604,11.0,108.0,1.1889005899429321,58.505001068115234,8.0
4605,13.0,138.0,1.4917336702346802,83.36499786376953,10.0
4606,15.0,108.0,1.1903501749038696,112.5250015258789,12.0
4607,15.0,174.0,2.0110020637512207,112.19499969482422,12.0
4608,9.0,62.0,0.7185470461845398,37.724998474121094,6.0
4609,19.0,187.0,2.1076064109802246,182.14999389648438,16.0
4610,11.0,90.0,1.0032823085784912,58.595001220703125,8.0
4611,9.0,82.0,0.9131424427032471,37.625,6.0
4612,10.0,54.0,0.5785225629806519,47.77000045776367,7.0
4613,12.0,120.0,1.3468995094299316,70.44999694824219,9.0
4614,6.0,19.0,0.1950230747461319,13.925000190734863,3.0
4615,10.0,76.0,0.8207961916923523,47.65999984741211,7.0
4616,8.0,38.0,0.4456040859222412,28.84000015258789,5.0
4617,6.0,32.0,0.3643363118171692,13.859999656677246,3.0
4618,11.0,72.0,0.8268894553184509,58.685001373291016,8.0
4619,18.0,178.0,2.0323128700256348,163.19000244140625,15.0
4620,7.0,58.0,0.6478641629219055,20.735000610351562,4.0
4621,5.0,14.0,0.1604703813791275,7.945000171661377,2.0
4622,6.0,26.0,0.28748929500579834,13.890000343322754,3.0
4623,12.0,102.0,1.1923965215682983,70.54000091552734,9.0
4624,6.0,20.0,0.20461128652095795,13.920000076293945,3.0
4625,13.0,105.0,1.1949646472930908,83.52999877929688,10.0
4626,5.0,20.0,0.21905718743801117,7.914999961853027,2.0
4627,8.0,37.0,0.39305636286735535,28.844999313354492,5.0
4628,8.0,42.0,0.43561795353889465,28.81999969482422,5.0
4629,11.0,76.0,0.7664900422096252,58.665000915527344,8.0
4630,12.0,104.0,1.0957661867141724,70.52999877929688,9.0
4631,7.0,25.0,0.24912971258163452,20.899999618530273,4.0
4632,14.0,134.0,1.4647883176803589,97.38999938964844,11.0
4633,8.0,32.0,0.3482121229171753,28.8700008392334,5.0
4634,15.0,172.0,1.8416216373443604,112.20500183105469,12.0
4635,5.0,28.0,0.3441755473613739,7.875,2.0
4636,13.0,160.0,1.798841118812561,83.25499725341797,10.0
4637,8.0,32.0,0.3484761714935303,28.8700008392334,5.0
4638,10.0,88.0,1.032155156135559,47.599998474121094,7.0
4639,16.0,111.0,1.2009872198104858,128.51499938964844,13.0
4640,4.0,15.0,0.17901284992694855,2.934999942779541,1.0
4641,8.0,45.0,0.44907987117767334,28.80500030517578,5.0
4642,7.0,39.0,0.39643892645835876,20.829999923706055,4.0
4643,5.0,11.0,0.10353642702102661,7.960000038146973,2.0
4644,11.0,100.0,1.106809377670288,58.54499816894531,8.0
4645,6.0,27.0,0.27450740337371826,13.885000228881836,3.0
4646,17.0,135.0,1.4020791053771973,145.39999389648438,14.0
4647,4.0,10.0,0.11634152382612228,2.9600000381469727,1.0
4648,10.0,85.0,0.9105762243270874,47.6150016784668,7.0
4649,7.0,40.0,0.4791658818721771,20.825000762939453,4.0
4650,18.0,172.0,1.834250807762146,163.22000122070312,15.0
4651,15.0,131.0,1.4328057765960693,112.41000366210938,12.0
4652,6.0,24.0,0.25120604038238525,13.899999618530273,3.0
4653,7.0,51.0,0.5744115710258484,20.770000457763672,4.0
4654,9.0,59.0,0.6555410623550415,37.7400016784668,6.0
4655,7.0,58.0,0.6949716806411743,20.735000610351562,4.0
4656,8.0,71.0,0.8004475831985474,28.674999237060547,5.0
4657,20.0,210.0,2.215040445327759,202.0399932861328,17.0
4658,7.0,56.0,0.5618254542350769,20.7450008392334,4.0
4659,12.0,112.0,1.1209100484848022,70.48999786376953,9.0
4660,14.0,124.0,1.2979720830917358,97.44000244140625,11.0
4661,13.0,96.0,1.0860668420791626,83.57499694824219,10.0
4662,13.0,85.0,0.9434098601341248,83.62999725341797,10.0
4663,14.0,179.0,1.9893028736114502,97.16500091552734,11.0
4664,16.0,138.0,1.5082234144210815,128.3800048828125,13.0
4665,8.0,57.0,0.6398283839225769,28.7450008392334,5.0
4666,10.0,92.0,1.0021406412124634,47.58000183105469,7.0
4667,8.0,37.0,0.4177461266517639,28.844999313354492,5.0
4668,5.0,17.0,0.19439326226711273,7.929999828338623,2.0
4669,14.0,110.0,1.2225909233093262,97.51000213623047,11.0
4670,11.0,69.0,0.7935613989830017,58.70000076293945,8.0
4671,9.0,59.0,0.6514320373535156,37.7400016784668,6.0
4672,8.0,76.0,0.8879810571670532,28.649999618530273,5.0
4673,11.0,101.0,1.1300910711288452,58.540000915527344,8.0
4674,13.0,94.0,1.1731412410736084,83.58499908447266,10.0
4675,13.0,119.0,1.3029654026031494,83.45999908447266,10.0
4676,12.0,103.0,1.137526035308838,70.53500366210938,9.0
4677,14.0,164.0,1.8030104637145996,97.23999786376953,11.0
4678,4.0,11.0,0.11405263841152191,2.9549999237060547,1.0
4679,19.0,180.0,1.9682579040527344,182.18499755859375,16.0
4680,16.0,157.0,1.7039440870285034,128.28500366210938,13.0
4681,7.0,27.0,0.27628523111343384,20.889999389648438,4.0
4682,19.0,143.0,1.4575252532958984,182.3699951171875,16.0
4683,8.0,43.0,0.45959997177124023,28.815000534057617,5.0
4684,13.0,76.0,0.7670530676841736,83.67500305175781,10.0
4685,8.0,44.0,0.5121613144874573,28.809999465942383,5.0
4686,8.0,45.0,0.4828535318374634,28.80500030517578,5.0
4687,11.0,91.0,0.9666656851768494,58.59000015258789,8.0
4688,18.0,167.0,1.8918730020523071,163.2449951171875,15.0
4689,12.0,106.0,1.1186800003051758,70.5199966430664,9.0
4690,5.0,10.0,0.11509671807289124,7.965000152587891,2.0
4691,6.0,26.0,0.29424142837524414,13.890000343322754,3.0
4692,10.0,70.0,0.7711383700370789,47.689998626708984,7.0
4693,18.0,193.0,2.1328346729278564,163.11500549316406,15.0
4694,9.0,52.0,0.5398557186126709,37.775001525878906,6.0
4695,9.0,52.0,0.5883072018623352,37.775001525878906,6.0
4696,11.0,94.0,0.999704897403717,58.57500076293945,8.0
4697,5.0,42.0,0.5154197216033936,7.804999828338623,2.0
4698,12.0,72.0,0.8175536394119263,70.69000244140625,9.0
4699,10.0,114.0,1.4320303201675415,47.470001220703125,7.0
4700,4.0,8.0,0.09453433752059937,2.9700000286102295,1.0
4701,8.0,30.0,0.36338678002357483,28.8799991607666,5.0
4702,3.0,4.0,0.06007492542266846,-1.0149999856948853,0.0
4703,17.0,142.0,1.6247515678405762,145.36500549316406,14.0
4704,13.0,102.0,1.1007660627365112,83.54499816894531,10.0
4705,7.0,42.0,0.45421332120895386,20.815000534057617,4.0
4706,5.0,20.0,0.18732409179210663,7.914999961853027,2.0
4707,22.0,249.0,2.9466614723205566,244.85499572753906,19.0
4708,14.0,112.0,1.376886248588562,97.5,11.0
4709,11.0,120.0,1.4649213552474976,58.44499969482422,8.0
4710,16.0,165.0,1.8153008222579956,128.2449951171875,13.0
4711,6.0,25.0,0.28538161516189575,13.895000457763672,3.0
4712,5.0,21.0,0.21334445476531982,7.909999847412109,2.0
4713,12.0,67.0,0.7660046219825745,70.71499633789062,9.0
4714,12.0,80.0,0.8079408407211304,70.6500015258789,9.0
4715,7.0,56.0,0.6089161038398743,20.7450008392334,4.0
4716,19.0,209.0,2.47798490524292,182.0399932861328,16.0
4717,6.0,23.0,0.2791265845298767,13.904999732971191,3.0
4718,7.0,26.0,0.28250831365585327,20.895000457763672,4.0
4719,7.0,50.0,0.5746847987174988,20.774999618530273,4.0
4720,18.0,205.0,2.3376901149749756,163.05499267578125,15.0
4721,4.0,4.0,0.042834606021642685,2.990000009536743,1.0
4722,11.0,77.0,0.8956961631774902,58.65999984741211,8.0
4723,14.0,117.0,1.260733962059021,97.4749984741211,11.0
4724,21.0,223.0,2.5709877014160156,222.97999572753906,18.0
4725,15.0,168.0,1.925905704498291,112.2249984741211,12.0
4726,6.0,27.0,0.2814054787158966,13.885000228881836,3.0
4727,19.0,223.0,2.47231388092041,181.97000122070312,16.0
4728,13.0,123.0,1.3601152896881104,83.44000244140625,10.0
4729,13.0,156.0,1.7597858905792236,83.2750015258789,10.0
4730,8.0,52.0,0.6558876633644104,28.770000457763672,5.0
4731,22.0,242.0,2.8741471767425537,244.88999938964844,19.0
4732,6.0,34.0,0.4444063603878021,13.850000381469727,3.0
4733,14.0,106.0,1.2133063077926636,97.52999877929688,11.0
4734,14.0,86.0,1.0026932954788208,97.62999725341797,11.0
4735,14.0,114.0,1.304732322692871,97.48999786376953,11.0
4736,8.0,34.0,0.395315021276474,28.860000610351562,5.0
4737,9.0,43.0,0.4979136288166046,37.81999969482422,6.0
4738,19.0,169.0,1.9408769607543945,182.24000549316406,16.0
4739,11.0,86.0,0.971749484539032,58.6150016784668,8.0
4740,5.0,28.0,0.34898412227630615,7.875,2.0
4741,7.0,41.0,0.4554978311061859,20.81999969482422,4.0
4742,9.0,57.0,0.6638176441192627,37.75,6.0
4743,11.0,79.0,0.9545971751213074,58.650001525878906,8.0
4744,21.0,222.0,2.678110122680664,222.98500061035156,18.0
4745,7.0,50.0,0.6513634920120239,20.774999618530273,4.0
4746,5.0,28.0,0.34173545241355896,7.875,2.0
4747,13.0,74.0,0.8472509384155273,83.68499755859375,10.0
4748,11.0,85.0,0.9320628643035889,58.619998931884766,8.0
4749,6.0,28.0,0.3141424357891083,13.880000114440918,3.0
4750,4.0,7.0,0.0829443708062172,2.9749999046325684,1.0
4751,10.0,54.0,0.6048070788383484,47.77000045776367,7.0
4752,13.0,120.0,1.3674683570861816,83.45500183105469,10.0
4753,16.0,182.0,2.1384565830230713,128.16000366210938,13.0
4754,14.0,108.0,1.2013787031173706,97.5199966430664,11.0
4755,11.0,64.0,0.7649549245834351,58.724998474121094,8.0
4756,13.0,77.0,0.8473314642906189,83.66999816894531,10.0
4757,11.0,87.0,1.0048707723617554,58.61000061035156,8.0
4758,12.0,86.0,1.0039645433425903,70.62000274658203,9.0
4759,9.0,48.0,0.529658854007721,37.79499816894531,6.0
4760,14.0,113.0,1.3378407955169678,97.49500274658203,11.0
4761,9.0,70.0,0.8497487306594849,37.685001373291016,6.0
4762,14.0,126.0,1.4659452438354492,97.43000030517578,11.0
4763,15.0,164.0,1.9167413711547852,112.24500274658203,12.0
4764,11.0,93.0,1.1249029636383057,58.58000183105469,8.0
4765,17.0,147.0,1.6180371046066284,145.33999633789062,14.0
4766,5.0,13.0,0.12721697986125946,7.949999809265137,2.0
4767,20.0,184.0,2.2327518463134766,202.1699981689453,17.0
4768,14.0,169.0,1.9118764400482178,97.21499633789062,11.0
4769,16.0,182.0,2.1391050815582275,128.16000366210938,13.0
4770,13.0,106.0,1.2697758674621582,83.5250015258789,10.0
4771,16.0,154.0,1.941330909729004,128.3000030517578,13.0
4772,18.0,178.0,2.1523964405059814,163.19000244140625,15.0
4773,16.0,180.0,2.3301198482513428,128.1699981689453,13.0
4774,6.0,22.0,0.26241767406463623,13.90999984741211,3.0
4775,15.0,98.0,1.1917474269866943,112.57499694824219,12.0
4776,11.0,71.0,0.8318840861320496,58.689998626708984,8.0
4777,22.0,263.0,3.2722201347351074,244.78500366210938,19.0
4778,12.0,88.0,1.1961852312088013,70.61000061035156,9.0
4779,12.0,93.0,1.155103087425232,70.58499908447266,9.0
4780,12.0,128.0,1.5114229917526245,70.41000366210938,9.0
4781,14.0,116.0,1.5818778276443481,97.4800033569336,11.0
4782,15.0,112.0,1.4165071249008179,112.50499725341797,12.0
4783,11.0,79.0,1.029884934425354,58.650001525878906,8.0
4784,14.0,90.0,1.1512210369110107,97.61000061035156,11.0
4785,20.0,167.0,2.023771047592163,202.2550048828125,17.0
4786,13.0,124.0,1.5298179388046265,83.43499755859375,10.0
4787,10.0,64.0,0.7859500050544739,47.720001220703125,7.0
4788,10.0,84.0,1.0851925611495972,47.619998931884766,7.0
4789,19.0,149.0,1.9007796049118042,182.33999633789062,16.0
4790,4.0,5.0,0.06309903413057327,2.984999895095825,1.0
4791,13.0,95.0,1.1333624124526978,83.58000183105469,10.0
4792,10.0,73.0,0.915960431098938,47.67499923706055,7.0
4793,7.0,50.0,0.6481904983520508,20.774999618530273,4.0
4794,12.0,109.0,1.3741308450698853,70.50499725341797,9.0
4795,10.0,68.0,0.8468194007873535,47.70000076293945,7.0
4796,8.0,51.0,0.5892977714538574,28.774999618530273,5.0
4797,9.0,86.0,1.1500338315963745,37.60499954223633,6.0
4798,13.0,112.0,1.452960729598999,83.49500274658203,10.0
4799,11.0,84.0,1.0297504663467407,58.625,8.0
4800,6.0,43.0,0.5492062568664551,13.805000305175781,3.0
4801,13.0,104.0,1.3432034254074097,83.53500366210938,10.0
4802,12.0,73.0,0.8803989887237549,70.68499755859375,9.0
4803,12.0,78.0,0.9354895353317261,70.66000366210938,9.0
4804,12.0,125.0,1.5294654369354248,70.42500305175781,9.0
4805,4.0,7.0,0.09486529976129532,2.9749999046325684,1.0
4806,13.0,76.0,0.9307860732078552,83.67500305175781,10.0
4807,15.0,167.0,1.9426288604736328,112.2300033569336,12.0
4808,19.0,171.0,2.2403602600097656,182.22999572753906,16.0
4809,8.0,35.0,0.42496469616889954,28.854999542236328,5.0
4810,20.0,228.0,2.849695920944214,201.9499969482422,17.0
4811,15.0,156.0,1.8755848407745361,112.28500366210938,12.0
4812,9.0,61.0,0.7461165189743042,37.72999954223633,6.0
4813,10.0,70.0,0.8978249430656433,47.689998626708984,7.0
4814,17.0,163.0,2.0513343811035156,145.25999450683594,14.0
4815,20.0,175.0,2.226447820663452,202.21499633789062,17.0
4816,7.0,38.0,0.4560266137123108,20.834999084472656,4.0
4817,18.0,178.0,2.1930179595947266,163.19000244140625,15.0
4818,10.0,64.0,0.8141329884529114,47.720001220703125,7.0
4819,19.0,169.0,2.151738405227661,182.24000549316406,16.0
4820,20.0,193.0,2.401108741760254,202.125,17.0
4821,23.0,314.0,3.911526918411255,267.5350036621094,20.0
4822,7.0,33.0,0.4127364158630371,20.860000610351562,4.0
4823,19.0,139.0,1.783645749092102,182.38999938964844,16.0
4824,4.0,7.0,0.09586849063634872,2.9749999046325684,1.0
4825,18.0,160.0,2.0487582683563232,163.27999877929688,15.0
4826,14.0,114.0,1.5740830898284912,97.48999786376953,11.0
4827,21.0,227.0,3.0353076457977295,222.9600067138672,18.0
4828,18.0,157.0,2.1035032272338867,163.2949981689453,15.0
4829,5.0,13.0,0.16930601000785828,7.949999809265137,2.0
4830,7.0,23.0,0.29786917567253113,20.90999984741211,4.0
4831,4.0,28.0,0.3144892454147339,2.869999885559082,1.0
4832,7.0,33.0,0.4557200074195862,20.860000610351562,4.0
4833,15.0,174.0,2.1507749557495117,112.19499969482422,12.0
4834,23.0,274.0,3.370303153991699,267.7349853515625,20.0
4835,7.0,46.0,0.5865673422813416,20.795000076293945,4.0
4836,6.0,35.0,0.43823152780532837,13.845000267028809,3.0
4837,13.0,116.0,1.4865819215774536,83.4749984741211,10.0
4838,10.0,70.0,0.9023231863975525,47.689998626708984,7.0
4839,9.0,66.0,0.84685218334198,37.70500183105469,6.0
4840,7.0,25.0,0.31500551104545593,20.899999618530273,4.0
4841,15.0,168.0,2.0251142978668213,112.2249984741211,12.0
4842,14.0,86.0,1.0436761379241943,97.62999725341797,11.0
4843,9.0,47.0,0.6215951442718506,37.79999923706055,6.0
4844,9.0,53.0,0.6411526203155518,37.77000045776367,6.0
4845,9.0,41.0,0.5097055435180664,37.83000183105469,6.0
4846,9.0,73.0,0.9879716038703918,37.66999816894531,6.0
4847,20.0,250.0,3.2626595497131348,201.83999633789062,17.0
4848,19.0,182.0,2.345427989959717,182.1750030517578,16.0
4849,16.0,126.0,1.593471646308899,128.44000244140625,13.0
4850,11.0,70.0,0.8608277440071106,58.69499969482422,8.0
4851,9.0,42.0,0.5060376524925232,37.82500076293945,6.0
4852,24.0,258.0,3.3580965995788574,291.82000732421875,21.0
4853,4.0,25.0,0.2912086248397827,2.884999990463257,1.0
4854,16.0,151.0,1.915745735168457,128.31500244140625,13.0
4855,6.0,30.0,0.37982210516929626,13.869999885559082,3.0
4856,18.0,118.0,1.6082066297531128,163.49000549316406,15.0
4857,13.0,132.0,1.7128679752349854,83.3949966430664,10.0
4858,12.0,111.0,1.4478702545166016,70.49500274658203,9.0
4859,15.0,120.0,1.4874026775360107,112.46499633789062,12.0
4860,10.0,53.0,0.6989568471908569,47.775001525878906,7.0
4861,11.0,76.0,1.0580509901046753,58.665000915527344,8.0
4862,12.0,81.0,1.006162166595459,70.6449966430664,9.0
4863,20.0,235.0,2.9930107593536377,201.9149932861328,17.0
4864,13.0,138.0,1.8035085201263428,83.36499786376953,10.0
4865,18.0,219.0,2.9038450717926025,162.98500061035156,15.0
4866,13.0,111.0,1.400526762008667,83.5,10.0
4867,12.0,142.0,1.7502630949020386,70.33999633789062,9.0
4868,16.0,163.0,2.0862045288085938,128.2550048828125,13.0
4869,9.0,62.0,0.7694942951202393,37.724998474121094,6.0
4870,5.0,23.0,0.2924235463142395,7.900000095367432,2.0
4871,15.0,148.0,1.9200299978256226,112.32499694824219,12.0
4872,19.0,172.0,2.213498830795288,182.22500610351562,16.0
4873,11.0,61.0,0.7394493222236633,58.7400016784668,8.0
4874,16.0,140.0,1.8732839822769165,128.3699951171875,13.0
4875,18.0,152.0,2.0450241565704346,163.32000732421875,15.0
4876,23.0,270.0,3.602388620376587,267.7550048828125,20.0
4877,14.0,150.0,1.9530808925628662,97.30999755859375,11.0
4878,5.0,39.0,0.5168629288673401,7.820000171661377,2.0
4879,13.0,97.0,1.2981078624725342,83.56999969482422,10.0
4880,8.0,41.0,0.5151944160461426,28.825000762939453,5.0
4881,10.0,64.0,0.7986548542976379,47.720001220703125,7.0
4882,20.0,226.0,3.0566675662994385,201.9600067138672,17.0
4883,13.0,106.0,1.4530714750289917,83.5250015258789,10.0
4884,6.0,25.0,0.3263799846172333,13.895000457763672,3.0
4885,13.0,119.0,1.597648024559021,83.45999908447266,10.0
4886,15.0,145.0,1.815916657447815,112.33999633789062,12.0
4887,9.0,62.0,0.8065721988677979,37.724998474121094,6.0
4888,15.0,143.0,1.9078636169433594,112.3499984741211,12.0
4889,9.0,58.0,0.7353283166885376,37.744998931884766,6.0
4890,19.0,212.0,2.8334929943084717,182.02499389648438,16.0
4891,20.0,194.0,2.5843276977539062,202.1199951171875,17.0
4892,10.0,91.0,1.158905267715454,47.584999084472656,7.0
4893,15.0,165.0,2.268246650695801,112.23999786376953,12.0
4894,22.0,268.0,3.6688525676727295,244.75999450683594,19.0
4895,13.0,110.0,1.5880059003829956,83.50499725341797,10.0
4896,10.0,62.0,0.8618631958961487,47.72999954223633,7.0
4897,21.0,216.0,3.0945024490356445,223.01499938964844,18.0
4898,14.0,102.0,1.3427318334579468,97.55000305175781,11.0
4899,17.0,150.0,2.051745891571045,145.3249969482422,14.0
4900,16.0,147.0,2.049666166305542,128.3350067138672,13.0
4901,12.0,107.0,1.3711111545562744,70.51499938964844,9.0
4902,5.0,24.0,0.31138890981674194,7.894999980926514,2.0
4903,9.0,53.0,0.692764401435852,37.77000045776367,6.0
4904,16.0,200.0,2.6617178916931152,128.07000732421875,13.0
4905,16.0,169.0,2.2553532123565674,128.22500610351562,13.0
4906,22.0,250.0,3.209587812423706,244.85000610351562,19.0
4907,17.0,154.0,2.003664970397949,145.30499267578125,14.0
4908,16.0,244.0,3.3518242835998535,127.8499984741211,13.0
4909,15.0,100.0,1.3055702447891235,112.56500244140625,12.0
4910,16.0,109.0,1.5004066228866577,128.52499389648438,13.0
4911,11.0,71.0,1.0007812976837158,58.689998626708984,8.0
4912,21.0,180.0,2.456528902053833,223.19500732421875,18.0
4913,21.0,228.0,2.9669013023376465,222.9550018310547,18.0
4914,16.0,111.0,1.513441562652588,128.51499938964844,13.0
4915,17.0,158.0,2.286717414855957,145.28500366210938,14.0
4916,17.0,149.0,2.1359353065490723,145.3300018310547,14.0
4917,13.0,153.0,2.218950033187866,83.29000091552734,10.0
4918,10.0,55.0,0.7698729634284973,47.76499938964844,7.0
4919,23.0,264.0,3.787158966064453,267.7850036621094,20.0
4920,5.0,15.0,0.21440334618091583,7.940000057220459,2.0
4921,15.0,106.0,1.519105315208435,112.53500366210938,12.0
4922,15.0,144.0,1.9949835538864136,112.34500122070312,12.0
4923,15.0,98.0,1.4022345542907715,112.57499694824219,12.0
4924,11.0,72.0,0.9288980960845947,58.685001373291016,8.0
4925,15.0,178.0,2.4831299781799316,112.17500305175781,12.0
4926,14.0,96.0,1.4187227487564087,97.58000183105469,11.0
4927,17.0,144.0,2.022582769393921,145.35499572753906,14.0
4928,22.0,211.0,2.8293182849884033,245.0449981689453,19.0
4929,3.0,7.0,0.08598959445953369,-1.0299999713897705,0.0
4930,12.0,117.0,1.6160295009613037,70.46499633789062,9.0
4931,12.0,100.0,1.4238739013671875,70.55000305175781,9.0
4932,8.0,37.0,0.4992446303367615,28.844999313354492,5.0
4933,19.0,224.0,3.1895055770874023,181.96499633789062,16.0
4934,8.0,47.0,0.6743237376213074,28.795000076293945,5.0
4935,19.0,160.0,2.1493632793426514,182.28500366210938,16.0
4936,12.0,72.0,0.9917051792144775,70.69000244140625,9.0
4937,16.0,136.0,1.8970110416412354,128.38999938964844,13.0
4938,18.0,207.0,3.149322032928467,163.0449981689453,15.0
4939,9.0,61.0,0.8983394503593445,37.72999954223633,6.0
4940,18.0,166.0,2.2427711486816406,163.25,15.0
4941,15.0,147.0,2.060884714126587,112.33000183105469,12.0
4942,6.0,30.0,0.4015049934387207,13.869999885559082,3.0
4943,15.0,140.0,1.9515173435211182,112.36499786376953,12.0
4944,18.0,149.0,2.131817579269409,163.3350067138672,15.0
4945,8.0,46.0,0.6603151559829712,28.799999237060547,5.0
4946,19.0,155.0,2.2272226810455322,182.30999755859375,16.0
4947,16.0,174.0,2.554119110107422,128.1999969482422,13.0
4948,12.0,85.0,1.2243660688400269,70.625,9.0
4949,12.0,70.0,0.9332062005996704,70.69999694824219,9.0
4950,8.0,46.0,0.6137367486953735,28.799999237060547,5.0
4951,22.0,239.0,3.280888080596924,244.90499877929688,19.0
4952,21.0,259.0,3.74476957321167,222.8000030517578,18.0
4953,13.0,105.0,1.4316226243972778,83.52999877929688,10.0
4954,20.0,200.0,2.830913543701172,202.08999633789062,17.0
4955,24.0,288.0,4.158875942230225,291.6700134277344,21.0
4956,10.0,46.0,0.6282831430435181,47.810001373291016,7.0
4957,17.0,143.0,2.0301926136016846,145.36000061035156,14.0
4958,21.0,202.0,2.965768337249756,223.0850067138672,18.0
4959,18.0,242.0,3.3263936042785645,162.8699951171875,15.0
4960,17.0,123.0,1.6758688688278198,145.4600067138672,14.0
4961,16.0,166.0,2.481100559234619,128.24000549316406,13.0
4962,12.0,90.0,1.2425343990325928,70.5999984741211,9.0
4963,8.0,44.0,0.6527528762817383,28.809999465942383,5.0
4964,17.0,166.0,2.256913423538208,145.2449951171875,14.0
4965,16.0,162.0,2.364882230758667,128.25999450683594,13.0
4966,14.0,126.0,1.8723523616790771,97.43000030517578,11.0
4967,17.0,127.0,1.8767768144607544,145.44000244140625,14.0
4968,6.0,29.0,0.42753684520721436,13.875,3.0
4969,18.0,165.0,2.378894567489624,163.2550048828125,15.0
4970,18.0,185.0,2.6641836166381836,163.15499877929688,15.0
4971,21.0,296.0,4.296261310577393,222.61500549316406,18.0
4972,19.0,141.0,2.189337968826294,182.3800048828125,16.0
4973,18.0,145.0,2.2642109394073486,163.35499572753906,15.0
4974,16.0,169.0,2.5108180046081543,128.22500610351562,13.0
4975,15.0,108.0,1.5398603677749634,112.5250015258789,12.0
4976,12.0,82.0,1.1383600234985352,70.63999938964844,9.0
4977,22.0,303.0,4.500648021697998,244.5850067138672,19.0
4978,8.0,46.0,0.667052686214447,28.799999237060547,5.0
4979,19.0,125.0,1.762357473373413,182.4600067138672,16.0
4980,10.0,69.0,0.9910136461257935,47.69499969482422,7.0
4981,24.0,285.0,4.219895362854004,291.68499755859375,21.0
4982,10.0,68.0,0.9515334367752075,47.70000076293945,7.0
4983,14.0,136.0,1.974865436553955,97.37999725341797,11.0
4984,15.0,102.0,1.558143973350525,112.55500030517578,12.0
4985,20.0,172.0,2.5490782260894775,202.22999572753906,17.0
4986,19.0,171.0,2.4611430168151855,182.22999572753906,16.0
4987,7.0,26.0,0.4094105064868927,20.895000457763672,4.0
4988,12.0,87.0,1.1806659698486328,70.61499786376953,9.0
4989,11.0,87.0,1.2997586727142334,58.61000061035156,8.0
4990,18.0,144.0,2.1625094413757324,163.36000061035156,15.0
4991,19.0,213.0,3.1984145641326904,182.02000427246094,16.0
4992,14.0,94.0,1.3875707387924194,97.58999633789062,11.0
4993,20.0,214.0,3.1739768981933594,202.02000427246094,17.0
4994,18.0,168.0,2.3140347003936768,163.24000549316406,15.0
4995,18.0,191.0,2.8936054706573486,163.125,15.0
4996,17.0,200.0,2.887315511703491,145.0749969482422,14.0
4997,14.0,95.0,1.3824816942214966,97.58499908447266,11.0
4998,12.0,98.0,1.5116798877716064,70.55999755859375,9.0
4999,19.0,181.0,2.637824773788452,182.17999267578125,16.0
5000,14.0,140.0,2.185575246810913,97.36000061035156,11.0
5001,18.0,133.0,1.9802813529968262,163.4149932861328,15.0
5002,12.0,108.0,1.582782506942749,70.51000213623047,9.0
5003,18.0,144.0,2.213735580444336,163.36000061035156,15.0
5004,15.0,150.0,2.1640355587005615,112.31500244140625,12.0
5005,12.0,119.0,1.7898128032684326,70.45500183105469,9.0
5006,16.0,164.0,2.5183348655700684,128.25,13.0
5007,9.0,72.0,1.0674360990524292,37.67499923706055,6.0
5008,8.0,48.0,0.7313368916511536,28.790000915527344,5.0
5009,18.0,185.0,2.7789855003356934,163.15499877929688,15.0
5010,20.0,196.0,2.8746092319488525,202.11000061035156,17.0
5011,15.0,144.0,2.086549758911133,112.34500122070312,12.0
5012,20.0,220.0,3.4028830528259277,201.99000549316406,17.0
5013,15.0,192.0,2.7797024250030518,112.1050033569336,12.0
5014,11.0,85.0,1.3089323043823242,58.619998931884766,8.0
5015,15.0,132.0,2.080223321914673,112.40499877929688,12.0
5016,14.0,110.0,1.7026069164276123,97.51000213623047,11.0
5017,15.0,118.0,1.7191730737686157,112.4749984741211,12.0
5018,18.0,147.0,2.35640811920166,163.34500122070312,15.0
5019,20.0,220.0,3.201233386993408,201.99000549316406,17.0
5020,10.0,90.0,1.3305449485778809,47.59000015258789,7.0
5021,12.0,72.0,1.0325530767440796,70.69000244140625,9.0
5022,13.0,95.0,1.4219425916671753,83.58000183105469,10.0
5023,9.0,48.0,0.7220209836959839,37.79499816894531,6.0
5024,13.0,143.0,2.351733446121216,83.33999633789062,10.0
5025,22.0,229.0,3.320737361907959,244.9550018310547,19.0
5026,19.0,178.0,2.806272506713867,182.19500732421875,16.0
5027,17.0,134.0,2.0618138313293457,145.40499877929688,14.0
5028,10.0,68.0,0.9952397346496582,47.70000076293945,7.0
5029,11.0,75.0,1.0951296091079712,58.66999816894531,8.0
5030,15.0,134.0,1.9729764461517334,112.3949966430664,12.0
5031,18.0,222.0,3.3906264305114746,162.97000122070312,15.0
5032,19.0,197.0,3.010176420211792,182.10000610351562,16.0
5033,18.0,182.0,2.940343141555786,163.1699981689453,15.0
5034,10.0,61.0,0.8921101689338684,47.73500061035156,7.0
5035,11.0,69.0,1.0748828649520874,58.70000076293945,8.0
5036,11.0,89.0,1.3629200458526611,58.599998474121094,8.0
5037,14.0,126.0,1.9751542806625366,97.43000030517578,11.0
5038,19.0,172.0,2.6060187816619873,182.22500610351562,16.0
5039,7.0,34.0,0.4846951365470886,20.854999542236328,4.0
5040,20.0,204.0,2.9452457427978516,202.07000732421875,17.0
5041,13.0,118.0,1.9670521020889282,83.46499633789062,10.0
5042,15.0,121.0,1.9252263307571411,112.45999908447266,12.0
5043,9.0,74.0,1.1355887651443481,37.665000915527344,6.0
5044,17.0,114.0,1.7002047300338745,145.5050048828125,14.0
5045,21.0,271.0,4.2314252853393555,222.74000549316406,18.0
5046,13.0,137.0,2.065176248550415,83.37000274658203,10.0
5047,14.0,137.0,2.149778366088867,97.375,11.0
5048,16.0,164.0,2.601895332336426,128.25,13.0
5049,13.0,101.0,1.5842788219451904,83.55000305175781,10.0
5050,17.0,149.0,2.405097723007202,145.3300018310547,14.0
5051,19.0,208.0,3.297194719314575,182.0449981689453,16.0
5052,22.0,251.0,3.975773572921753,244.84500122070312,19.0
5053,15.0,154.0,2.508173942565918,112.29499816894531,12.0
5054,16.0,126.0,2.022521734237671,128.44000244140625,13.0
5055,22.0,302.0,4.820528984069824,244.58999633789062,19.0
5056,8.0,42.0,0.6295679211616516,28.81999969482422,5.0
5057,19.0,228.0,3.6550426483154297,181.94500732421875,16.0
5058,16.0,109.0,1.7798376083374023,128.52499389648438,13.0
5059,16.0,142.0,2.22381591796875,128.36000061035156,13.0
5060,22.0,235.0,3.752156972885132,244.9250030517578,19.0
5061,15.0,118.0,1.9044636487960815,112.4749984741211,12.0
5062,7.0,70.0,1.1679960489273071,20.674999237060547,4.0
5063,7.0,49.0,0.7555562853813171,20.780000686645508,4.0
5064,15.0,112.0,1.8216813802719116,112.50499725341797,12.0
5065,13.0,73.0,1.1404753923416138,83.69000244140625,10.0
5066,13.0,86.0,1.390124797821045,83.625,10.0
5067,11.0,45.0,0.7208514213562012,58.81999969482422,8.0
5068,17.0,129.0,1.9582699537277222,145.42999267578125,14.0
5069,20.0,171.0,2.690751552581787,202.23500061035156,17.0
5070,9.0,52.0,0.7912368774414062,37.775001525878906,6.0
5071,10.0,57.0,0.9351056218147278,47.755001068115234,7.0
5072,19.0,206.0,3.428462505340576,182.05499267578125,16.0
5073,15.0,127.0,2.0485048294067383,112.43000030517578,12.0
5074,24.0,256.0,4.024877071380615,291.8299865722656,21.0
5075,20.0,179.0,2.7533786296844482,202.19500732421875,17.0
5076,21.0,189.0,3.0312390327453613,223.14999389648438,18.0
5077,19.0,167.0,2.698902130126953,182.25,16.0
5078,19.0,230.0,3.911924362182617,181.93499755859375,16.0
5079,23.0,210.0,3.531993865966797,268.05499267578125,20.0
5080,12.0,81.0,1.4450113773345947,70.6449966430664,9.0
5081,15.0,134.0,2.202364683151245,112.3949966430664,12.0
5082,19.0,186.0,2.9720299243927,182.15499877929688,16.0
5083,21.0,244.0,3.9786696434020996,222.875,18.0
5084,22.0,163.0,2.6970813274383545,245.28500366210938,19.0
5085,23.0,186.0,3.148143768310547,268.17498779296875,20.0
5086,24.0,246.0,4.015863418579102,291.8800048828125,21.0
5087,22.0,276.0,4.51159143447876,244.72000122070312,19.0
5088,14.0,126.0,2.1437013149261475,97.43000030517578,11.0
5089,16.0,120.0,2.0332894325256348,128.47000122070312,13.0
5090,20.0,192.0,3.0082497596740723,202.1300048828125,17.0
5091,14.0,121.0,1.962812066078186,97.45500183105469,11.0
5092,8.0,45.0,0.7018164396286011,28.80500030517578,5.0
5093,15.0,133.0,1.9880396127700806,112.4000015258789,12.0
5094,14.0,166.0,2.5095505714416504,97.2300033569336,11.0
5095,14.0,118.0,1.989943027496338,97.47000122070312,11.0
5096,10.0,49.0,0.7810574173927307,47.79499816894531,7.0
5097,23.0,298.0,4.738443374633789,267.614990234375,20.0
5098,16.0,136.0,2.118922710418701,128.38999938964844,13.0
5099,16.0,139.0,2.1833572387695312,128.375,13.0
5100,5.0,31.0,0.46870559453964233,7.860000133514404,2.0
5101,19.0,196.0,3.106966495513916,182.10499572753906,16.0
5102,17.0,159.0,2.5336339473724365,145.27999877929688,14.0
5103,15.0,143.0,2.307983160018921,112.3499984741211,12.0
5104,23.0,304.0,5.053831100463867,267.5849914550781,20.0
5105,18.0,180.0,2.8910534381866455,163.17999267578125,15.0
5106,20.0,197.0,3.304745674133301,202.10499572753906,17.0
5107,15.0,176.0,2.904175043106079,112.18499755859375,12.0
5108,15.0,137.0,2.164628028869629,112.37999725341797,12.0
5109,19.0,230.0,3.5143983364105225,181.93499755859375,16.0
5110,23.0,224.0,3.8229053020477295,267.9849853515625,20.0
5111,5.0,15.0,0.2609453499317169,7.940000057220459,2.0
5112,9.0,61.0,1.035851001739502,37.72999954223633,6.0
5113,15.0,160.0,2.5042312145233154,112.26499938964844,12.0
5114,19.0,207.0,3.3906195163726807,182.0500030517578,16.0
5115,23.0,227.0,3.572422981262207,267.9700012207031,20.0
5116,5.0,19.0,0.3007906675338745,7.920000076293945,2.0
5117,10.0,78.0,1.3115965127944946,47.650001525878906,7.0
5118,16.0,161.0,2.7030487060546875,128.26499938964844,13.0
5119,25.0,305.0,5.023927211761475,316.5899963378906,22.0
5120,15.0,99.0,1.6538732051849365,112.56999969482422,12.0
5121,26.0,251.0,4.2949299812316895,342.864990234375,23.0
5122,16.0,128.0,2.276794910430908,128.42999267578125,13.0
5123,22.0,279.0,4.702794075012207,244.7050018310547,19.0
5124,23.0,257.0,4.340137481689453,267.82000732421875,20.0
5125,18.0,143.0,2.2766435146331787,163.36500549316406,15.0
5126,17.0,199.0,3.504469156265259,145.0800018310547,14.0
5127,21.0,178.0,3.238532304763794,223.2050018310547,18.0
5128,8.0,44.0,0.8510695099830627,28.809999465942383,5.0
5129,22.0,237.0,4.273482322692871,244.9149932861328,19.0
5130,20.0,141.0,2.4761641025543213,202.38499450683594,17.0
5131,19.0,181.0,3.211177110671997,182.17999267578125,16.0
5132,20.0,213.0,3.6177303791046143,202.02499389648438,17.0
5133,8.0,48.0,0.8861899971961975,28.790000915527344,5.0
5134,15.0,153.0,2.7653391361236572,112.30000305175781,12.0
5135,21.0,236.0,4.22874641418457,222.9149932861328,18.0
5136,15.0,144.0,2.5024595260620117,112.34500122070312,12.0
5137,12.0,108.0,1.7603107690811157,70.51000213623047,9.0
5138,8.0,51.0,0.7572124600410461,28.774999618530273,5.0
5139,6.0,22.0,0.3232145309448242,13.90999984741211,3.0
5140,15.0,125.0,2.217961311340332,112.44000244140625,12.0
5141,18.0,153.0,2.6646249294281006,163.31500244140625,15.0
5142,18.0,163.0,2.808547019958496,163.26499938964844,15.0
5143,12.0,106.0,1.764391541481018,70.5199966430664,9.0
5144,13.0,113.0,1.900321364402771,83.48999786376953,10.0
5145,15.0,107.0,1.7886079549789429,112.52999877929688,12.0
5146,17.0,161.0,2.6565771102905273,145.27000427246094,14.0
5147,14.0,111.0,2.0224666595458984,97.50499725341797,11.0
5148,16.0,146.0,2.516406536102295,128.33999633789062,13.0
5149,10.0,50.0,0.8336849808692932,47.790000915527344,7.0
5150,28.0,398.0,6.959400653839111,397.1400146484375,25.0
5151,26.0,366.0,6.148951053619385,342.2900085449219,23.0
5152,17.0,160.0,2.945949077606201,145.27499389648438,14.0
5153,12.0,73.0,1.0841944217681885,70.68499755859375,9.0
5154,23.0,225.0,4.162823677062988,267.9800109863281,20.0
5155,16.0,157.0,2.8409810066223145,128.28500366210938,13.0
5156,13.0,141.0,2.562863349914551,83.3499984741211,10.0
5157,21.0,235.0,4.303897857666016,222.9199981689453,18.0
5158,23.0,226.0,4.257154941558838,267.9750061035156,20.0
5159,22.0,215.0,4.007513523101807,245.02499389648438,19.0
5160,19.0,180.0,3.175145387649536,182.18499755859375,16.0
5161,10.0,48.0,0.7760961651802063,47.79999923706055,7.0
5162,11.0,83.0,1.5156594514846802,58.630001068115234,8.0
5163,24.0,349.0,6.088211536407471,291.364990234375,21.0
5164,17.0,174.0,3.027059555053711,145.2050018310547,14.0
5165,21.0,234.0,4.183743476867676,222.9250030517578,18.0
5166,16.0,139.0,2.5962259769439697,128.375,13.0
5167,25.0,303.0,5.356344223022461,316.6000061035156,22.0
5168,17.0,130.0,2.2121498584747314,145.4250030517578,14.0
5169,18.0,183.0,3.267129898071289,163.1649932861328,15.0
5170,22.0,208.0,3.7132370471954346,245.05999755859375,19.0
5171,7.0,28.0,0.4513956606388092,20.885000228881836,4.0
5172,21.0,254.0,4.371473789215088,222.8249969482422,18.0
5173,15.0,161.0,2.8844945430755615,112.26000213623047,12.0
5174,8.0,91.0,1.6250017881393433,28.575000762939453,5.0
5175,17.0,182.0,3.153995990753174,145.1649932861328,14.0
5176,23.0,301.0,5.445960998535156,267.6000061035156,20.0
5177,10.0,89.0,1.5516026020050049,47.595001220703125,7.0
5178,16.0,183.0,3.640380620956421,128.15499877929688,13.0
5179,19.0,265.0,4.995946884155273,181.75999450683594,16.0
5180,15.0,111.0,2.0971312522888184,112.51000213623047,12.0
5181,16.0,134.0,2.4099996089935303,128.39999389648438,13.0
5182,22.0,193.0,3.375551223754883,245.13499450683594,19.0
5183,9.0,52.0,0.9204114079475403,37.775001525878906,6.0
5184,15.0,115.0,2.171609878540039,112.48999786376953,12.0
5185,16.0,156.0,2.8429131507873535,128.2899932861328,13.0
5186,22.0,249.0,4.542017459869385,244.85499572753906,19.0
5187,12.0,83.0,1.6706619262695312,70.63500213623047,9.0
5188,22.0,150.0,2.7725884914398193,245.35000610351562,19.0
5189,9.0,59.0,1.108841896057129,37.7400016784668,6.0
5190,9.0,51.0,1.0022571086883545,37.779998779296875,6.0
5191,11.0,78.0,1.3604766130447388,58.654998779296875,8.0
5192,26.0,307.0,5.6778459548950195,342.5849914550781,23.0
5193,15.0,115.0,2.11672043800354,112.48999786376953,12.0
5194,23.0,219.0,3.867786407470703,268.010009765625,20.0
5195,24.0,308.0,5.451313018798828,291.57000732421875,21.0
5196,13.0,119.0,2.2780399322509766,83.45999908447266,10.0
5197,17.0,203.0,3.7773425579071045,145.05999755859375,14.0
5198,22.0,226.0,4.334187030792236,244.97000122070312,19.0
5199,12.0,91.0,1.6490117311477661,70.59500122070312,9.0
5200,17.0,178.0,3.477681875228882,145.18499755859375,14.0
5201,16.0,139.0,2.605526924133301,128.375,13.0
5202,14.0,145.0,2.7356531620025635,97.33499908447266,11.0
5203,13.0,137.0,2.648458480834961,83.37000274658203,10.0
5204,12.0,105.0,1.899362325668335,70.5250015258789,9.0
5205,23.0,279.0,5.178741931915283,267.7099914550781,20.0
5206,13.0,78.0,1.4830331802368164,83.66500091552734,10.0
5207,13.0,160.0,2.9763131141662598,83.25499725341797,10.0
5208,10.0,61.0,1.1637167930603027,47.73500061035156,7.0
5209,17.0,151.0,2.9206221103668213,145.32000732421875,14.0
5210,22.0,194.0,3.4763119220733643,245.1300048828125,19.0
5211,4.0,10.0,0.18373948335647583,2.9600000381469727,1.0
5212,14.0,124.0,2.327883720397949,97.44000244140625,11.0
5213,8.0,67.0,1.2363275289535522,28.69499969482422,5.0
5214,24.0,310.0,5.896424770355225,291.55999755859375,21.0
5215,19.0,179.0,3.272221326828003,182.19000244140625,16.0
5216,21.0,198.0,3.6267447471618652,223.10499572753906,18.0
5217,21.0,186.0,3.4196338653564453,223.1649932861328,18.0
5218,11.0,76.0,1.543752908706665,58.665000915527344,8.0
5219,16.0,117.0,2.2534964084625244,128.48500061035156,13.0
5220,18.0,171.0,3.276974678039551,163.22500610351562,15.0
5221,14.0,130.0,2.566554307937622,97.41000366210938,11.0
5222,19.0,236.0,4.345590591430664,181.90499877929688,16.0
5223,22.0,232.0,4.186094760894775,244.94000244140625,19.0
5224,15.0,126.0,2.4259579181671143,112.43499755859375,12.0
5225,22.0,309.0,5.777759552001953,244.55499267578125,19.0
5226,9.0,74.0,1.4107249975204468,37.665000915527344,6.0
5227,25.0,233.0,4.308622360229492,316.95001220703125,22.0
5228,8.0,42.0,0.762346088886261,28.81999969482422,5.0
5229,5.0,25.0,0.4936811029911041,7.889999866485596,2.0
5230,13.0,101.0,1.8109126091003418,83.55000305175781,10.0
5231,25.0,365.0,6.740837574005127,316.2900085449219,22.0
5232,12.0,87.0,1.59645676612854,70.61499786376953,9.0
5233,18.0,155.0,2.877835512161255,163.30499267578125,15.0
5234,22.0,264.0,4.907175064086914,244.77999877929688,19.0
5235,19.0,149.0,2.661377191543579,182.33999633789062,16.0
5236,22.0,231.0,4.505378723144531,244.94500732421875,19.0
5237,22.0,191.0,3.516913652420044,245.14500427246094,19.0
5238,15.0,109.0,2.0954320430755615,112.5199966430664,12.0
5239,8.0,70.0,1.394392967224121,28.68000030517578,5.0
5240,19.0,145.0,2.6795060634613037,182.36000061035156,16.0
5241,14.0,116.0,2.2572357654571533,97.4800033569336,11.0
5242,10.0,68.0,1.330426573753357,47.70000076293945,7.0
5243,19.0,212.0,3.9996020793914795,182.02499389648438,16.0
5244,10.0,58.0,1.1228995323181152,47.75,7.0
5245,18.0,145.0,2.7498021125793457,163.35499572753906,15.0
5246,5.0,11.0,0.18959593772888184,7.960000038146973,2.0
5247,19.0,199.0,3.935398817062378,182.08999633789062,16.0
5248,16.0,121.0,2.2369229793548584,128.46499633789062,13.0
5249,11.0,63.0,1.2361336946487427,58.72999954223633,8.0
5250,16.0,140.0,2.5746889114379883,128.3699951171875,13.0
5251,7.0,36.0,0.6735139489173889,20.844999313354492,4.0
5252,7.0,20.0,0.3641067147254944,20.924999237060547,4.0
5253,10.0,86.0,1.699143648147583,47.61000061035156,7.0
5254,23.0,241.0,4.516903400421143,267.8999938964844,20.0
5255,12.0,97.0,1.7512223720550537,70.56500244140625,9.0
5256,19.0,220.0,4.183851718902588,181.98500061035156,16.0
5257,15.0,140.0,2.6570420265197754,112.36499786376953,12.0
5258,18.0,131.0,2.628988742828369,163.4250030517578,15.0
5259,14.0,116.0,2.4468202590942383,97.4800033569336,11.0
5260,21.0,223.0,4.2681684494018555,222.97999572753906,18.0
5261,18.0,183.0,3.488593339920044,163.1649932861328,15.0
5262,13.0,99.0,1.8689268827438354,83.55999755859375,10.0
5263,26.0,283.0,5.084260940551758,342.7049865722656,23.0
5264,18.0,207.0,3.9286751747131348,163.0449981689453,15.0
5265,11.0,56.0,1.0621179342269897,58.76499938964844,8.0
5266,20.0,266.0,5.2006025314331055,201.75999450683594,17.0
5267,17.0,140.0,2.6447789669036865,145.375,14.0
5268,5.0,18.0,0.3604804277420044,7.925000190734863,2.0
5269,24.0,309.0,5.91321325302124,291.56500244140625,21.0
5270,7.0,27.0,0.5462073087692261,20.889999389648438,4.0
5271,18.0,148.0,2.761606216430664,163.33999633789062,15.0
5272,17.0,130.0,2.540646553039551,145.4250030517578,14.0
5273,25.0,225.0,4.3866190910339355,316.989990234375,22.0
5274,21.0,219.0,4.180894374847412,223.0,18.0
5275,21.0,198.0,3.7694828510284424,223.10499572753906,18.0
5276,12.0,88.0,1.5914939641952515,70.61000061035156,9.0
5277,5.0,25.0,0.43416517972946167,7.889999866485596,2.0
5278,16.0,119.0,2.1574344635009766,128.47500610351562,13.0
5279,16.0,145.0,2.634610414505005,128.34500122070312,13.0
5280,13.0,102.0,2.0293776988983154,83.54499816894531,10.0
5281,14.0,157.0,3.104029655456543,97.2750015258789,11.0
5282,9.0,75.0,1.499890923500061,37.65999984741211,6.0
5283,11.0,70.0,1.4743167161941528,58.69499969482422,8.0
5284,23.0,263.0,5.1180524826049805,267.7900085449219,20.0
5285,20.0,204.0,4.013971328735352,202.07000732421875,17.0
5286,16.0,118.0,2.313410520553589,128.47999572753906,13.0
5287,10.0,70.0,1.437738299369812,47.689998626708984,7.0
5288,27.0,278.0,5.366636276245117,369.7349853515625,24.0
5289,19.0,175.0,3.464462995529175,182.2100067138672,16.0
5290,26.0,322.0,6.28324556350708,342.510009765625,23.0
5291,13.0,83.0,1.7392975091934204,83.63999938964844,10.0
5292,24.0,227.0,4.152785778045654,291.9750061035156,21.0
5293,11.0,98.0,1.7915911674499512,58.55500030517578,8.0
5294,9.0,45.0,0.856508731842041,37.810001373291016,6.0
5295,22.0,208.0,4.154015064239502,245.05999755859375,19.0
5296,16.0,146.0,2.8959991931915283,128.33999633789062,13.0
5297,21.0,244.0,4.921920299530029,222.875,18.0
5298,14.0,149.0,2.9764442443847656,97.31500244140625,11.0
5299,20.0,193.0,3.8988893032073975,202.125,17.0
5300,18.0,143.0,2.9727442264556885,163.36500549316406,15.0
5301,17.0,174.0,3.5210673809051514,145.2050018310547,14.0
5302,28.0,351.0,7.24580192565918,397.375,25.0
5303,17.0,191.0,3.8583383560180664,145.1199951171875,14.0
5304,22.0,235.0,4.876189231872559,244.9250030517578,19.0
5305,7.0,50.0,1.0043885707855225,20.774999618530273,4.0
5306,17.0,145.0,3.08236026763916,145.35000610351562,14.0
5307,22.0,245.0,4.87153434753418,244.875,19.0
5308,25.0,337.0,6.80400276184082,316.42999267578125,22.0
5309,20.0,194.0,4.057468891143799,202.1199951171875,17.0
5310,17.0,192.0,4.02372407913208,145.11500549316406,14.0
5311,17.0,149.0,3.093912363052368,145.3300018310547,14.0
5312,16.0,120.0,2.518719434738159,128.47000122070312,13.0
5313,13.0,86.0,1.7581108808517456,83.625,10.0
5314,16.0,124.0,2.512707471847534,128.4499969482422,13.0
5315,14.0,129.0,2.462552547454834,97.41500091552734,11.0
5316,22.0,203.0,4.087619304656982,245.0850067138672,19.0
5317,26.0,199.0,4.111845970153809,343.125,23.0
5318,7.0,40.0,0.7757238745689392,20.825000762939453,4.0
5319,8.0,32.0,0.6831180453300476,28.8700008392334,5.0
5320,14.0,90.0,1.9293291568756104,97.61000061035156,11.0
5321,9.0,62.0,1.2098398208618164,37.724998474121094,6.0
5322,20.0,230.0,4.6969828605651855,201.94000244140625,17.0
5323,25.0,245.0,5.044497489929199,316.8900146484375,22.0
5324,22.0,281.0,5.708484172821045,244.69500732421875,19.0
5325,14.0,87.0,1.740476369857788,97.625,11.0
5326,25.0,278.0,6.080489158630371,316.7250061035156,22.0
5327,6.0,27.0,0.5873287320137024,13.885000228881836,3.0
5328,23.0,274.0,6.251162052154541,267.7349853515625,20.0
5329,11.0,85.0,1.7328224182128906,58.619998931884766,8.0
5330,18.0,160.0,3.5356719493865967,163.27999877929688,15.0
5331,13.0,82.0,1.7276020050048828,83.6449966430664,10.0
5332,21.0,198.0,4.105547904968262,223.10499572753906,18.0
5333,20.0,175.0,3.763272762298584,202.21499633789062,17.0
5334,12.0,79.0,1.699775218963623,70.65499877929688,9.0
5335,18.0,134.0,2.9213571548461914,163.41000366210938,15.0
5336,9.0,89.0,1.9889402389526367,37.59000015258789,6.0
5337,5.0,22.0,0.4823402464389801,7.90500020980835,2.0
5338,14.0,130.0,2.884500503540039,97.41000366210938,11.0
5339,19.0,206.0,4.2265191078186035,182.05499267578125,16.0
5340,23.0,233.0,4.867548942565918,267.94000244140625,20.0
5341,14.0,84.0,1.6673702001571655,97.63999938964844,11.0
5342,7.0,34.0,0.706183671951294,20.854999542236328,4.0
5343,17.0,152.0,3.455986261367798,145.31500244140625,14.0
5344,22.0,220.0,4.647274017333984,245.0,19.0
5345,7.0,29.0,0.5339250564575195,20.8799991607666,4.0
5346,5.0,9.0,0.20407278835773468,7.96999979019165,2.0
5347,28.0,319.0,6.526917934417725,397.5350036621094,25.0
5348,23.0,257.0,5.068583965301514,267.82000732421875,20.0
5349,12.0,74.0,1.6264060735702515,70.68000030517578,9.0
5350,27.0,262.0,5.344118118286133,369.81500244140625,24.0
5351,18.0,175.0,3.4054136276245117,163.2050018310547,15.0
5352,22.0,264.0,5.464723110198975,244.77999877929688,19.0
5353,5.0,10.0,0.22058722376823425,7.965000152587891,2.0
5354,11.0,68.0,1.4473751783370972,58.70500183105469,8.0
5355,16.0,133.0,2.7355685234069824,128.40499877929688,13.0
5356,13.0,110.0,2.288930654525757,83.50499725341797,10.0
5357,12.0,97.0,1.8825291395187378,70.56500244140625,9.0
5358,23.0,253.0,5.315139293670654,267.8399963378906,20.0
5359,13.0,84.0,1.7755628824234009,83.63500213623047,10.0
5360,14.0,109.0,2.321042776107788,97.51499938964844,11.0
5361,19.0,153.0,3.150161027908325,182.32000732421875,16.0
5362,24.0,248.0,5.156839370727539,291.8699951171875,21.0
5363,11.0,60.0,1.3505653142929077,58.744998931884766,8.0
5364,16.0,161.0,3.3665242195129395,128.26499938964844,13.0
5365,15.0,193.0,4.2674665451049805,112.0999984741211,12.0
5366,13.0,95.0,1.8946943283081055,83.58000183105469,10.0
5367,7.0,26.0,0.5381030440330505,20.895000457763672,4.0
5368,9.0,42.0,0.9129580855369568,37.82500076293945,6.0
5369,16.0,157.0,3.334501028060913,128.28500366210938,13.0
5370,28.0,248.0,4.930159091949463,397.8900146484375,25.0
5371,17.0,180.0,3.729353189468384,145.1750030517578,14.0
5372,14.0,100.0,2.3287863731384277,97.55999755859375,11.0
5373,23.0,270.0,5.826368808746338,267.7550048828125,20.0
5374,20.0,182.0,3.8087031841278076,202.17999267578125,17.0
5375,8.0,22.0,0.45353031158447266,28.920000076293945,5.0
5376,15.0,147.0,3.002195119857788,112.33000183105469,12.0
5377,15.0,127.0,2.6473498344421387,112.43000030517578,12.0
5378,13.0,101.0,2.2804527282714844,83.55000305175781,10.0
5379,12.0,87.0,1.882412314414978,70.61499786376953,9.0
5380,20.0,283.0,5.919500827789307,201.6750030517578,17.0
5381,18.0,203.0,4.423477649688721,163.06500244140625,15.0
5382,13.0,58.0,1.2663840055465698,83.76499938964844,10.0
5383,17.0,153.0,3.2646830081939697,145.30999755859375,14.0
5384,15.0,140.0,2.9638493061065674,112.36499786376953,12.0
5385,23.0,249.0,5.000594615936279,267.8599853515625,20.0
5386,17.0,203.0,4.166234016418457,145.05999755859375,14.0
5387,19.0,124.0,2.5055010318756104,182.46499633789062,16.0
5388,14.0,70.0,1.3523674011230469,97.70999908447266,11.0
5389,8.0,58.0,1.120949149131775,28.739999771118164,5.0
5390,16.0,125.0,2.63858699798584,128.44500732421875,13.0
5391,25.0,211.0,4.297358989715576,317.05999755859375,22.0
5392,24.0,223.0,4.831145763397217,291.9949951171875,21.0
5393,14.0,95.0,2.020777702331543,97.58499908447266,11.0
5394,16.0,130.0,2.7552413940429688,128.4199981689453,13.0
5395,11.0,96.0,2.1615939140319824,58.564998626708984,8.0
5396,8.0,63.0,1.4494937658309937,28.71500015258789,5.0
5397,14.0,134.0,2.9175546169281006,97.38999938964844,11.0
5398,15.0,114.0,2.407294988632202,112.49500274658203,12.0
5399,22.0,201.0,4.414622783660889,245.09500122070312,19.0
5400,21.0,191.0,4.251620769500732,223.13999938964844,18.0
5401,19.0,173.0,3.749077320098877,182.22000122070312,16.0
5402,15.0,114.0,2.514465808868408,112.49500274658203,12.0
5403,27.0,273.0,5.915198802947998,369.760009765625,24.0
5404,21.0,167.0,3.552901029586792,223.25999450683594,18.0
5405,16.0,142.0,3.1824331283569336,128.36000061035156,13.0
5406,22.0,173.0,3.9535059928894043,245.23500061035156,19.0
5407,23.0,226.0,4.796425819396973,267.9750061035156,20.0
5408,15.0,102.0,2.045438289642334,112.55500030517578,12.0
5409,18.0,152.0,3.398526430130005,163.32000732421875,15.0
5410,23.0,280.0,5.871766090393066,267.7049865722656,20.0
5411,17.0,151.0,3.252211570739746,145.32000732421875,14.0
5412,22.0,228.0,4.8030829429626465,244.9600067138672,19.0
5413,18.0,177.0,3.9727187156677246,163.19500732421875,15.0
5414,25.0,290.0,6.529358386993408,316.6650085449219,22.0
5415,18.0,153.0,3.2169299125671387,163.31500244140625,15.0
5416,17.0,101.0,2.24410080909729,145.57000732421875,14.0
5417,11.0,85.0,1.804789423942566,58.619998931884766,8.0
5418,13.0,93.0,2.126851797103882,83.58999633789062,10.0
5419,20.0,213.0,4.566614627838135,202.02499389648438,17.0
5420,19.0,153.0,3.343900442123413,182.32000732421875,16.0
5421,15.0,94.0,2.0605199337005615,112.59500122070312,12.0
5422,21.0,211.0,4.523395538330078,223.0399932861328,18.0
5423,15.0,120.0,2.584216356277466,112.46499633789062,12.0
5424,19.0,187.0,4.199455261230469,182.14999389648438,16.0
5425,11.0,98.0,2.121727228164673,58.55500030517578,8.0
5426,10.0,62.0,1.3477944135665894,47.72999954223633,7.0
5427,16.0,104.0,2.178149700164795,128.5500030517578,13.0
5428,20.0,144.0,3.0281755924224854,202.3699951171875,17.0
5429,21.0,222.0,4.573934555053711,222.98500061035156,18.0
5430,12.0,133.0,2.7332189083099365,70.38500213623047,9.0
5431,24.0,266.0,5.611738681793213,291.7799987792969,21.0
5432,14.0,115.0,2.3326683044433594,97.48500061035156,11.0
5433,20.0,176.0,3.7679169178009033,202.2100067138672,17.0
5434,7.0,43.0,0.8639914989471436,20.809999465942383,4.0
5435,10.0,53.0,1.1067005395889282,47.775001525878906,7.0
5436,15.0,170.0,3.6619465351104736,112.21499633789062,12.0
5437,17.0,126.0,2.8140828609466553,145.44500732421875,14.0
5438,15.0,116.0,2.4722561836242676,112.48500061035156,12.0
5439,19.0,166.0,3.525944709777832,182.2550048828125,16.0
5440,19.0,143.0,3.164815902709961,182.3699951171875,16.0
5441,10.0,67.0,1.4433544874191284,47.70500183105469,7.0
5442,14.0,124.0,2.6282012462615967,97.44000244140625,11.0
5443,23.0,192.0,4.3715901374816895,268.1449890136719,20.0
5444,16.0,94.0,1.94826340675354,128.60000610351562,13.0
5445,22.0,283.0,5.917262077331543,244.68499755859375,19.0
5446,15.0,117.0,2.848033905029297,112.4800033569336,12.0
5447,19.0,156.0,3.382465124130249,182.30499267578125,16.0
5448,14.0,91.0,2.0761327743530273,97.6050033569336,11.0
5449,21.0,212.0,5.0268235206604,223.03500366210938,18.0
5450,17.0,138.0,3.0990777015686035,145.38499450683594,14.0
5451,19.0,227.0,4.934384822845459,181.9499969482422,16.0
5452,13.0,88.0,2.2029316425323486,83.61499786376953,10.0
5453,20.0,139.0,3.2094414234161377,202.39500427246094,17.0
5454,22.0,205.0,4.704563617706299,245.0749969482422,19.0
5455,17.0,172.0,3.8954665660858154,145.21499633789062,14.0
5456,7.0,28.0,0.5159485340118408,20.885000228881836,4.0
5457,5.0,19.0,0.4840008616447449,7.920000076293945,2.0
5458,16.0,141.0,3.2069194316864014,128.36500549316406,13.0
5459,26.0,335.0,7.548405170440674,342.44500732421875,23.0
5460,14.0,133.0,2.9471068382263184,97.3949966430664,11.0
5461,23.0,216.0,4.892096042633057,268.0249938964844,20.0
5462,14.0,106.0,2.385845184326172,97.52999877929688,11.0
5463,15.0,123.0,2.7568256855010986,112.44999694824219,12.0
5464,22.0,193.0,4.313962459564209,245.13499450683594,19.0
5465,26.0,321.0,7.528173923492432,342.5150146484375,23.0
5466,11.0,81.0,1.8554091453552246,58.63999938964844,8.0
5467,6.0,27.0,0.5941992998123169,13.885000228881836,3.0
5468,7.0,35.0,0.7628032565116882,20.850000381469727,4.0
5469,27.0,327.0,6.821990966796875,369.489990234375,24.0
5470,27.0,342.0,7.332068920135498,369.4150085449219,24.0
5471,8.0,43.0,1.018629550933838,28.815000534057617,5.0
5472,10.0,56.0,1.2799731492996216,47.7599983215332,7.0
5473,22.0,237.0,5.1818718910217285,244.9149932861328,19.0
5474,14.0,96.0,2.228905439376831,97.58000183105469,11.0
5475,23.0,259.0,5.819345951080322,267.80999755859375,20.0
5476,10.0,71.0,1.5774768590927124,47.685001373291016,7.0
5477,11.0,83.0,1.9399887323379517,58.630001068115234,8.0
5478,27.0,390.0,8.87492847442627,369.17498779296875,24.0
5479,20.0,170.0,4.029295921325684,202.24000549316406,17.0
5480,16.0,142.0,3.1303045749664307,128.36000061035156,13.0
5481,23.0,277.0,6.402074337005615,267.7200012207031,20.0
5482,18.0,160.0,3.693087339401245,163.27999877929688,15.0
5483,14.0,89.0,1.866916537284851,97.61499786376953,11.0
5484,17.0,146.0,3.353118419647217,145.34500122070312,14.0
5485,15.0,119.0,2.6183016300201416,112.47000122070312,12.0
5486,5.0,20.0,0.4278245270252228,7.914999961853027,2.0
5487,8.0,46.0,0.9337124824523926,28.799999237060547,5.0
5488,23.0,236.0,5.270593166351318,267.92498779296875,20.0
5489,23.0,242.0,5.489850997924805,267.8949890136719,20.0
5490,28.0,283.0,6.219144344329834,397.7149963378906,25.0
5491,19.0,274.0,5.90437126159668,181.71499633789062,16.0
5492,23.0,179.0,4.0810747146606445,268.2099914550781,20.0
5493,16.0,100.0,2.217937469482422,128.57000732421875,13.0
5494,21.0,178.0,3.9520058631896973,223.2050018310547,18.0
5495,19.0,205.0,4.561212062835693,182.05999755859375,16.0
5496,16.0,117.0,2.714401960372925,128.48500061035156,13.0
5497,5.0,15.0,0.32750335335731506,7.940000057220459,2.0
5498,24.0,209.0,4.77487850189209,292.06500244140625,21.0
5499,23.0,241.0,5.152779579162598,267.8999938964844,20.0
5500,21.0,182.0,4.045505523681641,223.18499755859375,18.0
5501,22.0,257.0,5.781447410583496,244.81500244140625,19.0
5502,25.0,246.0,5.582356929779053,316.885009765625,22.0
5503,19.0,164.0,3.5322582721710205,182.26499938964844,16.0
5504,22.0,255.0,5.93551778793335,244.8249969482422,19.0
5505,19.0,157.0,3.284893751144409,182.3000030517578,16.0
5506,14.0,124.0,2.7652788162231445,97.44000244140625,11.0
5507,27.0,321.0,7.410170555114746,369.5199890136719,24.0
5508,15.0,124.0,2.834360361099243,112.44499969482422,12.0
5509,6.0,28.0,0.6174834966659546,13.880000114440918,3.0
5510,14.0,119.0,2.7762749195098877,97.46499633789062,11.0
5511,24.0,247.0,5.802542209625244,291.875,21.0
5512,15.0,104.0,2.6829371452331543,112.54499816894531,12.0
5513,10.0,67.0,1.595547080039978,47.70500183105469,7.0
5514,21.0,198.0,4.345834732055664,223.10499572753906,18.0
5515,23.0,249.0,5.533430576324463,267.8599853515625,20.0
5516,15.0,102.0,2.2260096073150635,112.55500030517578,12.0
5517,10.0,82.0,1.6790720224380493,47.630001068115234,7.0
5518,12.0,80.0,1.9286096096038818,70.6500015258789,9.0
5519,10.0,56.0,1.3666869401931763,47.7599983215332,7.0
5520,21.0,199.0,4.157836437225342,223.10000610351562,18.0
5521,21.0,264.0,5.915803909301758,222.77499389648438,18.0
5522,7.0,48.0,1.018918514251709,20.78499984741211,4.0
5523,13.0,62.0,1.2961971759796143,83.74500274658203,10.0
5524,11.0,68.0,1.5411386489868164,58.70500183105469,8.0
5525,24.0,238.0,5.342721462249756,291.9200134277344,21.0
5526,24.0,189.0,4.361497402191162,292.1650085449219,21.0
5527,6.0,32.0,0.68541419506073,13.859999656677246,3.0
5528,18.0,172.0,3.6811742782592773,163.22000122070312,15.0
5529,4.0,18.0,0.3925442099571228,2.9200000762939453,1.0
5530,17.0,168.0,3.9722514152526855,145.23500061035156,14.0
5531,20.0,141.0,3.2495715618133545,202.38499450683594,17.0
5532,5.0,8.0,0.13617219030857086,7.974999904632568,2.0
5533,17.0,155.0,3.4770848751068115,145.3000030517578,14.0
5534,6.0,32.0,0.6436349749565125,13.859999656677246,3.0
5535,21.0,164.0,3.608654260635376,223.27499389648438,18.0
5536,18.0,140.0,3.132333517074585,163.3800048828125,15.0
5537,12.0,55.0,1.2685002088546753,70.7750015258789,9.0
5538,24.0,274.0,6.32748556137085,291.739990234375,21.0
5539,9.0,49.0,1.0718892812728882,37.790000915527344,6.0
5540,20.0,191.0,4.22776985168457,202.13499450683594,17.0
5541,24.0,212.0,4.788784503936768,292.04998779296875,21.0
5542,19.0,164.0,3.5745420455932617,182.26499938964844,16.0
5543,18.0,121.0,2.531641721725464,163.47500610351562,15.0
5544,12.0,86.0,1.962167739868164,70.62000274658203,9.0
5545,13.0,94.0,2.0920779705047607,83.58499908447266,10.0
5546,8.0,47.0,1.0355350971221924,28.795000076293945,5.0
5547,9.0,59.0,1.295508623123169,37.7400016784668,6.0
5548,16.0,145.0,3.1339571475982666,128.34500122070312,13.0
5549,19.0,145.0,3.147066354751587,182.36000061035156,16.0
5550,17.0,135.0,3.110396146774292,145.39999389648438,14.0
5551,17.0,139.0,3.111166000366211,145.3800048828125,14.0
5552,25.0,353.0,7.945773124694824,316.3500061035156,22.0
5553,21.0,172.0,4.100623607635498,223.23500061035156,18.0
5554,15.0,97.0,2.304166316986084,112.58000183105469,12.0
5555,5.0,24.0,0.5283190011978149,7.894999980926514,2.0
5556,22.0,183.0,4.056938171386719,245.18499755859375,19.0
5557,11.0,92.0,2.0950610637664795,58.584999084472656,8.0
5558,11.0,59.0,1.3648314476013184,58.75,8.0
5559,13.0,135.0,3.3964273929595947,83.37999725341797,10.0
5560,5.0,13.0,0.31880196928977966,7.949999809265137,2.0
5561,10.0,75.0,1.8047312498092651,47.665000915527344,7.0
5562,20.0,199.0,4.553981781005859,202.09500122070312,17.0
5563,18.0,120.0,2.7042782306671143,163.47999572753906,15.0
5564,22.0,199.0,4.576329231262207,245.10499572753906,19.0
5565,24.0,262.0,6.105538845062256,291.79998779296875,21.0
5566,9.0,58.0,1.213667392730713,37.744998931884766,6.0
5567,13.0,88.0,1.9926795959472656,83.61499786376953,10.0
5568,16.0,143.0,3.317213773727417,128.35499572753906,13.0
5569,19.0,201.0,4.600847244262695,182.0800018310547,16.0
5570,7.0,22.0,0.5579274296760559,20.915000915527344,4.0
5571,12.0,101.0,2.3961710929870605,70.54499816894531,9.0
5572,21.0,181.0,4.326138496398926,223.19000244140625,18.0
5573,12.0,80.0,2.0428314208984375,70.6500015258789,9.0
5574,10.0,69.0,1.778754711151123,47.69499969482422,7.0
5575,20.0,180.0,4.26255464553833,202.19000244140625,17.0
5576,24.0,231.0,5.501828193664551,291.9549865722656,21.0
5577,19.0,174.0,3.874044179916382,182.21499633789062,16.0
5578,16.0,135.0,3.0193707942962646,128.39500427246094,13.0
5579,8.0,43.0,0.9748139381408691,28.815000534057617,5.0
5580,20.0,197.0,4.2960920333862305,202.10499572753906,17.0
5581,17.0,137.0,3.2466094493865967,145.38999938964844,14.0
5582,8.0,36.0,0.906454861164093,28.850000381469727,5.0
5583,6.0,22.0,0.5583691596984863,13.90999984741211,3.0
5584,20.0,155.0,3.574645757675171,202.31500244140625,17.0
5585,23.0,241.0,5.668165683746338,267.8999938964844,20.0
5586,18.0,128.0,2.981776237487793,163.44000244140625,15.0
5587,13.0,91.0,2.2371511459350586,83.5999984741211,10.0
5588,17.0,172.0,3.9541802406311035,145.21499633789062,14.0
5589,26.0,272.0,6.545535087585449,342.760009765625,23.0
5590,9.0,55.0,1.3811625242233276,37.7599983215332,6.0
5591,11.0,57.0,1.4086195230484009,58.7599983215332,8.0
5592,9.0,49.0,1.1033657789230347,37.790000915527344,6.0
5593,21.0,200.0,4.506282329559326,223.09500122070312,18.0
5594,5.0,18.0,0.4623263478279114,7.925000190734863,2.0
5595,24.0,236.0,5.630710601806641,291.92999267578125,21.0
5596,18.0,195.0,4.584239482879639,163.10499572753906,15.0
5597,21.0,207.0,4.68720006942749,223.05999755859375,18.0
5598,12.0,83.0,1.9115124940872192,70.63500213623047,9.0
5599,10.0,77.0,1.7071270942687988,47.654998779296875,7.0
5600,8.0,46.0,1.0037996768951416,28.799999237060547,5.0
5601,19.0,180.0,4.32324743270874,182.18499755859375,16.0
5602,19.0,133.0,2.9727773666381836,182.4199981689453,16.0
5603,9.0,59.0,1.3030329942703247,37.7400016784668,6.0
5604,15.0,110.0,2.362370252609253,112.51499938964844,12.0
5605,20.0,201.0,4.614306926727295,202.0850067138672,17.0
5606,18.0,115.0,2.794707775115967,163.5050048828125,15.0
5607,19.0,182.0,4.153481960296631,182.1750030517578,16.0
5608,18.0,238.0,5.594974994659424,162.88999938964844,15.0
5609,11.0,92.0,2.0869011878967285,58.584999084472656,8.0
5610,12.0,71.0,1.4608302116394043,70.69499969482422,9.0
5611,9.0,77.0,1.8232454061508179,37.650001525878906,6.0
5612,18.0,202.0,4.549103260040283,163.07000732421875,15.0
5613,15.0,124.0,2.9371895790100098,112.44499969482422,12.0
5614,5.0,24.0,0.5479409694671631,7.894999980926514,2.0
5615,15.0,134.0,3.2550902366638184,112.3949966430664,12.0
5616,19.0,148.0,3.357142925262451,182.34500122070312,16.0
5617,17.0,137.0,3.2623188495635986,145.38999938964844,14.0
5618,16.0,127.0,2.9449350833892822,128.43499755859375,13.0
5619,12.0,90.0,2.304107189178467,70.5999984741211,9.0
5620,7.0,27.0,0.5661153197288513,20.889999389648438,4.0
5621,11.0,72.0,1.5586296319961548,58.685001373291016,8.0
5622,22.0,166.0,3.940311908721924,245.27000427246094,19.0
5623,17.0,159.0,3.5773544311523438,145.27999877929688,14.0
5624,16.0,168.0,4.04569673538208,128.22999572753906,13.0
5625,15.0,122.0,2.8860130310058594,112.45500183105469,12.0
5626,15.0,86.0,2.0188865661621094,112.63500213623047,12.0
5627,16.0,110.0,2.7772464752197266,128.52000427246094,13.0
5628,6.0,23.0,0.5065534710884094,13.904999732971191,3.0
5629,6.0,19.0,0.41730764508247375,13.925000190734863,3.0
5630,17.0,175.0,4.129789352416992,145.1999969482422,14.0
5631,21.0,201.0,4.772670745849609,223.08999633789062,18.0
5632,24.0,215.0,5.090896129608154,292.0350036621094,21.0
5633,18.0,140.0,3.1175036430358887,163.3800048828125,15.0
5634,15.0,128.0,2.8120474815368652,112.42500305175781,12.0
5635,23.0,319.0,7.738650798797607,267.510009765625,20.0
5636,16.0,157.0,3.7252025604248047,128.28500366210938,13.0
5637,18.0,200.0,4.563415050506592,163.0800018310547,15.0
5638,21.0,226.0,5.144906044006348,222.96499633789062,18.0
5639,25.0,270.0,6.187976837158203,316.7650146484375,22.0
5640,20.0,176.0,4.106215953826904,202.2100067138672,17.0
5641,16.0,125.0,2.9998619556427,128.44500732421875,13.0
5642,25.0,297.0,6.703441619873047,316.6300048828125,22.0
5643,26.0,285.0,6.700329780578613,342.69500732421875,23.0
5644,12.0,93.0,2.037968397140503,70.58499908447266,9.0
5645,18.0,148.0,3.402113914489746,163.33999633789062,15.0
5646,19.0,171.0,3.81499981880188,182.22999572753906,16.0
5647,21.0,271.0,6.440032958984375,222.74000549316406,18.0
5648,19.0,171.0,3.768474578857422,182.22999572753906,16.0
5649,24.0,245.0,5.926563262939453,291.885009765625,21.0
5650,11.0,99.0,2.290154457092285,58.54999923706055,8.0
5651,8.0,44.0,0.9688741564750671,28.809999465942383,5.0
5652,20.0,164.0,3.8982319831848145,202.27000427246094,17.0
5653,17.0,128.0,2.8723299503326416,145.43499755859375,14.0
5654,27.0,328.0,7.696840286254883,369.4849853515625,24.0
5655,18.0,141.0,3.317047595977783,163.375,15.0
5656,23.0,232.0,5.483388900756836,267.94500732421875,20.0
5657,16.0,143.0,3.230022668838501,128.35499572753906,13.0
5658,14.0,84.0,1.8430484533309937,97.63999938964844,11.0
5659,25.0,235.0,5.382486820220947,316.94000244140625,22.0
5660,17.0,180.0,4.058157920837402,145.1750030517578,14.0
5661,17.0,160.0,3.5119946002960205,145.27499389648438,14.0
5662,13.0,90.0,2.2179908752441406,83.6050033569336,10.0
5663,8.0,54.0,1.3317807912826538,28.760000228881836,5.0
5664,12.0,90.0,2.084601879119873,70.5999984741211,9.0
5665,12.0,64.0,1.415209174156189,70.7300033569336,9.0
5666,21.0,176.0,3.8646228313446045,223.21499633789062,18.0
5667,11.0,87.0,1.9200650453567505,58.61000061035156,8.0
5668,23.0,228.0,5.277596473693848,267.9649963378906,20.0
5669,24.0,266.0,6.246737480163574,291.7799987792969,21.0
5670,27.0,364.0,8.74172306060791,369.30499267578125,24.0
5671,22.0,214.0,5.0764899253845215,245.02999877929688,19.0
5672,21.0,241.0,5.884419918060303,222.88999938964844,18.0
5673,19.0,144.0,3.4367527961730957,182.36500549316406,16.0
5674,22.0,141.0,3.4506995677948,245.39500427246094,19.0
5675,11.0,83.0,1.8482000827789307,58.630001068115234,8.0
5676,22.0,175.0,3.943587064743042,245.22500610351562,19.0
5677,8.0,64.0,1.4537229537963867,28.709999084472656,5.0
5678,11.0,73.0,1.8312817811965942,58.68000030517578,8.0
5679,16.0,151.0,3.601008653640747,128.31500244140625,13.0
5680,18.0,138.0,3.132934331893921,163.38999938964844,15.0
5681,22.0,212.0,4.805264472961426,245.0399932861328,19.0
5682,17.0,169.0,4.050295829772949,145.22999572753906,14.0
5683,30.0,383.0,9.10110855102539,456.2250061035156,27.0
5684,16.0,130.0,3.0273189544677734,128.4199981689453,13.0
5685,13.0,72.0,1.559177279472351,83.69499969482422,10.0
5686,21.0,182.0,4.181885719299316,223.18499755859375,18.0
5687,16.0,165.0,4.026072978973389,128.2449951171875,13.0
5688,8.0,46.0,1.0160108804702759,28.799999237060547,5.0
5689,23.0,234.0,5.142960548400879,267.93499755859375,20.0
5690,12.0,77.0,1.703133463859558,70.66500091552734,9.0
5691,27.0,259.0,5.731423854827881,369.8299865722656,24.0
5692,13.0,78.0,1.8578357696533203,83.66500091552734,10.0
5693,23.0,273.0,6.4272942543029785,267.739990234375,20.0
5694,19.0,155.0,3.4139530658721924,182.30999755859375,16.0
5695,17.0,143.0,3.209519386291504,145.36000061035156,14.0
5696,9.0,66.0,1.5956183671951294,37.70500183105469,6.0
5697,19.0,157.0,3.6577980518341064,182.3000030517578,16.0
5698,21.0,170.0,3.8880503177642822,223.2449951171875,18.0
5699,26.0,310.0,7.272165775299072,342.57000732421875,23.0
5700,7.0,18.0,0.3999439775943756,20.934999465942383,4.0
5701,8.0,53.0,1.18583345413208,28.764999389648438,5.0
5702,13.0,65.0,1.3913575410842896,83.7300033569336,10.0
5703,11.0,79.0,1.8122941255569458,58.650001525878906,8.0
5704,17.0,152.0,3.625251293182373,145.31500244140625,14.0
5705,12.0,70.0,1.594944953918457,70.69999694824219,9.0
5706,16.0,142.0,3.2666327953338623,128.36000061035156,13.0
5707,22.0,241.0,5.803586006164551,244.89500427246094,19.0
5708,21.0,206.0,4.9098358154296875,223.06500244140625,18.0
5709,29.0,267.0,6.267376899719238,426.79998779296875,26.0
5710,20.0,147.0,3.451540470123291,202.35499572753906,17.0
5711,12.0,98.0,2.2365825176239014,70.55999755859375,9.0
5712,8.0,50.0,1.2897530794143677,28.780000686645508,5.0
5713,19.0,160.0,3.871258497238159,182.28500366210938,16.0
5714,17.0,169.0,4.17056941986084,145.22999572753906,14.0
5715,21.0,196.0,4.713071823120117,223.11500549316406,18.0
5716,22.0,229.0,5.69998025894165,244.9550018310547,19.0
5717,25.0,195.0,4.424240589141846,317.1400146484375,22.0
5718,3.0,9.0,0.18902914226055145,-1.0399999618530273,0.0
5719,5.0,17.0,0.369822233915329,7.929999828338623,2.0
5720,30.0,360.0,8.308146476745605,456.3399963378906,27.0
5721,18.0,145.0,3.5517992973327637,163.35499572753906,15.0
5722,21.0,190.0,4.530820846557617,223.14500427246094,18.0
5723,23.0,218.0,5.394735336303711,268.0150146484375,20.0
5724,28.0,248.0,6.293069839477539,397.8900146484375,25.0
5725,20.0,189.0,4.628868579864502,202.14500427246094,17.0
5726,23.0,242.0,6.072494983673096,267.8949890136719,20.0
5727,19.0,146.0,3.560934066772461,182.35499572753906,16.0
5728,17.0,112.0,2.8247640132904053,145.51499938964844,14.0
5729,24.0,243.0,5.855421543121338,291.8949890136719,21.0
5730,15.0,107.0,2.4763271808624268,112.52999877929688,12.0
5731,12.0,72.0,1.8486247062683105,70.69000244140625,9.0
5732,8.0,46.0,0.9964526891708374,28.799999237060547,5.0
5733,14.0,108.0,2.5767297744750977,97.5199966430664,11.0
5734,12.0,53.0,1.3116871118545532,70.78500366210938,9.0
5735,17.0,169.0,4.234809398651123,145.22999572753906,14.0
5736,22.0,214.0,4.985989570617676,245.02999877929688,19.0
5737,15.0,124.0,2.849369764328003,112.44499969482422,12.0
5738,23.0,199.0,5.069714069366455,268.1099853515625,20.0
5739,11.0,82.0,1.9018034934997559,58.6349983215332,8.0
5740,17.0,124.0,2.850724220275879,145.4550018310547,14.0
5741,27.0,287.0,7.178364276885986,369.69000244140625,24.0
5742,23.0,230.0,5.46798038482666,267.9549865722656,20.0
5743,14.0,86.0,2.174299955368042,97.62999725341797,11.0
5744,14.0,142.0,3.4908015727996826,97.3499984741211,11.0
5745,12.0,94.0,2.395798921585083,70.58000183105469,9.0
5746,25.0,286.0,6.892423152923584,316.68499755859375,22.0
5747,22.0,213.0,5.421646595001221,245.03500366210938,19.0
5748,20.0,209.0,5.259724140167236,202.0449981689453,17.0
5749,19.0,150.0,3.5018420219421387,182.3350067138672,16.0
5750,25.0,189.0,4.836318492889404,317.1700134277344,22.0
5751,19.0,156.0,3.635003089904785,182.30499267578125,16.0
5752,18.0,207.0,4.901547431945801,163.0449981689453,15.0
5753,10.0,62.0,1.479889988899231,47.72999954223633,7.0
5754,17.0,167.0,3.94608211517334,145.24000549316406,14.0
5755,8.0,51.0,1.2228258848190308,28.774999618530273,5.0
5756,18.0,118.0,2.8281197547912598,163.49000549316406,15.0
5757,27.0,270.0,6.285965442657471,369.7749938964844,24.0
5758,16.0,152.0,3.4935131072998047,128.30999755859375,13.0
5759,12.0,93.0,2.2594895362854004,70.58499908447266,9.0
5760,17.0,98.0,2.3586349487304688,145.5850067138672,14.0
5761,19.0,185.0,4.261207103729248,182.16000366210938,16.0
5762,24.0,188.0,4.545323848724365,292.1700134277344,21.0
5763,14.0,97.0,2.2476553916931152,97.57499694824219,11.0
5764,20.0,156.0,3.561251640319824,202.30999755859375,17.0
5765,13.0,84.0,2.1843481063842773,83.63500213623047,10.0
5766,10.0,85.0,1.9067113399505615,47.6150016784668,7.0
5767,18.0,136.0,3.1848809719085693,163.39999389648438,15.0
5768,12.0,81.0,1.9354373216629028,70.6449966430664,9.0
5769,4.0,5.0,0.09657777845859528,2.984999895095825,1.0
5770,20.0,160.0,3.9020791053771973,202.2899932861328,17.0
5771,10.0,74.0,1.9311962127685547,47.66999816894531,7.0
5772,23.0,208.0,5.173884868621826,268.06500244140625,20.0
5773,13.0,88.0,2.0392379760742188,83.61499786376953,10.0
5774,8.0,34.0,0.806964099407196,28.860000610351562,5.0
5775,26.0,209.0,5.18966817855835,343.07501220703125,23.0
5776,21.0,215.0,4.998394966125488,223.02000427246094,18.0
5777,16.0,163.0,3.8223695755004883,128.2550048828125,13.0
5778,9.0,66.0,1.4700762033462524,37.70500183105469,6.0
5779,27.0,300.0,6.935839653015137,369.625,24.0
5780,20.0,203.0,5.004317760467529,202.0749969482422,17.0
5781,22.0,195.0,4.80008602142334,245.125,19.0
5782,22.0,180.0,4.4688825607299805,245.1999969482422,19.0
5783,14.0,116.0,2.743922710418701,97.4800033569336,11.0
5784,22.0,194.0,4.700933933258057,245.1300048828125,19.0
5785,18.0,196.0,4.468263149261475,163.10000610351562,15.0
5786,18.0,165.0,3.9209139347076416,163.2550048828125,15.0
5787,23.0,266.0,6.4283905029296875,267.7749938964844,20.0
5788,20.0,170.0,4.05621337890625,202.24000549316406,17.0
5789,21.0,182.0,4.481570720672607,223.18499755859375,18.0
5790,23.0,198.0,4.93479585647583,268.114990234375,20.0
5791,20.0,174.0,3.967409610748291,202.22000122070312,17.0
5792,15.0,87.0,1.9398212432861328,112.62999725341797,12.0
5793,25.0,196.0,4.786710739135742,317.135009765625,22.0
5794,11.0,50.0,1.2225345373153687,58.79499816894531,8.0
5795,16.0,111.0,2.584129571914673,128.51499938964844,13.0
5796,22.0,179.0,4.224052429199219,245.2050018310547,19.0
5797,22.0,185.0,4.7385382652282715,245.1750030517578,19.0
5798,18.0,165.0,3.6329731941223145,163.2550048828125,15.0
5799,26.0,243.0,6.007132053375244,342.9049987792969,23.0
5800,7.0,27.0,0.6502993106842041,20.889999389648438,4.0
5801,22.0,239.0,6.03216028213501,244.90499877929688,19.0
5802,17.0,169.0,3.9604992866516113,145.22999572753906,14.0
5803,27.0,336.0,8.054996490478516,369.44500732421875,24.0
5804,32.0,272.0,6.4524922370910645,519.7899780273438,29.0
5805,28.0,353.0,8.451623916625977,397.364990234375,25.0
5806,29.0,284.0,6.789577960968018,426.7149963378906,26.0
5807,13.0,92.0,2.1432945728302,83.59500122070312,10.0
5808,27.0,241.0,6.218894004821777,369.9200134277344,24.0
5809,23.0,168.0,4.15277624130249,268.2650146484375,20.0
5810,17.0,139.0,3.577737331390381,145.3800048828125,14.0
5811,17.0,150.0,3.8675310611724854,145.3249969482422,14.0
5812,10.0,61.0,1.5163395404815674,47.73500061035156,7.0
5813,18.0,163.0,3.8980910778045654,163.26499938964844,15.0
5814,16.0,128.0,3.2360565662384033,128.42999267578125,13.0
5815,17.0,100.0,2.373678207397461,145.5749969482422,14.0
5816,15.0,131.0,3.1718974113464355,112.41000366210938,12.0
5817,10.0,72.0,1.9056495428085327,47.68000030517578,7.0
5818,20.0,181.0,4.47871732711792,202.18499755859375,17.0
5819,21.0,175.0,4.377981662750244,223.22000122070312,18.0
5820,6.0,29.0,0.7342568039894104,13.875,3.0
5821,14.0,105.0,2.729036569595337,97.53500366210938,11.0
5822,21.0,157.0,3.8032188415527344,223.30999755859375,18.0
5823,14.0,100.0,2.69722056388855,97.55999755859375,11.0
5824,22.0,232.0,5.790426254272461,244.94000244140625,19.0
5825,21.0,198.0,4.682911396026611,223.10499572753906,18.0
5826,22.0,234.0,5.861642837524414,244.92999267578125,19.0
5827,19.0,185.0,4.617396354675293,182.16000366210938,16.0
5828,22.0,241.0,6.146777629852295,244.89500427246094,19.0
5829,17.0,140.0,3.302645206451416,145.375,14.0
5830,26.0,211.0,5.1966447830200195,343.06500244140625,23.0
5831,24.0,202.0,4.988109588623047,292.1000061035156,21.0
5832,16.0,127.0,3.409785509109497,128.43499755859375,13.0
5833,20.0,163.0,3.9314165115356445,202.27499389648438,17.0
5834,19.0,160.0,3.9440078735351562,182.28500366210938,16.0
5835,18.0,142.0,3.4541146755218506,163.3699951171875,15.0
5836,23.0,302.0,7.246312141418457,267.5950012207031,20.0
5837,14.0,114.0,2.7808597087860107,97.48999786376953,11.0
5838,20.0,162.0,4.067819118499756,202.27999877929688,17.0
5839,21.0,173.0,4.244150638580322,223.22999572753906,18.0
5840,19.0,160.0,3.8028063774108887,182.28500366210938,16.0
5841,14.0,132.0,3.190730094909668,97.4000015258789,11.0
5842,6.0,26.0,0.6308053731918335,13.890000343322754,3.0
5843,6.0,22.0,0.5457562804222107,13.90999984741211,3.0
5844,18.0,165.0,4.015897750854492,163.2550048828125,15.0
5845,17.0,142.0,3.4143292903900146,145.36500549316406,14.0
5846,28.0,264.0,6.61981201171875,397.80999755859375,25.0
5847,11.0,62.0,1.533188819885254,58.73500061035156,8.0
5848,7.0,63.0,1.5996217727661133,20.709999084472656,4.0
5849,24.0,254.0,6.426641464233398,291.8399963378906,21.0
5850,8.0,39.0,0.9520671963691711,28.834999084472656,5.0
5851,22.0,142.0,3.6104815006256104,245.38999938964844,19.0
5852,14.0,82.0,2.0065677165985107,97.6500015258789,11.0
5853,16.0,164.0,4.144752502441406,128.25,13.0
5854,21.0,200.0,4.891600608825684,223.09500122070312,18.0
5855,27.0,242.0,6.043529033660889,369.9150085449219,24.0
5856,12.0,78.0,1.9128600358963013,70.66000366210938,9.0
5857,21.0,256.0,6.329828262329102,222.81500244140625,18.0
5858,14.0,105.0,2.6960623264312744,97.53500366210938,11.0
5859,21.0,210.0,5.384852409362793,223.0449981689453,18.0
5860,25.0,247.0,5.9985785484313965,316.8800048828125,22.0
5861,16.0,110.0,2.7018420696258545,128.52000427246094,13.0
5862,18.0,127.0,3.283841133117676,163.44500732421875,15.0
5863,22.0,216.0,5.3670430183410645,245.02000427246094,19.0
5864,18.0,91.0,2.465029716491699,163.625,15.0
5865,22.0,236.0,6.008366584777832,244.9199981689453,19.0
5866,25.0,231.0,5.76354455947876,316.9599914550781,22.0
5867,13.0,100.0,2.5365984439849854,83.55500030517578,10.0
5868,20.0,129.0,3.170229434967041,202.44500732421875,17.0
5869,21.0,197.0,4.917550563812256,223.11000061035156,18.0
5870,20.0,163.0,4.04916524887085,202.27499389648438,17.0
5871,7.0,34.0,0.7749486565589905,20.854999542236328,4.0
5872,21.0,224.0,5.61152458190918,222.97500610351562,18.0
5873,28.0,329.0,7.934419631958008,397.4849853515625,25.0
5874,29.0,249.0,6.3561787605285645,426.8900146484375,26.0
5875,24.0,220.0,5.322328567504883,292.010009765625,21.0
5876,12.0,80.0,1.9383131265640259,70.6500015258789,9.0
5877,23.0,201.0,5.110555171966553,268.1000061035156,20.0
5878,10.0,79.0,1.8453336954116821,47.64500045776367,7.0
5879,19.0,155.0,3.925368070602417,182.30999755859375,16.0
5880,6.0,29.0,0.657988429069519,13.875,3.0
5881,25.0,293.0,7.066552639007568,316.6499938964844,22.0
5882,26.0,250.0,6.088281631469727,342.8699951171875,23.0
5883,19.0,115.0,2.7813360691070557,182.50999450683594,16.0
5884,17.0,148.0,3.660362958908081,145.3350067138672,14.0
5885,9.0,46.0,1.1893460750579834,37.80500030517578,6.0
5886,19.0,169.0,4.338063716888428,182.24000549316406,16.0
5887,11.0,49.0,1.187367558479309,58.79999923706055,8.0
5888,27.0,198.0,4.997313499450684,370.135009765625,24.0
5889,5.0,15.0,0.43753939867019653,7.940000057220459,2.0
5890,21.0,168.0,4.193027973175049,223.2550048828125,18.0
5891,16.0,105.0,2.4769065380096436,128.5449981689453,13.0
5892,13.0,104.0,2.7020423412323,83.53500366210938,10.0
5893,15.0,121.0,3.019850492477417,112.45999908447266,12.0
5894,15.0,127.0,3.0484793186187744,112.43000030517578,12.0
5895,15.0,116.0,2.919694423675537,112.48500061035156,12.0
5896,15.0,114.0,2.760282039642334,112.49500274658203,12.0
5897,27.0,324.0,7.676674842834473,369.5050048828125,24.0
5898,26.0,273.0,6.70974063873291,342.7550048828125,23.0
5899,6.0,15.0,0.3478654623031616,13.944999694824219,3.0
5900,18.0,222.0,5.163480281829834,162.97000122070312,15.0
5901,16.0,100.0,2.375222682952881,128.57000732421875,13.0
5902,18.0,174.0,4.1008992195129395,163.2100067138672,15.0
5903,16.0,121.0,3.1467995643615723,128.46499633789062,13.0
5904,18.0,146.0,3.620884895324707,163.35000610351562,15.0
5905,19.0,171.0,4.173065662384033,182.22999572753906,16.0
5906,18.0,185.0,4.582902431488037,163.15499877929688,15.0
5907,14.0,153.0,3.9569616317749023,97.29499816894531,11.0
5908,18.0,142.0,3.6442861557006836,163.3699951171875,15.0
5909,15.0,115.0,2.857781410217285,112.48999786376953,12.0
5910,17.0,124.0,3.233119487762451,145.4550018310547,14.0
5911,23.0,179.0,4.6296706199646,268.2099914550781,20.0
5912,11.0,53.0,1.2539442777633667,58.779998779296875,8.0
5913,17.0,162.0,4.1289896965026855,145.26499938964844,14.0
5914,25.0,245.0,6.123500823974609,316.8900146484375,22.0
5915,18.0,136.0,3.5270113945007324,163.39999389648438,15.0
5916,21.0,188.0,4.690526008605957,223.15499877929688,18.0
5917,19.0,143.0,3.3395683765411377,182.3699951171875,16.0
5918,21.0,170.0,3.984290361404419,223.2449951171875,18.0
5919,11.0,74.0,1.9512391090393066,58.67499923706055,8.0
5920,18.0,136.0,3.395102024078369,163.39999389648438,15.0
5921,18.0,155.0,3.7671942710876465,163.30499267578125,15.0
5922,13.0,66.0,1.5842071771621704,83.7249984741211,10.0
5923,21.0,128.0,3.2365119457244873,223.4550018310547,18.0
5924,19.0,125.0,3.2794911861419678,182.4600067138672,16.0
5925,22.0,202.0,5.221292972564697,245.08999633789062,19.0
5926,18.0,122.0,3.001898765563965,163.47000122070312,15.0
5927,7.0,33.0,0.823969304561615,20.860000610351562,4.0
5928,13.0,92.0,2.310590982437134,83.59500122070312,10.0
5929,28.0,318.0,8.178410530090332,397.5400085449219,25.0
5930,19.0,178.0,4.574647426605225,182.19500732421875,16.0
5931,26.0,260.0,6.763154983520508,342.82000732421875,23.0
5932,16.0,98.0,2.6402475833892822,128.5800018310547,13.0
5933,20.0,199.0,5.061357498168945,202.09500122070312,17.0
5934,6.0,20.0,0.5580669641494751,13.920000076293945,3.0
5935,20.0,194.0,4.7042436599731445,202.1199951171875,17.0
5936,21.0,221.0,5.8158345222473145,222.99000549316406,18.0
5937,23.0,184.0,4.702488899230957,268.18499755859375,20.0
5938,11.0,45.0,1.0475757122039795,58.81999969482422,8.0
5939,22.0,207.0,5.187772274017334,245.06500244140625,19.0
5940,27.0,309.0,7.685890197753906,369.5799865722656,24.0
5941,28.0,274.0,6.570249080657959,397.760009765625,25.0
5942,25.0,258.0,6.460909843444824,316.82501220703125,22.0
5943,16.0,115.0,2.881547689437866,128.4949951171875,13.0
5944,9.0,54.0,1.4085005521774292,37.76499938964844,6.0
5945,13.0,89.0,2.298011064529419,83.61000061035156,10.0
5946,18.0,158.0,3.94450044631958,163.2899932861328,15.0
5947,31.0,334.0,8.129002571105957,487.4750061035156,28.0
5948,23.0,182.0,4.333177089691162,268.19500732421875,20.0
5949,10.0,62.0,1.5730643272399902,47.72999954223633,7.0
5950,18.0,152.0,3.9222488403320312,163.32000732421875,15.0
5951,8.0,60.0,1.4835078716278076,28.729999542236328,5.0
5952,23.0,199.0,4.94399881362915,268.1099853515625,20.0
5953,18.0,131.0,3.5843262672424316,163.4250030517578,15.0
5954,12.0,66.0,1.592793583869934,70.72000122070312,9.0
5955,15.0,109.0,2.8942933082580566,112.5199966430664,12.0
5956,9.0,41.0,0.9936773180961609,37.83000183105469,6.0
5957,25.0,240.0,6.263546943664551,316.9150085449219,22.0
5958,17.0,123.0,3.135521173477173,145.4600067138672,14.0
5959,22.0,233.0,5.752386569976807,244.93499755859375,19.0
5960,18.0,172.0,4.294130325317383,163.22000122070312,15.0
5961,25.0,267.0,7.117488861083984,316.7799987792969,22.0
5962,18.0,141.0,3.9721550941467285,163.375,15.0
5963,19.0,161.0,3.918419599533081,182.27999877929688,16.0
5964,12.0,79.0,1.865860104560852,70.65499877929688,9.0
5965,11.0,70.0,1.8649041652679443,58.69499969482422,8.0
5966,31.0,352.0,8.835448265075684,487.385009765625,28.0
5967,17.0,110.0,2.6954798698425293,145.52499389648438,14.0
5968,10.0,81.0,2.129359483718872,47.6349983215332,7.0
5969,13.0,107.0,2.6099438667297363,83.5199966430664,10.0
5970,29.0,393.0,10.05618667602539,426.1700134277344,26.0
5971,22.0,206.0,5.148700714111328,245.07000732421875,19.0
5972,15.0,106.0,2.4880402088165283,112.53500366210938,12.0
5973,20.0,165.0,4.003848075866699,202.26499938964844,17.0
5974,22.0,193.0,5.005033016204834,245.13499450683594,19.0
5975,14.0,110.0,2.704613208770752,97.51000213623047,11.0
5976,22.0,174.0,4.3094563484191895,245.22999572753906,19.0
5977,10.0,84.0,2.2277214527130127,47.619998931884766,7.0
5978,22.0,191.0,5.0325093269348145,245.14500427246094,19.0
5979,20.0,128.0,3.1743967533111572,202.4499969482422,17.0
5980,20.0,174.0,4.565187454223633,202.22000122070312,17.0
5981,12.0,83.0,2.047668933868408,70.63500213623047,9.0
5982,20.0,169.0,4.416996479034424,202.2449951171875,17.0
5983,14.0,133.0,3.30403995513916,97.3949966430664,11.0
5984,30.0,334.0,8.578402519226074,456.4700012207031,27.0
5985,22.0,184.0,4.801058769226074,245.17999267578125,19.0
5986,18.0,163.0,4.121229648590088,163.26499938964844,15.0
5987,19.0,170.0,4.2816290855407715,182.23500061035156,16.0
5988,14.0,99.0,2.5055296421051025,97.56500244140625,11.0
5989,25.0,233.0,5.8487935066223145,316.95001220703125,22.0
5990,22.0,166.0,4.1853508949279785,245.27000427246094,19.0
5991,11.0,62.0,1.4864718914031982,58.73500061035156,8.0
5992,23.0,190.0,4.817533016204834,268.1549987792969,20.0
5993,22.0,254.0,6.327999591827393,244.8300018310547,19.0
5994,6.0,26.0,0.6689047813415527,13.890000343322754,3.0
5995,22.0,237.0,5.99857234954834,244.9149932861328,19.0
5996,8.0,36.0,0.9114866256713867,28.850000381469727,5.0
5997,15.0,95.0,2.4682109355926514,112.58999633789062,12.0
5998,26.0,284.0,7.123047828674316,342.70001220703125,23.0
5999,26.0,306.0,7.816808223724365,342.5899963378906,23.0
6000,5.0,15.0,0.3431769609451294,7.940000057220459,2.0
6001,13.0,66.0,1.4475075006484985,83.7249984741211,10.0
6002,21.0,133.0,3.375577688217163,223.42999267578125,18.0
6003,25.0,263.0,6.605868816375732,316.79998779296875,22.0
6004,19.0,151.0,3.7631824016571045,182.3300018310547,16.0
6005,17.0,116.0,3.068441867828369,145.4949951171875,14.0
6006,21.0,202.0,5.1370086669921875,223.0850067138672,18.0
6007,10.0,54.0,1.3972952365875244,47.77000045776367,7.0
6008,17.0,155.0,3.942390203475952,145.3000030517578,14.0
6009,19.0,151.0,3.8810770511627197,182.3300018310547,16.0
6010,19.0,186.0,4.633422374725342,182.15499877929688,16.0
6011,15.0,94.0,2.5037338733673096,112.59500122070312,12.0
6012,27.0,317.0,7.9318766593933105,369.5400085449219,24.0
6013,24.0,261.0,6.625868797302246,291.80499267578125,21.0
6014,9.0,51.0,1.3026626110076904,37.779998779296875,6.0
6015,14.0,101.0,2.6682562828063965,97.55500030517578,11.0
6016,17.0,161.0,3.828488826751709,145.27000427246094,14.0
6017,11.0,72.0,1.9166618585586548,58.685001373291016,8.0
6018,11.0,83.0,2.300459623336792,58.630001068115234,8.0
6019,7.0,30.0,0.8224096298217773,20.875,4.0
6020,10.0,66.0,1.608350396156311,47.709999084472656,7.0
6021,15.0,130.0,3.46364164352417,112.41500091552734,12.0
6022,25.0,236.0,6.459711074829102,316.93499755859375,22.0
6023,27.0,227.0,5.5073628425598145,369.989990234375,24.0
6024,9.0,53.0,1.2624114751815796,37.77000045776367,6.0
6025,26.0,234.0,5.666086196899414,342.95001220703125,23.0
6026,19.0,143.0,3.5776076316833496,182.3699951171875,16.0
6027,30.0,277.0,7.1785383224487305,456.7550048828125,27.0
6028,12.0,73.0,1.7946873903274536,70.68499755859375,9.0
6029,14.0,87.0,2.3264706134796143,97.625,11.0
6030,24.0,189.0,5.017486095428467,292.1650085449219,21.0
6031,23.0,217.0,5.611385822296143,268.0199890136719,20.0
6032,20.0,155.0,4.2277727127075195,202.31500244140625,17.0
6033,25.0,263.0,6.754141807556152,316.79998779296875,22.0
6034,28.0,353.0,9.155028343200684,397.364990234375,25.0
6035,14.0,62.0,1.5499860048294067,97.75,11.0
6036,27.0,353.0,9.056351661682129,369.3599853515625,24.0
6037,24.0,204.0,5.0403594970703125,292.0899963378906,21.0
6038,21.0,188.0,5.255197525024414,223.15499877929688,18.0
6039,21.0,188.0,4.777951240539551,223.15499877929688,18.0
6040,27.0,221.0,6.001023292541504,370.0199890136719,24.0
6041,27.0,279.0,7.2431793212890625,369.7300109863281,24.0
6042,18.0,139.0,3.696152925491333,163.38499450683594,15.0
6043,21.0,171.0,4.2825927734375,223.24000549316406,18.0
6044,12.0,87.0,2.259824275970459,70.61499786376953,9.0
6045,21.0,210.0,5.177055358886719,223.0449981689453,18.0
6046,16.0,87.0,2.17893648147583,128.63499450683594,13.0
6047,14.0,158.0,3.9348905086517334,97.2699966430664,11.0
6048,20.0,164.0,4.437989234924316,202.27000427246094,17.0
6049,14.0,112.0,2.770707607269287,97.5,11.0
6050,5.0,18.0,0.438709557056427,7.925000190734863,2.0
6051,15.0,105.0,2.6561026573181152,112.54000091552734,12.0
6052,22.0,208.0,5.401058673858643,245.05999755859375,19.0
6053,21.0,152.0,4.08182430267334,223.3350067138672,18.0
6054,20.0,142.0,3.6556503772735596,202.3800048828125,17.0
6055,22.0,221.0,5.651510715484619,244.9949951171875,19.0
6056,6.0,27.0,0.7207311987876892,13.885000228881836,3.0
6057,6.0,30.0,0.7858304977416992,13.869999885559082,3.0
6058,20.0,142.0,3.9024176597595215,202.3800048828125,17.0
6059,10.0,65.0,1.7041500806808472,47.71500015258789,7.0
6060,5.0,23.0,0.6139440536499023,7.900000095367432,2.0
6061,19.0,164.0,4.442468643188477,182.26499938964844,16.0
6062,28.0,300.0,7.6902289390563965,397.6300048828125,25.0
6063,18.0,167.0,4.355586051940918,163.2449951171875,15.0
6064,15.0,132.0,3.448533535003662,112.40499877929688,12.0
6065,12.0,83.0,2.0636959075927734,70.63500213623047,9.0
6066,24.0,207.0,5.371135711669922,292.07501220703125,21.0
6067,13.0,81.0,1.9936237335205078,83.6500015258789,10.0
6068,18.0,160.0,4.074829578399658,163.27999877929688,15.0
6069,5.0,11.0,0.32225504517555237,7.960000038146973,2.0
6070,10.0,78.0,1.979490876197815,47.650001525878906,7.0
6071,21.0,223.0,5.9396281242370605,222.97999572753906,18.0
6072,17.0,137.0,3.590857744216919,145.38999938964844,14.0
6073,8.0,36.0,0.8364352583885193,28.850000381469727,5.0
6074,18.0,173.0,4.3150248527526855,163.21499633789062,15.0
6075,19.0,170.0,4.376419544219971,182.23500061035156,16.0
6076,25.0,287.0,7.257840633392334,316.67999267578125,22.0
6077,28.0,243.0,6.018800258636475,397.9150085449219,25.0
6078,25.0,208.0,5.5358567237854,317.07501220703125,22.0
6079,25.0,254.0,6.543482780456543,316.8450012207031,22.0
6080,19.0,159.0,3.8955295085906982,182.2899932861328,16.0
6081,23.0,196.0,5.141479969024658,268.125,20.0
6082,21.0,192.0,5.180491924285889,223.13499450683594,18.0
6083,17.0,152.0,3.8585586547851562,145.31500244140625,14.0
6084,29.0,317.0,7.908822059631348,426.54998779296875,26.0
6085,13.0,65.0,1.822300910949707,83.7300033569336,10.0
6086,19.0,169.0,4.464340686798096,182.24000549316406,16.0
6087,23.0,280.0,7.223010540008545,267.7049865722656,20.0
6088,31.0,355.0,9.236089706420898,487.3699951171875,28.0
6089,8.0,43.0,1.0887725353240967,28.815000534057617,5.0
6090,16.0,111.0,2.7026562690734863,128.51499938964844,13.0
6091,20.0,193.0,4.948256015777588,202.125,17.0
6092,16.0,110.0,2.8010354042053223,128.52000427246094,13.0
6093,7.0,52.0,1.339464783668518,20.764999389648438,4.0
6094,33.0,368.0,9.791186332702637,552.3150024414062,30.0
6095,18.0,174.0,4.7009148597717285,163.2100067138672,15.0
6096,20.0,150.0,4.008053302764893,202.33999633789062,17.0
6097,20.0,262.0,6.8119282722473145,201.77999877929688,17.0
6098,5.0,21.0,0.6019150614738464,7.909999847412109,2.0
6099,18.0,176.0,4.713338375091553,163.1999969482422,15.0
6100,22.0,192.0,5.3173909187316895,245.13999938964844,19.0
6101,18.0,130.0,3.4886887073516846,163.42999267578125,15.0
6102,9.0,57.0,1.345828652381897,37.75,6.0
6103,20.0,134.0,3.2726309299468994,202.4199981689453,17.0
6104,24.0,170.0,4.569977760314941,292.260009765625,21.0
6105,17.0,132.0,3.676344633102417,145.4149932861328,14.0
6106,17.0,122.0,3.2348592281341553,145.46499633789062,14.0
6107,19.0,147.0,3.6931586265563965,182.35000610351562,16.0
6108,16.0,134.0,3.7275688648223877,128.39999389648438,13.0
6109,22.0,196.0,5.246216773986816,245.1199951171875,19.0
6110,8.0,49.0,1.228824496269226,28.78499984741211,5.0
6111,23.0,257.0,6.409596920013428,267.82000732421875,20.0
6112,10.0,75.0,2.0033302307128906,47.665000915527344,7.0
6113,26.0,246.0,6.685003757476807,342.8900146484375,23.0
6114,13.0,96.0,2.55092716217041,83.57499694824219,10.0
6115,26.0,251.0,6.462900161743164,342.864990234375,23.0
6116,14.0,83.0,2.30391001701355,97.6449966430664,11.0
6117,23.0,230.0,6.092716693878174,267.9549865722656,20.0
6118,23.0,247.0,6.72884464263916,267.8699951171875,20.0
6119,13.0,112.0,3.0970640182495117,83.49500274658203,10.0
6120,7.0,35.0,0.8899186849594116,20.850000381469727,4.0
6121,20.0,175.0,4.629093647003174,202.21499633789062,17.0
6122,20.0,188.0,5.042842388153076,202.14999389648438,17.0
6123,25.0,267.0,6.845956802368164,316.7799987792969,22.0
6124,26.0,242.0,6.28617000579834,342.9100036621094,23.0
6125,14.0,89.0,2.1786983013153076,97.61499786376953,11.0
6126,16.0,103.0,2.637737989425659,128.55499267578125,13.0
6127,22.0,167.0,4.282199859619141,245.26499938964844,19.0
6128,20.0,182.0,4.734210014343262,202.17999267578125,17.0
6129,30.0,365.0,9.402961730957031,456.31500244140625,27.0
6130,24.0,223.0,5.61600923538208,291.9949951171875,21.0
6131,7.0,30.0,0.8002079725265503,20.875,4.0
6132,19.0,146.0,4.045041084289551,182.35499572753906,16.0
6133,16.0,126.0,3.375458002090454,128.44000244140625,13.0
6134,19.0,160.0,4.377542018890381,182.28500366210938,16.0
6135,18.0,160.0,4.334209442138672,163.27999877929688,15.0
6136,14.0,118.0,3.145348072052002,97.47000122070312,11.0
6137,12.0,65.0,1.6192655563354492,70.7249984741211,9.0
6138,20.0,166.0,4.264205455780029,202.25999450683594,17.0
6139,15.0,124.0,3.3249731063842773,112.44499969482422,12.0
6140,12.0,78.0,2.2336788177490234,70.66000366210938,9.0
6141,14.0,128.0,3.2399730682373047,97.41999816894531,11.0
6142,16.0,95.0,2.3695552349090576,128.59500122070312,13.0
6143,7.0,37.0,0.936569333076477,20.84000015258789,4.0
6144,15.0,103.0,2.748122215270996,112.55000305175781,12.0
6145,20.0,140.0,3.786066770553589,202.38999938964844,17.0
6146,13.0,67.0,1.626909852027893,83.72000122070312,10.0
6147,19.0,157.0,4.030000686645508,182.3000030517578,16.0
6148,14.0,107.0,2.7537035942077637,97.5250015258789,11.0
6149,10.0,74.0,2.0214459896087646,47.66999816894531,7.0
6150,16.0,142.0,3.8428194522857666,128.36000061035156,13.0
6151,11.0,60.0,1.4756312370300293,58.744998931884766,8.0
6152,22.0,163.0,4.367921352386475,245.28500366210938,19.0
6153,19.0,191.0,4.99411678314209,182.1300048828125,16.0
6154,22.0,136.0,3.565436840057373,245.4199981689453,19.0
6155,20.0,142.0,3.6372287273406982,202.3800048828125,17.0
6156,12.0,62.0,1.5790302753448486,70.73999786376953,9.0
6157,20.0,139.0,3.734467029571533,202.39500427246094,17.0
6158,28.0,365.0,10.060344696044922,397.30499267578125,25.0
6159,17.0,147.0,3.821777582168579,145.33999633789062,14.0
6160,29.0,267.0,6.677868843078613,426.79998779296875,26.0
6161,18.0,133.0,3.589146137237549,163.4149932861328,15.0
6162,29.0,298.0,7.769626140594482,426.6449890136719,26.0
6163,18.0,144.0,3.9334867000579834,163.36000061035156,15.0
6164,23.0,220.0,6.021342754364014,268.0050048828125,20.0
6165,18.0,124.0,3.436297655105591,163.4600067138672,15.0
6166,17.0,192.0,5.180577754974365,145.11500549316406,14.0
6167,23.0,166.0,4.197561264038086,268.2749938964844,20.0
6168,30.0,333.0,9.139575958251953,456.4750061035156,27.0
6169,12.0,88.0,2.3937742710113525,70.61000061035156,9.0
6170,29.0,282.0,7.392470359802246,426.7250061035156,26.0
6171,18.0,172.0,4.507591247558594,163.22000122070312,15.0
6172,8.0,42.0,1.0523470640182495,28.81999969482422,5.0
6173,20.0,148.0,3.919062614440918,202.35000610351562,17.0
6174,24.0,253.0,6.649505138397217,291.8450012207031,21.0
6175,20.0,143.0,3.8049983978271484,202.375,17.0
6176,9.0,56.0,1.5634140968322754,37.755001068115234,6.0
6177,13.0,92.0,2.469818592071533,83.59500122070312,10.0
6178,9.0,42.0,1.1305956840515137,37.82500076293945,6.0
6179,13.0,101.0,2.4774887561798096,83.55000305175781,10.0
6180,20.0,148.0,3.8403704166412354,202.35000610351562,17.0
6181,20.0,166.0,4.370352745056152,202.25999450683594,17.0
6182,17.0,135.0,3.4252336025238037,145.39999389648438,14.0
6183,16.0,126.0,3.229201316833496,128.44000244140625,13.0
6184,23.0,211.0,5.5117387771606445,268.04998779296875,20.0
6185,28.0,321.0,8.547327041625977,397.5249938964844,25.0
6186,18.0,119.0,3.1938865184783936,163.48500061035156,15.0
6187,6.0,33.0,0.8323068022727966,13.854999542236328,3.0
6188,11.0,64.0,1.6521930694580078,58.724998474121094,8.0
6189,22.0,174.0,4.778717041015625,245.22999572753906,19.0
6190,8.0,39.0,0.978316068649292,28.834999084472656,5.0
6191,9.0,68.0,1.7159260511398315,37.69499969482422,6.0
6192,24.0,240.0,6.275545597076416,291.9100036621094,21.0
6193,21.0,224.0,6.0706048011779785,222.97500610351562,18.0
6194,12.0,86.0,2.3330204486846924,70.62000274658203,9.0
6195,20.0,222.0,5.899204730987549,201.97999572753906,17.0
6196,12.0,81.0,2.0752265453338623,70.6449966430664,9.0
6197,17.0,122.0,3.1696860790252686,145.46499633789062,14.0
6198,12.0,89.0,2.172968864440918,70.6050033569336,9.0
6199,15.0,96.0,2.596656322479248,112.58499908447266,12.0
6200,22.0,207.0,5.374334812164307,245.06500244140625,19.0
6201,20.0,195.0,5.228761672973633,202.11500549316406,17.0
6202,17.0,131.0,3.454535484313965,145.4199981689453,14.0
6203,4.0,9.0,0.23590682446956635,2.9649999141693115,1.0
6204,15.0,107.0,2.7624731063842773,112.52999877929688,12.0
6205,22.0,202.0,5.361073970794678,245.08999633789062,19.0
6206,24.0,286.0,7.277381420135498,291.67999267578125,21.0
6207,22.0,189.0,4.986923694610596,245.15499877929688,19.0
6208,17.0,146.0,4.215065956115723,145.34500122070312,14.0
6209,10.0,62.0,1.6567960977554321,47.72999954223633,7.0
6210,14.0,109.0,2.9440319538116455,97.51499938964844,11.0
6211,9.0,47.0,1.2451732158660889,37.79999923706055,6.0
6212,13.0,76.0,1.8026084899902344,83.67500305175781,10.0
6213,5.0,15.0,0.44815385341644287,7.940000057220459,2.0
6214,15.0,109.0,2.931044101715088,112.5199966430664,12.0
6215,24.0,236.0,6.134265422821045,291.92999267578125,21.0
6216,22.0,176.0,4.612349987030029,245.22000122070312,19.0
6217,14.0,102.0,2.7306101322174072,97.55000305175781,11.0
6218,26.0,216.0,5.850566387176514,343.0400085449219,23.0
6219,14.0,114.0,2.9591472148895264,97.48999786376953,11.0
6220,14.0,142.0,3.648909568786621,97.3499984741211,11.0
6221,13.0,88.0,2.3983545303344727,83.61499786376953,10.0
6222,24.0,163.0,4.109646320343018,292.2950134277344,21.0
6223,8.0,42.0,1.1088734865188599,28.81999969482422,5.0
6224,8.0,25.0,0.6655498147010803,28.905000686645508,5.0
6225,20.0,156.0,4.017988681793213,202.30999755859375,17.0
6226,25.0,256.0,6.923703670501709,316.8349914550781,22.0
6227,11.0,65.0,1.6517245769500732,58.720001220703125,8.0
6228,21.0,191.0,5.333744049072266,223.13999938964844,18.0
6229,19.0,149.0,4.127968788146973,182.33999633789062,16.0
6230,26.0,242.0,6.443829536437988,342.9100036621094,23.0
6231,23.0,218.0,5.688779354095459,268.0150146484375,20.0
6232,11.0,73.0,2.117171287536621,58.68000030517578,8.0
6233,16.0,113.0,3.1455001831054688,128.5050048828125,13.0
6234,9.0,44.0,1.1884269714355469,37.814998626708984,6.0
6235,22.0,205.0,5.4573283195495605,245.0749969482422,19.0
6236,22.0,207.0,5.787013530731201,245.06500244140625,19.0
6237,24.0,237.0,6.369187831878662,291.92498779296875,21.0
6238,17.0,155.0,3.961656332015991,145.3000030517578,14.0
6239,22.0,231.0,5.751017093658447,244.94500732421875,19.0
6240,16.0,126.0,3.4102277755737305,128.44000244140625,13.0
6241,26.0,209.0,5.526910781860352,343.07501220703125,23.0
6242,14.0,114.0,2.833019971847534,97.48999786376953,11.0
6243,13.0,84.0,2.1581473350524902,83.63500213623047,10.0
6244,27.0,242.0,6.348184108734131,369.9150085449219,24.0
6245,18.0,184.0,4.931805610656738,163.16000366210938,15.0
6246,17.0,105.0,2.890744924545288,145.5500030517578,14.0
6247,21.0,166.0,4.576537609100342,223.26499938964844,18.0
6248,19.0,141.0,3.8305563926696777,182.3800048828125,16.0
6249,17.0,142.0,3.694958448410034,145.36500549316406,14.0
6250,22.0,193.0,5.188809871673584,245.13499450683594,19.0
6251,18.0,127.0,3.4570236206054688,163.44500732421875,15.0
6252,19.0,173.0,4.706053733825684,182.22000122070312,16.0
6253,11.0,63.0,1.5575872659683228,58.72999954223633,8.0
6254,22.0,204.0,5.665380001068115,245.0800018310547,19.0
6255,12.0,73.0,1.9299715757369995,70.68499755859375,9.0
6256,17.0,120.0,3.294487953186035,145.47500610351562,14.0
6257,5.0,22.0,0.6505587697029114,7.90500020980835,2.0
6258,19.0,174.0,4.756388187408447,182.21499633789062,16.0
6259,13.0,96.0,2.3898701667785645,83.57499694824219,10.0
6260,16.0,143.0,3.9776411056518555,128.35499572753906,13.0
6261,15.0,123.0,3.2151472568511963,112.44999694824219,12.0
6262,29.0,285.0,7.716821670532227,426.7099914550781,26.0
6263,8.0,44.0,1.1088838577270508,28.809999465942383,5.0
6264,23.0,166.0,4.696206569671631,268.2749938964844,20.0
6265,10.0,68.0,1.8611888885498047,47.70000076293945,7.0
6266,20.0,179.0,4.506266117095947,202.19500732421875,17.0
6267,27.0,232.0,6.2465386390686035,369.9649963378906,24.0
6268,13.0,75.0,1.9772521257400513,83.68000030517578,10.0
6269,12.0,91.0,2.605807065963745,70.59500122070312,9.0
6270,16.0,123.0,3.198779582977295,128.4550018310547,13.0
6271,17.0,111.0,2.8929295539855957,145.52000427246094,14.0
6272,23.0,198.0,5.081969261169434,268.114990234375,20.0
6273,10.0,60.0,1.5284340381622314,47.7400016784668,7.0
6274,27.0,271.0,7.085295677185059,369.7699890136719,24.0
6275,5.0,27.0,0.7645944952964783,7.880000114440918,2.0
6276,14.0,125.0,3.5584137439727783,97.43499755859375,11.0
6277,16.0,150.0,4.663427352905273,128.32000732421875,13.0
6278,18.0,112.0,3.170698404312134,163.52000427246094,15.0
6279,20.0,179.0,4.95490026473999,202.19500732421875,17.0
6280,21.0,185.0,4.995033264160156,223.1699981689453,18.0
6281,7.0,29.0,0.7786306142807007,20.8799991607666,4.0
6282,18.0,133.0,3.6144721508026123,163.4149932861328,15.0
6283,18.0,167.0,4.7527594566345215,163.2449951171875,15.0
6284,22.0,224.0,6.268453121185303,244.97999572753906,19.0
6285,15.0,123.0,3.5848920345306396,112.44999694824219,12.0
6286,13.0,86.0,2.353346109390259,83.625,10.0
6287,9.0,51.0,1.3919295072555542,37.779998779296875,6.0
6288,15.0,131.0,3.585968017578125,112.41000366210938,12.0
6289,24.0,137.0,3.791836977005005,292.42498779296875,21.0
6290,17.0,165.0,4.60594367980957,145.25,14.0
6291,21.0,213.0,5.9614362716674805,223.02999877929688,18.0
6292,20.0,173.0,4.873088836669922,202.22500610351562,17.0
6293,23.0,195.0,5.176651954650879,268.1300048828125,20.0
6294,24.0,166.0,4.549594402313232,292.2799987792969,21.0
6295,14.0,103.0,2.8148303031921387,97.54499816894531,11.0
6296,15.0,96.0,2.674710750579834,112.58499908447266,12.0
6297,20.0,193.0,5.250412464141846,202.125,17.0
6298,21.0,144.0,3.808356285095215,223.375,18.0
6299,30.0,299.0,8.49092960357666,456.6449890136719,27.0
6300,24.0,229.0,6.294710159301758,291.9649963378906,21.0
6301,28.0,241.0,6.301372528076172,397.92498779296875,25.0
6302,11.0,88.0,2.3008267879486084,58.60499954223633,8.0
6303,20.0,158.0,4.256759166717529,202.3000030517578,17.0
6304,19.0,188.0,4.8311638832092285,182.14500427246094,16.0
6305,16.0,122.0,3.3964831829071045,128.4600067138672,13.0
6306,15.0,91.0,2.3407702445983887,112.61000061035156,12.0
6307,13.0,97.0,2.58176326751709,83.56999969482422,10.0
6308,28.0,280.0,7.776044845581055,397.7300109863281,25.0
6309,27.0,295.0,7.829594135284424,369.6499938964844,24.0
6310,26.0,234.0,6.161139965057373,342.95001220703125,23.0
6311,15.0,122.0,3.313908100128174,112.45500183105469,12.0
6312,11.0,52.0,1.4232171773910522,58.78499984741211,8.0
6313,30.0,300.0,7.78173303604126,456.6400146484375,27.0
6314,20.0,209.0,5.624024391174316,202.0449981689453,17.0
6315,19.0,227.0,6.152160167694092,181.9499969482422,16.0
6316,18.0,148.0,4.031902313232422,163.33999633789062,15.0
6317,25.0,252.0,6.769137382507324,316.8550109863281,22.0
6318,16.0,123.0,3.389117479324341,128.4550018310547,13.0
6319,20.0,166.0,4.292088031768799,202.25999450683594,17.0
6320,15.0,132.0,3.6009907722473145,112.40499877929688,12.0
6321,14.0,107.0,2.9400129318237305,97.5250015258789,11.0
6322,6.0,25.0,0.6253647804260254,13.895000457763672,3.0
6323,20.0,157.0,4.187454700469971,202.30499267578125,17.0
6324,20.0,163.0,4.430617809295654,202.27499389648438,17.0
6325,17.0,144.0,3.85964298248291,145.35499572753906,14.0
6326,23.0,195.0,5.477582931518555,268.1300048828125,20.0
6327,6.0,22.0,0.5517815351486206,13.90999984741211,3.0
6328,15.0,121.0,2.950671434402466,112.45999908447266,12.0
6329,22.0,199.0,5.31695556640625,245.10499572753906,19.0
6330,23.0,200.0,5.598801612854004,268.1050109863281,20.0
6331,18.0,126.0,3.3145573139190674,163.4499969482422,15.0
6332,17.0,140.0,3.598921060562134,145.375,14.0
6333,16.0,107.0,2.8098714351654053,128.53500366210938,13.0
6334,20.0,223.0,6.285510063171387,201.97500610351562,17.0
6335,18.0,166.0,4.645384311676025,163.25,15.0
6336,13.0,88.0,2.2966902256011963,83.61499786376953,10.0
6337,14.0,114.0,3.1050658226013184,97.48999786376953,11.0
6338,14.0,93.0,2.6063895225524902,97.59500122070312,11.0
6339,28.0,321.0,8.672395706176758,397.5249938964844,25.0
6340,20.0,151.0,4.124528408050537,202.3350067138672,17.0
6341,16.0,102.0,2.685499668121338,128.55999755859375,13.0
6342,17.0,120.0,3.320265293121338,145.47500610351562,14.0
6343,21.0,158.0,4.465442180633545,223.30499267578125,18.0
6344,23.0,204.0,5.672397136688232,268.0849914550781,20.0
6345,19.0,170.0,4.580699920654297,182.23500061035156,16.0
6346,18.0,177.0,4.775338649749756,163.19500732421875,15.0
6347,20.0,146.0,4.040051460266113,202.36000061035156,17.0
6348,7.0,33.0,0.8732940554618835,20.860000610351562,4.0
6349,10.0,46.0,1.3155535459518433,47.810001373291016,7.0
6350,14.0,109.0,2.9826767444610596,97.51499938964844,11.0
6351,14.0,97.0,2.549222707748413,97.57499694824219,11.0
6352,15.0,95.0,2.686765670776367,112.58999633789062,12.0
6353,16.0,145.0,3.952888011932373,128.34500122070312,13.0
6354,14.0,100.0,2.7055373191833496,97.55999755859375,11.0
6355,23.0,221.0,6.005129814147949,268.0,20.0
6356,20.0,143.0,3.796229600906372,202.375,17.0
6357,27.0,229.0,6.293636322021484,369.9800109863281,24.0
6358,17.0,134.0,3.607614278793335,145.40499877929688,14.0
6359,18.0,126.0,3.4313976764678955,163.4499969482422,15.0
6360,19.0,141.0,3.800858497619629,182.3800048828125,16.0
6361,15.0,105.0,2.9583215713500977,112.54000091552734,12.0
6362,21.0,152.0,4.156691074371338,223.3350067138672,18.0
6363,24.0,310.0,8.560078620910645,291.55999755859375,21.0
6364,15.0,137.0,3.6140472888946533,112.37999725341797,12.0
6365,20.0,165.0,4.689822673797607,202.26499938964844,17.0
6366,19.0,187.0,5.484957218170166,182.14999389648438,16.0
6367,16.0,112.0,3.087456464767456,128.50999450683594,13.0
6368,11.0,73.0,2.027923583984375,58.68000030517578,8.0
6369,27.0,259.0,7.806332588195801,369.8299865722656,24.0
6370,17.0,131.0,3.670915126800537,145.4199981689453,14.0
6371,26.0,197.0,5.145299434661865,343.135009765625,23.0
6372,16.0,127.0,3.4165849685668945,128.43499755859375,13.0
6373,21.0,245.0,6.544471740722656,222.8699951171875,18.0
6374,23.0,191.0,4.986209869384766,268.1499938964844,20.0
6375,25.0,188.0,5.211461067199707,317.17498779296875,22.0
6376,21.0,151.0,4.243600368499756,223.33999633789062,18.0
6377,18.0,153.0,4.1414875984191895,163.31500244140625,15.0
6378,10.0,80.0,2.2770144939422607,47.63999938964844,7.0
6379,16.0,123.0,3.302669048309326,128.4550018310547,13.0
6380,8.0,44.0,1.124041199684143,28.809999465942383,5.0
6381,21.0,170.0,4.481724739074707,223.2449951171875,18.0
6382,7.0,36.0,1.042696237564087,20.844999313354492,4.0
6383,23.0,220.0,6.040639400482178,268.0050048828125,20.0
6384,19.0,150.0,4.193020343780518,182.3350067138672,16.0
6385,8.0,52.0,1.470399022102356,28.770000457763672,5.0
6386,22.0,193.0,5.276942253112793,245.13499450683594,19.0
6387,10.0,63.0,1.791070580482483,47.724998474121094,7.0
6388,18.0,141.0,3.8674492835998535,163.375,15.0
6389,11.0,72.0,2.073434352874756,58.685001373291016,8.0
6390,22.0,244.0,6.867280960083008,244.8800048828125,19.0
6391,11.0,63.0,1.8276523351669312,58.72999954223633,8.0
6392,32.0,362.0,9.782083511352539,519.3400268554688,29.0
6393,20.0,154.0,4.0328803062438965,202.32000732421875,17.0
6394,28.0,267.0,7.438170909881592,397.7950134277344,25.0
6395,9.0,38.0,1.0063562393188477,37.845001220703125,6.0
6396,16.0,116.0,3.3309476375579834,128.49000549316406,13.0
6397,16.0,112.0,3.17799711227417,128.50999450683594,13.0
6398,28.0,230.0,6.484805583953857,397.9800109863281,25.0
6399,7.0,40.0,1.1303132772445679,20.825000762939453,4.0
6400,15.0,89.0,2.7179999351501465,112.62000274658203,12.0
6401,8.0,36.0,0.9187418222427368,28.850000381469727,5.0
6402,23.0,219.0,5.720405578613281,268.010009765625,20.0
6403,14.0,91.0,2.456854820251465,97.6050033569336,11.0
6404,16.0,141.0,3.969208240509033,128.36500549316406,13.0
6405,8.0,51.0,1.3025858402252197,28.774999618530273,5.0
6406,13.0,89.0,2.3535044193267822,83.61000061035156,10.0
6407,6.0,15.0,0.45473310351371765,13.944999694824219,3.0
6408,20.0,206.0,5.871881008148193,202.05999755859375,17.0
6409,19.0,186.0,5.0908203125,182.15499877929688,16.0
6410,31.0,340.0,9.481679916381836,487.44500732421875,28.0
6411,20.0,177.0,5.047137260437012,202.2050018310547,17.0
6412,31.0,327.0,8.847697257995605,487.510009765625,28.0
6413,27.0,311.0,8.628666877746582,369.57000732421875,24.0
6414,13.0,79.0,2.205784320831299,83.66000366210938,10.0
6415,20.0,188.0,5.185297012329102,202.14999389648438,17.0
6416,18.0,165.0,4.5008416175842285,163.2550048828125,15.0
6417,30.0,390.0,10.382701873779297,456.19000244140625,27.0
6418,15.0,90.0,2.501005172729492,112.61499786376953,12.0
6419,22.0,221.0,6.21968412399292,244.9949951171875,19.0
6420,16.0,137.0,3.6661434173583984,128.38499450683594,13.0
6421,30.0,312.0,8.37087631225586,456.5799865722656,27.0
6422,22.0,215.0,5.862866401672363,245.02499389648438,19.0
6423,23.0,202.0,5.3407440185546875,268.0950012207031,20.0
6424,25.0,190.0,5.362509727478027,317.1650085449219,22.0
6425,23.0,140.0,3.80460786819458,268.4049987792969,20.0
6426,14.0,98.0,2.7932610511779785,97.56999969482422,11.0
6427,22.0,184.0,4.978142738342285,245.17999267578125,19.0
6428,18.0,123.0,3.5152487754821777,163.46499633789062,15.0
6429,11.0,79.0,2.156994581222534,58.650001525878906,8.0
6430,6.0,19.0,0.490090012550354,13.925000190734863,3.0
6431,17.0,129.0,3.3115146160125732,145.42999267578125,14.0
6432,22.0,156.0,4.6109747886657715,245.32000732421875,19.0
6433,18.0,130.0,3.7663943767547607,163.42999267578125,15.0
6434,14.0,102.0,3.034684419631958,97.55000305175781,11.0
6435,17.0,141.0,3.9584851264953613,145.3699951171875,14.0
6436,24.0,223.0,6.1095709800720215,291.9949951171875,21.0
6437,16.0,138.0,3.8566935062408447,128.3800048828125,13.0
6438,19.0,158.0,4.330008506774902,182.2949981689453,16.0
6439,31.0,347.0,9.585224151611328,487.4100036621094,28.0
6440,21.0,210.0,5.984864234924316,223.0449981689453,18.0
6441,18.0,159.0,4.5175700187683105,163.28500366210938,15.0
6442,18.0,122.0,3.746208667755127,163.47000122070312,15.0
6443,28.0,222.0,6.179219722747803,398.0199890136719,25.0
6444,10.0,57.0,1.6314986944198608,47.755001068115234,7.0
6445,22.0,192.0,5.396634578704834,245.13999938964844,19.0
6446,16.0,144.0,4.046754837036133,128.35000610351562,13.0
6447,17.0,138.0,3.7346439361572266,145.38499450683594,14.0
6448,24.0,177.0,4.847324848175049,292.2250061035156,21.0
6449,11.0,46.0,1.1548078060150146,58.814998626708984,8.0
6450,21.0,161.0,4.456470012664795,223.2899932861328,18.0
6451,16.0,145.0,4.064123630523682,128.34500122070312,13.0
6452,7.0,48.0,1.2634831666946411,20.78499984741211,4.0
6453,16.0,113.0,3.123795747756958,128.5050048828125,13.0
6454,18.0,147.0,4.052767276763916,163.34500122070312,15.0
6455,29.0,177.0,5.0937018394470215,427.25,26.0
6456,18.0,128.0,3.4143102169036865,163.44000244140625,15.0
6457,19.0,161.0,4.687680244445801,182.27999877929688,16.0
6458,16.0,129.0,3.5925402641296387,128.4250030517578,13.0
6459,20.0,177.0,4.993078708648682,202.2050018310547,17.0
6460,17.0,124.0,3.4458303451538086,145.4550018310547,14.0
6461,20.0,150.0,4.1679558753967285,202.33999633789062,17.0
6462,13.0,84.0,2.1897525787353516,83.63500213623047,10.0
6463,7.0,43.0,1.1041631698608398,20.809999465942383,4.0
6464,12.0,82.0,2.454561471939087,70.63999938964844,9.0
6465,5.0,12.0,0.33499449491500854,7.954999923706055,2.0
6466,29.0,297.0,8.490313529968262,426.6499938964844,26.0
6467,17.0,124.0,3.462761640548706,145.4550018310547,14.0
6468,26.0,268.0,7.631615161895752,342.7799987792969,23.0
6469,17.0,155.0,4.34206485748291,145.3000030517578,14.0
6470,29.0,260.0,7.171050548553467,426.8349914550781,26.0
6471,22.0,207.0,5.433743953704834,245.06500244140625,19.0
6472,12.0,93.0,2.5932705402374268,70.58499908447266,9.0
6473,17.0,120.0,3.3597264289855957,145.47500610351562,14.0
6474,21.0,188.0,5.456054210662842,223.15499877929688,18.0
6475,12.0,101.0,2.9112071990966797,70.54499816894531,9.0
6476,18.0,183.0,5.1914381980896,163.1649932861328,15.0
6477,25.0,260.0,7.840146064758301,316.81500244140625,22.0
6478,24.0,226.0,6.530632495880127,291.9800109863281,21.0
6479,18.0,137.0,3.756415367126465,163.39500427246094,15.0
6480,13.0,78.0,2.1791183948516846,83.66500091552734,10.0
6481,18.0,104.0,2.9885079860687256,163.55999755859375,15.0
6482,27.0,229.0,6.200006484985352,369.9800109863281,24.0
6483,5.0,16.0,0.48951295018196106,7.934999942779541,2.0
6484,5.0,6.0,0.16131950914859772,7.985000133514404,2.0
6485,25.0,227.0,6.289531707763672,316.9800109863281,22.0
6486,9.0,61.0,1.6506785154342651,37.72999954223633,6.0
6487,24.0,245.0,7.364785194396973,291.885009765625,21.0
6488,29.0,279.0,8.139514923095703,426.739990234375,26.0
6489,15.0,85.0,2.4870593547821045,112.63999938964844,12.0
6490,18.0,140.0,3.8351686000823975,163.3800048828125,15.0
6491,22.0,210.0,5.8550004959106445,245.0500030517578,19.0
6492,27.0,241.0,7.353238105773926,369.9200134277344,24.0
6493,17.0,141.0,3.799665927886963,145.3699951171875,14.0
6494,18.0,169.0,4.687870502471924,163.23500061035156,15.0
6495,14.0,88.0,2.394819498062134,97.62000274658203,11.0
6496,17.0,127.0,3.642693281173706,145.44000244140625,14.0
6497,22.0,175.0,4.645252704620361,245.22500610351562,19.0
6498,8.0,46.0,1.247085690498352,28.799999237060547,5.0
6499,29.0,279.0,7.652572154998779,426.739990234375,26.0
6500,22.0,173.0,4.569191932678223,245.23500061035156,19.0
6501,21.0,136.0,3.6318607330322266,223.4149932861328,18.0
6502,19.0,153.0,4.187838554382324,182.32000732421875,16.0
6503,24.0,202.0,5.470835208892822,292.1000061035156,21.0
6504,18.0,125.0,3.3558056354522705,163.4550018310547,15.0
6505,15.0,94.0,2.7418699264526367,112.59500122070312,12.0
6506,24.0,162.0,4.3672003746032715,292.29998779296875,21.0
6507,15.0,95.0,2.69523549079895,112.58999633789062,12.0
6508,11.0,57.0,1.6862809658050537,58.7599983215332,8.0
6509,25.0,224.0,5.902528762817383,316.9949951171875,22.0
6510,18.0,153.0,4.273743152618408,163.31500244140625,15.0
6511,29.0,249.0,6.84356164932251,426.8900146484375,26.0
6512,12.0,86.0,2.216660499572754,70.62000274658203,9.0
6513,19.0,185.0,5.211356163024902,182.16000366210938,16.0
6514,21.0,212.0,5.564448356628418,223.03500366210938,18.0
6515,19.0,158.0,4.482987880706787,182.2949981689453,16.0
6516,23.0,198.0,5.3913798332214355,268.114990234375,20.0
6517,27.0,212.0,5.939036846160889,370.06500244140625,24.0
6518,22.0,234.0,6.736551761627197,244.92999267578125,19.0
6519,11.0,64.0,1.8621238470077515,58.724998474121094,8.0
6520,24.0,202.0,5.642198085784912,292.1000061035156,21.0
6521,17.0,142.0,4.026318073272705,145.36500549316406,14.0
6522,19.0,186.0,4.820618152618408,182.15499877929688,16.0
6523,26.0,253.0,7.243398189544678,342.8550109863281,23.0
6524,13.0,97.0,2.798365354537964,83.56999969482422,10.0
6525,22.0,167.0,4.544416904449463,245.26499938964844,19.0
6526,26.0,199.0,5.793915271759033,343.125,23.0
6527,27.0,285.0,8.090685844421387,369.70001220703125,24.0
6528,14.0,97.0,2.6907076835632324,97.57499694824219,11.0
6529,31.0,337.0,9.44580078125,487.4599914550781,28.0
6530,19.0,149.0,4.55814266204834,182.33999633789062,16.0
6531,22.0,206.0,5.847031116485596,245.07000732421875,19.0
6532,24.0,257.0,7.1529436111450195,291.82501220703125,21.0
6533,25.0,267.0,7.572067737579346,316.7799987792969,22.0
6534,32.0,352.0,9.474291801452637,519.3900146484375,29.0
6535,22.0,213.0,5.6719255447387695,245.03500366210938,19.0
6536,23.0,238.0,6.872818470001221,267.9150085449219,20.0
6537,29.0,297.0,8.478571891784668,426.6499938964844,26.0
6538,24.0,186.0,4.97107458114624,292.17999267578125,21.0
6539,10.0,76.0,2.1388933658599854,47.65999984741211,7.0
6540,15.0,109.0,2.8966407775878906,112.5199966430664,12.0
6541,15.0,79.0,2.161396026611328,112.66999816894531,12.0
6542,27.0,238.0,6.662912845611572,369.93499755859375,24.0
6543,11.0,69.0,1.8397278785705566,58.70000076293945,8.0
6544,30.0,288.0,8.310982704162598,456.70001220703125,27.0
6545,23.0,263.0,7.536445140838623,267.7900085449219,20.0
6546,20.0,149.0,4.238273620605469,202.34500122070312,17.0
6547,9.0,41.0,1.0607240200042725,37.83000183105469,6.0
6548,30.0,260.0,7.435937881469727,456.8399963378906,27.0
6549,22.0,187.0,5.196217060089111,245.1649932861328,19.0
6550,17.0,107.0,2.927981376647949,145.5399932861328,14.0
6551,17.0,102.0,2.9867982864379883,145.56500244140625,14.0
6552,7.0,25.0,0.6774401664733887,20.899999618530273,4.0
6553,23.0,220.0,6.251201152801514,268.0050048828125,20.0
6554,5.0,22.0,0.6168813705444336,7.90500020980835,2.0
6555,26.0,299.0,8.539544105529785,342.625,23.0
6556,20.0,155.0,4.385138988494873,202.31500244140625,17.0
6557,8.0,43.0,1.1705045700073242,28.815000534057617,5.0
6558,21.0,200.0,5.509368419647217,223.09500122070312,18.0
6559,21.0,164.0,4.807919979095459,223.27499389648438,18.0
6560,22.0,197.0,5.472638130187988,245.11500549316406,19.0
6561,6.0,28.0,0.8704026341438293,13.880000114440918,3.0
6562,11.0,68.0,1.8916281461715698,58.70500183105469,8.0
6563,10.0,60.0,1.767103672027588,47.7400016784668,7.0
6564,13.0,76.0,2.144076347351074,83.67500305175781,10.0
6565,19.0,155.0,4.209819793701172,182.30999755859375,16.0
6566,14.0,65.0,1.7777634859085083,97.73500061035156,11.0
6567,11.0,61.0,1.733065128326416,58.7400016784668,8.0
6568,23.0,259.0,6.855454444885254,267.80999755859375,20.0
6569,20.0,139.0,3.8531699180603027,202.39500427246094,17.0
6570,12.0,82.0,2.2390553951263428,70.63999938964844,9.0
6571,7.0,39.0,1.0264698266983032,20.829999923706055,4.0
6572,28.0,253.0,7.02091121673584,397.864990234375,25.0
6573,15.0,99.0,2.8303775787353516,112.56999969482422,12.0
6574,10.0,66.0,1.7893797159194946,47.709999084472656,7.0
6575,17.0,163.0,4.717575550079346,145.25999450683594,14.0
6576,14.0,101.0,2.8335137367248535,97.55500030517578,11.0
6577,21.0,157.0,4.474515438079834,223.30999755859375,18.0
6578,13.0,79.0,2.1373543739318848,83.66000366210938,10.0
6579,6.0,33.0,0.9481213092803955,13.854999542236328,3.0
6580,15.0,122.0,3.388857126235962,112.45500183105469,12.0
6581,15.0,116.0,3.0604445934295654,112.48500061035156,12.0
6582,7.0,41.0,1.1607215404510498,20.81999969482422,4.0
6583,16.0,125.0,3.676508665084839,128.44500732421875,13.0
6584,20.0,151.0,4.347188472747803,202.3350067138672,17.0
6585,23.0,172.0,4.736146926879883,268.2449951171875,20.0
6586,20.0,200.0,5.6765265464782715,202.08999633789062,17.0
6587,12.0,70.0,1.775687336921692,70.69999694824219,9.0
6588,14.0,83.0,2.3309879302978516,97.6449966430664,11.0
6589,24.0,223.0,6.270228385925293,291.9949951171875,21.0
6590,23.0,186.0,5.263306140899658,268.17498779296875,20.0
6591,20.0,159.0,4.575267791748047,202.2949981689453,17.0
6592,27.0,237.0,6.704148769378662,369.94000244140625,24.0
6593,19.0,113.0,3.099776268005371,182.52000427246094,16.0
6594,16.0,109.0,3.056222677230835,128.52499389648438,13.0
6595,12.0,78.0,2.1710715293884277,70.66000366210938,9.0
6596,23.0,187.0,5.142590045928955,268.1700134277344,20.0
6597,17.0,77.0,2.04164981842041,145.69000244140625,14.0
6598,10.0,44.0,1.297317385673523,47.81999969482422,7.0
6599,25.0,258.0,7.200563907623291,316.82501220703125,22.0
6600,19.0,144.0,4.168793201446533,182.36500549316406,16.0
6601,10.0,60.0,1.5931533575057983,47.7400016784668,7.0
6602,6.0,23.0,0.6689296364784241,13.904999732971191,3.0
6603,18.0,149.0,4.118690490722656,163.3350067138672,15.0
6604,16.0,120.0,3.400500535964966,128.47000122070312,13.0
6605,24.0,199.0,5.652099609375,292.114990234375,21.0
6606,18.0,126.0,3.3886492252349854,163.4499969482422,15.0
6607,5.0,20.0,0.5982262492179871,7.914999961853027,2.0
6608,15.0,130.0,3.469208002090454,112.41500091552734,12.0
6609,25.0,179.0,4.892083644866943,317.2200012207031,22.0
6610,20.0,187.0,5.189153671264648,202.15499877929688,17.0
6611,15.0,80.0,2.3265018463134766,112.66500091552734,12.0
6612,19.0,150.0,4.240506649017334,182.3350067138672,16.0
6613,8.0,42.0,1.186706781387329,28.81999969482422,5.0
6614,14.0,90.0,2.5011022090911865,97.61000061035156,11.0
6615,6.0,25.0,0.6674066185951233,13.895000457763672,3.0
6616,25.0,284.0,8.216766357421875,316.69500732421875,22.0
6617,15.0,106.0,3.061424732208252,112.53500366210938,12.0
6618,8.0,49.0,1.3795632123947144,28.78499984741211,5.0
6619,19.0,139.0,3.8297524452209473,182.38999938964844,16.0
6620,20.0,136.0,4.005921363830566,202.41000366210938,17.0
6621,25.0,225.0,6.10222864151001,316.989990234375,22.0
6622,11.0,53.0,1.420898675918579,58.779998779296875,8.0
6623,10.0,55.0,1.3789798021316528,47.76499938964844,7.0
6624,16.0,102.0,2.746290445327759,128.55999755859375,13.0
6625,16.0,107.0,3.0166022777557373,128.53500366210938,13.0
6626,25.0,192.0,5.367029666900635,317.1549987792969,22.0
6627,24.0,203.0,5.876022815704346,292.0950012207031,21.0
6628,24.0,258.0,7.156332969665527,291.82000732421875,21.0
6629,19.0,180.0,5.009256362915039,182.18499755859375,16.0
6630,18.0,166.0,4.458621025085449,163.25,15.0
6631,25.0,230.0,6.973310470581055,316.9649963378906,22.0
6632,22.0,165.0,4.896751403808594,245.27499389648438,19.0
6633,15.0,100.0,2.8440496921539307,112.56500244140625,12.0
6634,22.0,192.0,5.377511024475098,245.13999938964844,19.0
6635,30.0,288.0,8.08881950378418,456.70001220703125,27.0
6636,14.0,78.0,2.099545955657959,97.66999816894531,11.0
6637,17.0,107.0,3.033000946044922,145.5399932861328,14.0
6638,14.0,96.0,2.6402108669281006,97.58000183105469,11.0
6639,19.0,180.0,5.155693054199219,182.18499755859375,16.0
6640,35.0,350.0,9.850265502929688,621.4149780273438,32.0
6641,28.0,241.0,6.902444362640381,397.92498779296875,25.0
6642,24.0,187.0,5.459188938140869,292.17498779296875,21.0
6643,17.0,129.0,3.602773427963257,145.42999267578125,14.0
6644,31.0,315.0,8.965219497680664,487.57000732421875,28.0
6645,17.0,164.0,4.397531032562256,145.2550048828125,14.0
6646,27.0,272.0,7.639710903167725,369.7650146484375,24.0
6647,22.0,187.0,4.9499335289001465,245.1649932861328,19.0
6648,23.0,199.0,5.67341947555542,268.1099853515625,20.0
6649,20.0,150.0,4.207627296447754,202.33999633789062,17.0
6650,25.0,218.0,6.309121131896973,317.0249938964844,22.0
6651,14.0,85.0,2.303251028060913,97.63500213623047,11.0
6652,14.0,92.0,2.537189483642578,97.5999984741211,11.0
6653,15.0,84.0,2.3319203853607178,112.6449966430664,12.0
6654,24.0,198.0,5.441471576690674,292.1199951171875,21.0
6655,24.0,186.0,5.280030250549316,292.17999267578125,21.0
6656,9.0,33.0,0.9792142510414124,37.869998931884766,6.0
6657,26.0,222.0,5.932790756225586,343.010009765625,23.0
6658,19.0,137.0,3.899998188018799,182.39999389648438,16.0
6659,18.0,133.0,3.6979963779449463,163.4149932861328,15.0
6660,30.0,317.0,8.970752716064453,456.55499267578125,27.0
6661,28.0,291.0,8.29833698272705,397.67498779296875,25.0
6662,21.0,202.0,5.880581378936768,223.0850067138672,18.0
6663,5.0,31.0,0.8157462477684021,7.860000133514404,2.0
6664,12.0,78.0,2.2312631607055664,70.66000366210938,9.0
6665,19.0,172.0,4.944700241088867,182.22500610351562,16.0
6666,21.0,175.0,4.715627193450928,223.22000122070312,18.0
6667,20.0,176.0,4.706758499145508,202.2100067138672,17.0
6668,22.0,140.0,3.8247156143188477,245.39999389648438,19.0
6669,19.0,131.0,3.6079652309417725,182.42999267578125,16.0
6670,16.0,103.0,3.0048067569732666,128.55499267578125,13.0
6671,10.0,54.0,1.6403987407684326,47.77000045776367,7.0
6672,26.0,226.0,6.609747886657715,342.989990234375,23.0
6673,16.0,130.0,3.652066707611084,128.4199981689453,13.0
6674,16.0,103.0,2.83207106590271,128.55499267578125,13.0
6675,22.0,188.0,5.317110061645508,245.16000366210938,19.0
6676,21.0,223.0,6.132988452911377,222.97999572753906,18.0
6677,23.0,208.0,5.945520877838135,268.06500244140625,20.0
6678,22.0,184.0,5.35821533203125,245.17999267578125,19.0
6679,14.0,91.0,2.560530185699463,97.6050033569336,11.0
6680,17.0,118.0,3.8054327964782715,145.48500061035156,14.0
6681,22.0,221.0,6.604861736297607,244.9949951171875,19.0
6682,24.0,232.0,6.483366012573242,291.95001220703125,21.0
6683,26.0,254.0,7.1838555335998535,342.8500061035156,23.0
6684,30.0,272.0,7.715763568878174,456.7799987792969,27.0
6685,22.0,165.0,4.615412712097168,245.27499389648438,19.0
6686,26.0,234.0,6.489960193634033,342.95001220703125,23.0
6687,8.0,31.0,0.9196940660476685,28.875,5.0
6688,21.0,150.0,4.548316478729248,223.34500122070312,18.0
6689,10.0,55.0,1.5862209796905518,47.76499938964844,7.0
6690,7.0,28.0,0.8280307650566101,20.885000228881836,4.0
6691,20.0,149.0,4.230773448944092,202.34500122070312,17.0
6692,26.0,185.0,5.378698825836182,343.19500732421875,23.0
6693,12.0,75.0,2.3242318630218506,70.67500305175781,9.0
6694,32.0,284.0,7.940240383148193,519.72998046875,29.0
6695,17.0,146.0,4.238040447235107,145.34500122070312,14.0
6696,13.0,70.0,1.938555121421814,83.70500183105469,10.0
6697,8.0,30.0,0.829954981803894,28.8799991607666,5.0
6698,19.0,171.0,5.08245849609375,182.22999572753906,16.0
6699,18.0,163.0,4.422836780548096,163.26499938964844,15.0
6700,7.0,27.0,0.6969648003578186,20.889999389648438,4.0
6701,16.0,146.0,4.274927139282227,128.33999633789062,13.0
6702,19.0,158.0,4.485118865966797,182.2949981689453,16.0
6703,27.0,273.0,7.609604835510254,369.760009765625,24.0
6704,21.0,182.0,4.999180316925049,223.18499755859375,18.0
6705,6.0,16.0,0.4597960114479065,13.9399995803833,3.0
6706,16.0,101.0,2.93276047706604,128.56500244140625,13.0
6707,25.0,232.0,6.441161632537842,316.9549865722656,22.0
6708,16.0,133.0,3.517306089401245,128.40499877929688,13.0
6709,16.0,125.0,3.6239166259765625,128.44500732421875,13.0
6710,7.0,32.0,0.8196007609367371,20.864999771118164,4.0
6711,20.0,152.0,4.387660503387451,202.3300018310547,17.0
6712,21.0,175.0,5.375694751739502,223.22000122070312,18.0
6713,23.0,234.0,6.712302207946777,267.93499755859375,20.0
6714,16.0,121.0,3.503948926925659,128.46499633789062,13.0
6715,21.0,179.0,5.363820552825928,223.1999969482422,18.0
6716,11.0,65.0,1.8206443786621094,58.720001220703125,8.0
6717,24.0,172.0,4.827024936676025,292.25,21.0
6718,17.0,103.0,2.9938156604766846,145.55999755859375,14.0
6719,33.0,311.0,8.858842849731445,552.5999755859375,30.0
6720,10.0,58.0,1.683050274848938,47.75,7.0
6721,16.0,103.0,2.848921537399292,128.55499267578125,13.0
6722,12.0,83.0,2.221031904220581,70.63500213623047,9.0
6723,17.0,130.0,3.4792261123657227,145.4250030517578,14.0
6724,31.0,322.0,8.826643943786621,487.5350036621094,28.0
6725,17.0,133.0,3.7829036712646484,145.41000366210938,14.0
6726,24.0,189.0,5.124421119689941,292.1650085449219,21.0
6727,19.0,179.0,4.975399494171143,182.19000244140625,16.0
6728,14.0,93.0,2.820843458175659,97.59500122070312,11.0
6729,19.0,131.0,3.6586718559265137,182.42999267578125,16.0
6730,11.0,68.0,1.981370449066162,58.70500183105469,8.0
6731,15.0,85.0,2.465440511703491,112.63999938964844,12.0
6732,24.0,191.0,5.377410888671875,292.1549987792969,21.0
6733,23.0,230.0,6.5217204093933105,267.9549865722656,20.0
6734,20.0,127.0,3.434652090072632,202.4550018310547,17.0
6735,20.0,177.0,4.936993598937988,202.2050018310547,17.0
6736,24.0,191.0,5.4341959953308105,292.1549987792969,21.0
6737,19.0,145.0,4.1720757484436035,182.36000061035156,16.0
6738,18.0,115.0,3.2225451469421387,163.5050048828125,15.0
6739,23.0,196.0,5.2987236976623535,268.125,20.0
6740,16.0,115.0,3.239743232727051,128.4949951171875,13.0
6741,15.0,120.0,3.6104578971862793,112.46499633789062,12.0
6742,10.0,67.0,1.8978620767593384,47.70500183105469,7.0
6743,9.0,55.0,1.4234344959259033,37.7599983215332,6.0
6744,22.0,223.0,6.441634654998779,244.98500061035156,19.0
6745,19.0,151.0,4.168538570404053,182.3300018310547,16.0
6746,9.0,49.0,1.3887242078781128,37.790000915527344,6.0
6747,29.0,278.0,7.849687576293945,426.7449951171875,26.0
6748,10.0,81.0,2.258223295211792,47.6349983215332,7.0
6749,22.0,201.0,5.686832904815674,245.09500122070312,19.0
6750,28.0,253.0,7.079453945159912,397.864990234375,25.0
6751,7.0,29.0,0.8905171751976013,20.8799991607666,4.0
6752,16.0,96.0,2.5708680152893066,128.58999633789062,13.0
6753,27.0,220.0,6.204660892486572,370.0249938964844,24.0
6754,13.0,96.0,2.757505178451538,83.57499694824219,10.0
6755,25.0,225.0,6.161114692687988,316.989990234375,22.0
6756,20.0,181.0,5.172369003295898,202.18499755859375,17.0
6757,24.0,194.0,5.290680885314941,292.1400146484375,21.0
6758,10.0,55.0,1.692870020866394,47.76499938964844,7.0
6759,30.0,379.0,10.247786521911621,456.2449951171875,27.0
6760,24.0,202.0,5.682229518890381,292.1000061035156,21.0
6761,21.0,189.0,5.606069564819336,223.14999389648438,18.0
6762,26.0,296.0,8.475653648376465,342.6400146484375,23.0
6763,17.0,116.0,3.3541669845581055,145.4949951171875,14.0
6764,16.0,90.0,2.589123010635376,128.6199951171875,13.0
6765,24.0,215.0,5.975614070892334,292.0350036621094,21.0
6766,28.0,207.0,6.044934272766113,398.0950012207031,25.0
6767,18.0,138.0,3.8496241569519043,163.38999938964844,15.0
6768,14.0,98.0,2.740769147872925,97.56999969482422,11.0
6769,22.0,213.0,5.987614154815674,245.03500366210938,19.0
6770,4.0,7.0,0.19814443588256836,2.9749999046325684,1.0
6771,16.0,138.0,4.170718193054199,128.3800048828125,13.0
6772,21.0,185.0,5.336606979370117,223.1699981689453,18.0
6773,17.0,131.0,3.8424527645111084,145.4199981689453,14.0
6774,13.0,89.0,2.460709810256958,83.61000061035156,10.0
6775,13.0,76.0,1.99949312210083,83.67500305175781,10.0
6776,13.0,59.0,1.781904935836792,83.76000213623047,10.0
6777,7.0,31.0,0.7675905227661133,20.8700008392334,4.0
6778,6.0,29.0,0.7753539681434631,13.875,3.0
6779,22.0,160.0,4.8869194984436035,245.3000030517578,19.0
6780,15.0,118.0,3.297070026397705,112.4749984741211,12.0
6781,19.0,133.0,3.9100453853607178,182.4199981689453,16.0
6782,16.0,65.0,1.801050066947937,128.7449951171875,13.0
6783,23.0,173.0,4.786092281341553,268.239990234375,20.0
6784,25.0,213.0,5.895831108093262,317.04998779296875,22.0
6785,27.0,302.0,8.739934921264648,369.614990234375,24.0
6786,29.0,249.0,7.133171081542969,426.8900146484375,26.0
6787,26.0,246.0,6.9443864822387695,342.8900146484375,23.0
6788,28.0,254.0,6.951480388641357,397.8599853515625,25.0
6789,25.0,222.0,6.0827317237854,317.0050048828125,22.0
6790,15.0,102.0,2.7916815280914307,112.55500030517578,12.0
6791,26.0,261.0,7.459291934967041,342.81500244140625,23.0
6792,32.0,276.0,7.64535665512085,519.77001953125,29.0
6793,7.0,26.0,0.649338960647583,20.895000457763672,4.0
6794,9.0,53.0,1.5056215524673462,37.77000045776367,6.0
6795,18.0,149.0,4.154799461364746,163.3350067138672,15.0
6796,33.0,313.0,8.748520851135254,552.5900268554688,30.0
6797,17.0,132.0,3.8160383701324463,145.4149932861328,14.0
6798,19.0,115.0,3.1701745986938477,182.50999450683594,16.0
6799,9.0,55.0,1.6467880010604858,37.7599983215332,6.0
6800,19.0,142.0,4.005361557006836,182.375,16.0
6801,18.0,118.0,3.084463119506836,163.49000549316406,15.0
6802,19.0,178.0,5.267537593841553,182.19500732421875,16.0
6803,17.0,111.0,3.0814497470855713,145.52000427246094,14.0
6804,21.0,201.0,5.64079475402832,223.08999633789062,18.0
6805,21.0,198.0,5.717779159545898,223.10499572753906,18.0
6806,16.0,137.0,3.830685615539551,128.38499450683594,13.0
6807,12.0,95.0,2.4431989192962646,70.57499694824219,9.0
6808,17.0,123.0,3.6157960891723633,145.4600067138672,14.0
6809,6.0,23.0,0.6295105814933777,13.904999732971191,3.0
6810,15.0,92.0,2.539912462234497,112.6050033569336,12.0
6811,23.0,239.0,6.638760566711426,267.9100036621094,20.0
6812,22.0,141.0,4.033638954162598,245.39500427246094,19.0
6813,23.0,190.0,5.369658470153809,268.1549987792969,20.0
6814,13.0,98.0,2.9714386463165283,83.56500244140625,10.0
6815,17.0,103.0,3.0594005584716797,145.55999755859375,14.0
6816,16.0,97.0,2.6724884510040283,128.5850067138672,13.0
6817,27.0,304.0,8.680254936218262,369.6050109863281,24.0
6818,23.0,151.0,4.281666278839111,268.3500061035156,20.0
6819,22.0,227.0,6.403034687042236,244.96499633789062,19.0
6820,21.0,173.0,5.109379291534424,223.22999572753906,18.0
6821,9.0,45.0,1.4365146160125732,37.810001373291016,6.0
6822,21.0,139.0,3.870062828063965,223.39999389648438,18.0
6823,4.0,7.0,0.1907760351896286,2.9749999046325684,1.0
6824,20.0,177.0,4.918859004974365,202.2050018310547,17.0
6825,23.0,214.0,5.952467918395996,268.0350036621094,20.0
6826,25.0,244.0,7.081075191497803,316.8949890136719,22.0
6827,11.0,92.0,2.700812816619873,58.584999084472656,8.0
6828,26.0,220.0,6.377130031585693,343.0199890136719,23.0
6829,24.0,209.0,6.121562480926514,292.06500244140625,21.0
6830,30.0,324.0,9.24074649810791,456.5199890136719,27.0
6831,15.0,123.0,3.3428401947021484,112.44999694824219,12.0
6832,17.0,128.0,3.5061404705047607,145.43499755859375,14.0
6833,29.0,285.0,7.831190586090088,426.7099914550781,26.0
6834,26.0,240.0,6.736013889312744,342.9200134277344,23.0
6835,11.0,75.0,2.0061001777648926,58.66999816894531,8.0
6836,16.0,121.0,3.295438051223755,128.46499633789062,13.0
6837,19.0,180.0,4.999111652374268,182.18499755859375,16.0
6838,23.0,207.0,5.7637619972229,268.07000732421875,20.0
6839,19.0,154.0,4.398592948913574,182.31500244140625,16.0
6840,21.0,200.0,5.597930908203125,223.09500122070312,18.0
6841,7.0,23.0,0.6174776554107666,20.90999984741211,4.0
6842,12.0,83.0,2.536506414413452,70.63500213623047,9.0
6843,24.0,228.0,6.625946521759033,291.9700012207031,21.0
6844,19.0,140.0,3.9765944480895996,182.38499450683594,16.0
6845,26.0,242.0,7.110058307647705,342.9100036621094,23.0
6846,32.0,270.0,8.3619384765625,519.7999877929688,29.0
6847,24.0,230.0,6.492649555206299,291.9599914550781,21.0
6848,17.0,127.0,3.577836036682129,145.44000244140625,14.0
6849,14.0,89.0,2.5019021034240723,97.61499786376953,11.0
6850,12.0,69.0,1.9066672325134277,70.70500183105469,9.0
6851,10.0,53.0,1.5479419231414795,47.775001525878906,7.0
6852,12.0,96.0,2.7584924697875977,70.56999969482422,9.0
6853,14.0,92.0,2.591066598892212,97.5999984741211,11.0
6854,21.0,207.0,6.201451301574707,223.05999755859375,18.0
6855,27.0,229.0,6.72687292098999,369.9800109863281,24.0
6856,6.0,34.0,1.0197174549102783,13.850000381469727,3.0
6857,14.0,79.0,2.234052896499634,97.66500091552734,11.0
6858,11.0,62.0,1.7407206296920776,58.73500061035156,8.0
6859,24.0,194.0,5.539358139038086,292.1400146484375,21.0
6860,24.0,230.0,6.176635265350342,291.9599914550781,21.0
6861,16.0,140.0,4.140023231506348,128.3699951171875,13.0
6862,28.0,263.0,7.570076942443848,397.81500244140625,25.0
6863,18.0,142.0,4.038679599761963,163.3699951171875,15.0
6864,22.0,216.0,6.1106953620910645,245.02000427246094,19.0
6865,11.0,45.0,1.2602932453155518,58.81999969482422,8.0
6866,15.0,93.0,2.4719884395599365,112.5999984741211,12.0
6867,20.0,177.0,4.981654644012451,202.2050018310547,17.0
6868,15.0,96.0,2.87396502494812,112.58499908447266,12.0
6869,19.0,176.0,5.113336086273193,182.2050018310547,16.0
6870,14.0,92.0,2.8144545555114746,97.5999984741211,11.0
6871,25.0,245.0,7.333116054534912,316.8900146484375,22.0
6872,30.0,292.0,8.44211483001709,456.67999267578125,27.0
6873,20.0,203.0,5.807528018951416,202.0749969482422,17.0
6874,22.0,191.0,5.433102607727051,245.14500427246094,19.0
6875,30.0,296.0,8.686114311218262,456.6600036621094,27.0
6876,19.0,193.0,5.792655944824219,182.1199951171875,16.0
6877,35.0,467.0,13.634909629821777,620.8300170898438,32.0
6878,5.0,20.0,0.5984325408935547,7.914999961853027,2.0
6879,27.0,299.0,9.069066047668457,369.6300048828125,24.0
6880,17.0,106.0,3.1277060508728027,145.5449981689453,14.0
6881,18.0,129.0,3.8422176837921143,163.43499755859375,15.0
6882,19.0,141.0,4.157351970672607,182.3800048828125,16.0
6883,14.0,108.0,3.1691672801971436,97.5199966430664,11.0
6884,25.0,224.0,6.461320877075195,316.9949951171875,22.0
6885,16.0,126.0,3.456644058227539,128.44000244140625,13.0
6886,25.0,199.0,5.7427754402160645,317.1199951171875,22.0
6887,12.0,91.0,2.7161521911621094,70.59500122070312,9.0
6888,23.0,242.0,6.870580196380615,267.8949890136719,20.0
6889,9.0,48.0,1.4037786722183228,37.79499816894531,6.0
6890,19.0,170.0,4.891061305999756,182.23500061035156,16.0
6891,17.0,125.0,3.5262346267700195,145.4499969482422,14.0
6892,27.0,200.0,5.839934349060059,370.125,24.0
6893,18.0,124.0,3.5240910053253174,163.4600067138672,15.0
6894,25.0,236.0,6.504790306091309,316.93499755859375,22.0
6895,23.0,217.0,6.3325090408325195,268.0199890136719,20.0
6896,30.0,324.0,9.491195678710938,456.5199890136719,27.0
6897,20.0,170.0,5.006775856018066,202.24000549316406,17.0
6898,17.0,117.0,3.289196729660034,145.49000549316406,14.0
6899,17.0,145.0,4.305239200592041,145.35000610351562,14.0
6900,13.0,62.0,1.8014569282531738,83.74500274658203,10.0
6901,6.0,22.0,0.5868029594421387,13.90999984741211,3.0
6902,13.0,79.0,2.303473949432373,83.66000366210938,10.0
6903,18.0,134.0,3.903552293777466,163.41000366210938,15.0
6904,26.0,276.0,7.575038909912109,342.739990234375,23.0
6905,21.0,152.0,4.508378505706787,223.3350067138672,18.0
6906,12.0,77.0,2.358165979385376,70.66500091552734,9.0
6907,29.0,313.0,9.04767894744873,426.57000732421875,26.0
6908,16.0,119.0,3.6015663146972656,128.47500610351562,13.0
6909,11.0,98.0,2.830770254135132,58.55500030517578,8.0
6910,18.0,169.0,5.0183868408203125,163.23500061035156,15.0
6911,21.0,202.0,5.844508647918701,223.0850067138672,18.0
6912,16.0,103.0,2.988910675048828,128.55499267578125,13.0
6913,16.0,113.0,3.4807465076446533,128.5050048828125,13.0
6914,23.0,211.0,6.393893241882324,268.04998779296875,20.0
6915,15.0,81.0,2.454699754714966,112.66000366210938,12.0
6916,9.0,42.0,1.3736848831176758,37.82500076293945,6.0
6917,20.0,168.0,4.867266654968262,202.25,17.0
6918,5.0,8.0,0.2606652081012726,7.974999904632568,2.0
6919,29.0,270.0,7.963118076324463,426.7850036621094,26.0
6920,23.0,166.0,4.840160846710205,268.2749938964844,20.0
6921,24.0,202.0,5.852847576141357,292.1000061035156,21.0
6922,19.0,160.0,4.3605170249938965,182.28500366210938,16.0
6923,13.0,80.0,2.269545555114746,83.65499877929688,10.0
6924,24.0,208.0,6.040386199951172,292.07000732421875,21.0
6925,9.0,40.0,1.2135968208312988,37.834999084472656,6.0
6926,9.0,46.0,1.2763336896896362,37.80500030517578,6.0
6927,13.0,51.0,1.4110103845596313,83.80000305175781,10.0
6928,24.0,196.0,5.5721540451049805,292.1300048828125,21.0
6929,27.0,230.0,6.874758243560791,369.9750061035156,24.0
6930,9.0,57.0,1.7784390449523926,37.75,6.0
6931,24.0,272.0,8.012801170349121,291.75,21.0
6932,19.0,153.0,4.475797176361084,182.32000732421875,16.0
6933,9.0,43.0,1.2586102485656738,37.81999969482422,6.0
6934,24.0,219.0,6.551809310913086,292.0150146484375,21.0
6935,23.0,185.0,5.661435604095459,268.17999267578125,20.0
6936,10.0,59.0,1.6839406490325928,47.744998931884766,7.0
6937,24.0,186.0,5.5300140380859375,292.17999267578125,21.0
6938,32.0,363.0,10.740249633789062,519.3350219726562,29.0
6939,20.0,181.0,5.352149486541748,202.18499755859375,17.0
6940,17.0,96.0,2.6878645420074463,145.59500122070312,14.0
6941,19.0,121.0,3.6228232383728027,182.47999572753906,16.0
6942,16.0,129.0,3.9108710289001465,128.4250030517578,13.0
6943,23.0,227.0,6.456552505493164,267.9700012207031,20.0
6944,9.0,48.0,1.506041169166565,37.79499816894531,6.0
6945,21.0,172.0,5.121477127075195,223.23500061035156,18.0
6946,28.0,309.0,9.07243824005127,397.5849914550781,25.0
6947,27.0,232.0,6.387375354766846,369.9649963378906,24.0
6948,25.0,234.0,6.961938381195068,316.94500732421875,22.0
6949,11.0,53.0,1.6179872751235962,58.779998779296875,8.0
6950,19.0,160.0,4.708965301513672,182.28500366210938,16.0
6951,17.0,125.0,3.761870861053467,145.4499969482422,14.0
6952,16.0,120.0,3.5955471992492676,128.47000122070312,13.0
6953,31.0,269.0,7.830099105834961,487.79998779296875,28.0
6954,9.0,47.0,1.2783666849136353,37.79999923706055,6.0
6955,16.0,92.0,2.4512109756469727,128.61000061035156,13.0
6956,9.0,47.0,1.4776887893676758,37.79999923706055,6.0
6957,21.0,160.0,4.886062145233154,223.2949981689453,18.0
6958,14.0,116.0,3.2576732635498047,97.4800033569336,11.0
6959,10.0,51.0,1.3898837566375732,47.78499984741211,7.0
6960,4.0,15.0,0.43671920895576477,2.934999942779541,1.0
6961,26.0,195.0,5.824796199798584,343.1449890136719,23.0
6962,27.0,253.0,7.751946926116943,369.8599853515625,24.0
6963,17.0,106.0,3.1560919284820557,145.5449981689453,14.0
6964,24.0,208.0,5.939938545227051,292.07000732421875,21.0
6965,22.0,172.0,4.980782985687256,245.24000549316406,19.0
6966,10.0,51.0,1.5529319047927856,47.78499984741211,7.0
6967,23.0,224.0,6.520001411437988,267.9849853515625,20.0
6968,26.0,246.0,7.406691074371338,342.8900146484375,23.0
6969,31.0,340.0,9.786971092224121,487.44500732421875,28.0
6970,18.0,167.0,4.789217472076416,163.2449951171875,15.0
6971,17.0,123.0,3.7116689682006836,145.4600067138672,14.0
6972,23.0,200.0,5.968561172485352,268.1050109863281,20.0
6973,15.0,89.0,2.724254846572876,112.62000274658203,12.0
6974,22.0,179.0,5.267155647277832,245.2050018310547,19.0
6975,25.0,239.0,6.922329902648926,316.9200134277344,22.0
6976,21.0,157.0,4.813414573669434,223.30999755859375,18.0
6977,9.0,61.0,1.813585638999939,37.72999954223633,6.0
6978,21.0,176.0,5.459381103515625,223.21499633789062,18.0
6979,11.0,80.0,2.20829439163208,58.64500045776367,8.0
6980,29.0,228.0,6.752521514892578,426.9949951171875,26.0
6981,20.0,130.0,3.5163960456848145,202.44000244140625,17.0
6982,17.0,174.0,5.039759159088135,145.2050018310547,14.0
6983,14.0,79.0,2.3443336486816406,97.66500091552734,11.0
6984,21.0,185.0,5.655185699462891,223.1699981689453,18.0
6985,21.0,187.0,5.646421909332275,223.16000366210938,18.0
6986,22.0,212.0,6.020050048828125,245.0399932861328,19.0
6987,17.0,101.0,3.0312201976776123,145.57000732421875,14.0
6988,28.0,255.0,7.886812210083008,397.8550109863281,25.0
6989,10.0,43.0,1.2610156536102295,47.82500076293945,7.0
6990,16.0,91.0,2.7373900413513184,128.61500549316406,13.0
6991,16.0,92.0,2.5873193740844727,128.61000061035156,13.0
6992,16.0,101.0,2.95110821723938,128.56500244140625,13.0
6993,26.0,283.0,8.305747032165527,342.7049865722656,23.0
6994,24.0,197.0,5.994724750518799,292.125,21.0
6995,14.0,120.0,3.3951289653778076,97.45999908447266,11.0
6996,5.0,21.0,0.4966919720172882,7.909999847412109,2.0
6997,14.0,100.0,2.8500328063964844,97.55999755859375,11.0
6998,28.0,259.0,7.8983473777771,397.8349914550781,25.0
6999,30.0,261.0,7.6384148597717285,456.8349914550781,27.0
7000,23.0,221.0,6.50189208984375,268.0,20.0
7001,22.0,213.0,6.401051998138428,245.03500366210938,19.0
7002,15.0,97.0,2.947807788848877,112.58000183105469,12.0
7003,23.0,227.0,6.475125789642334,267.9700012207031,20.0
7004,21.0,169.0,5.236469745635986,223.25,18.0
7005,16.0,97.0,2.822866678237915,128.5850067138672,13.0
7006,22.0,188.0,5.276320934295654,245.16000366210938,19.0
7007,20.0,173.0,4.644606590270996,202.22500610351562,17.0
7008,12.0,96.0,2.902776002883911,70.56999969482422,9.0
7009,12.0,75.0,2.1826844215393066,70.67500305175781,9.0
7010,19.0,155.0,4.541252136230469,182.30999755859375,16.0
7011,7.0,34.0,1.014431357383728,20.854999542236328,4.0
7012,7.0,43.0,1.4556052684783936,20.809999465942383,4.0
7013,35.0,401.0,12.017327308654785,621.1599731445312,32.0
7014,17.0,104.0,2.8272199630737305,145.55499267578125,14.0
7015,21.0,166.0,4.883143901824951,223.26499938964844,18.0
7016,10.0,66.0,1.9323749542236328,47.709999084472656,7.0
7017,14.0,83.0,2.4125757217407227,97.6449966430664,11.0
7018,27.0,217.0,6.64206600189209,370.0400085449219,24.0
7019,14.0,100.0,3.2256252765655518,97.55999755859375,11.0
7020,23.0,262.0,7.638461112976074,267.7950134277344,20.0
7021,25.0,195.0,5.352663516998291,317.1400146484375,22.0
7022,22.0,177.0,5.345334053039551,245.21499633789062,19.0
7023,21.0,155.0,4.780910968780518,223.32000732421875,18.0
7024,21.0,193.0,5.569709777832031,223.1300048828125,18.0
7025,19.0,146.0,4.419257164001465,182.35499572753906,16.0
7026,16.0,144.0,4.302590370178223,128.35000610351562,13.0
7027,12.0,73.0,2.1467204093933105,70.68499755859375,9.0
7028,15.0,101.0,2.9351069927215576,112.55999755859375,12.0
7029,19.0,113.0,3.425297737121582,182.52000427246094,16.0
7030,9.0,39.0,1.1449596881866455,37.84000015258789,6.0
7031,30.0,251.0,7.295823097229004,456.885009765625,27.0
7032,26.0,258.0,7.695278644561768,342.8299865722656,23.0
7033,30.0,250.0,7.598089694976807,456.8900146484375,27.0
7034,14.0,120.0,3.4045450687408447,97.45999908447266,11.0
7035,12.0,64.0,1.919472575187683,70.7300033569336,9.0
7036,20.0,179.0,5.0941548347473145,202.19500732421875,17.0
7037,18.0,111.0,3.269379138946533,163.52499389648438,15.0
7038,13.0,79.0,2.313267230987549,83.66000366210938,10.0
7039,6.0,22.0,0.5957872271537781,13.90999984741211,3.0
7040,25.0,270.0,8.12620735168457,316.7650146484375,22.0
7041,20.0,139.0,4.116678237915039,202.39500427246094,17.0
7042,16.0,100.0,2.721785068511963,128.57000732421875,13.0
7043,23.0,217.0,6.303171157836914,268.0199890136719,20.0
7044,22.0,179.0,5.1898274421691895,245.2050018310547,19.0
7045,23.0,203.0,6.110420227050781,268.0899963378906,20.0
7046,18.0,125.0,3.706005573272705,163.4550018310547,15.0
7047,28.0,233.0,6.540853023529053,397.9649963378906,25.0
7048,17.0,126.0,3.4974355697631836,145.44500732421875,14.0
7049,24.0,202.0,5.773565769195557,292.1000061035156,21.0
7050,14.0,111.0,3.2172234058380127,97.50499725341797,11.0
7051,21.0,173.0,5.1715407371521,223.22999572753906,18.0
7052,23.0,157.0,4.496123790740967,268.32000732421875,20.0
7053,31.0,260.0,7.78336763381958,487.8450012207031,28.0
7054,22.0,145.0,4.281763553619385,245.375,19.0
7055,23.0,185.0,5.480255126953125,268.17999267578125,20.0
7056,27.0,191.0,5.262214660644531,370.1700134277344,24.0
7057,14.0,111.0,3.1523475646972656,97.50499725341797,11.0
7058,21.0,140.0,4.010700225830078,223.39500427246094,18.0
7059,28.0,231.0,6.7455267906188965,397.9750061035156,25.0
7060,17.0,125.0,3.626143455505371,145.4499969482422,14.0
7061,7.0,34.0,1.176264762878418,20.854999542236328,4.0
7062,16.0,111.0,3.3435909748077393,128.51499938964844,13.0
7063,24.0,197.0,5.764623165130615,292.125,21.0
7064,14.0,108.0,3.369539737701416,97.5199966430664,11.0
7065,5.0,28.0,0.7717592716217041,7.875,2.0
7066,20.0,158.0,4.716277122497559,202.3000030517578,17.0
7067,21.0,143.0,4.267277240753174,223.3800048828125,18.0
7068,29.0,239.0,7.076457977294922,426.94000244140625,26.0
7069,21.0,160.0,4.743741512298584,223.2949981689453,18.0
7070,14.0,108.0,3.308950424194336,97.5199966430664,11.0
7071,11.0,78.0,2.336512565612793,58.654998779296875,8.0
7072,17.0,121.0,3.46897029876709,145.47000122070312,14.0
7073,16.0,121.0,4.162268161773682,128.46499633789062,13.0
7074,21.0,175.0,5.0812296867370605,223.22000122070312,18.0
7075,25.0,206.0,6.130276203155518,317.0849914550781,22.0
7076,28.0,257.0,7.881350517272949,397.8450012207031,25.0
7077,22.0,197.0,5.989867210388184,245.11500549316406,19.0
7078,15.0,98.0,3.0169677734375,112.57499694824219,12.0
7079,15.0,96.0,2.7056884765625,112.58499908447266,12.0
7080,23.0,187.0,5.779136657714844,268.1700134277344,20.0
7081,22.0,139.0,3.891770362854004,245.40499877929688,19.0
7082,8.0,36.0,0.9812781810760498,28.850000381469727,5.0
7083,19.0,144.0,4.094688415527344,182.36500549316406,16.0
7084,22.0,154.0,4.533045291900635,245.3300018310547,19.0
7085,26.0,207.0,5.951096534729004,343.0849914550781,23.0
7086,9.0,64.0,1.7570616006851196,37.71500015258789,6.0
7087,17.0,105.0,3.2124907970428467,145.5500030517578,14.0
7088,16.0,98.0,2.9977052211761475,128.5800018310547,13.0
7089,26.0,275.0,7.986263751983643,342.7449951171875,23.0
7090,21.0,201.0,6.067619323730469,223.08999633789062,18.0
7091,19.0,148.0,4.540383815765381,182.34500122070312,16.0
7092,24.0,167.0,4.952856063842773,292.2749938964844,21.0
7093,29.0,340.0,9.816156387329102,426.43499755859375,26.0
7094,16.0,118.0,3.46366548538208,128.47999572753906,13.0
7095,13.0,78.0,2.3028950691223145,83.66500091552734,10.0
7096,5.0,23.0,0.744568943977356,7.900000095367432,2.0
7097,30.0,337.0,9.792766571044922,456.4549865722656,27.0
7098,29.0,298.0,8.711094856262207,426.6449890136719,26.0
7099,22.0,188.0,5.793973922729492,245.16000366210938,19.0
7100,23.0,220.0,6.785695552825928,268.0050048828125,20.0
7101,14.0,120.0,3.56248140335083,97.45999908447266,11.0
7102,18.0,135.0,3.944014310836792,163.40499877929688,15.0
7103,14.0,95.0,2.7151224613189697,97.58499908447266,11.0
7104,20.0,156.0,4.566433429718018,202.30999755859375,17.0
7105,20.0,153.0,4.6038360595703125,202.3249969482422,17.0
7106,17.0,137.0,4.051374912261963,145.38999938964844,14.0
7107,17.0,133.0,3.9248926639556885,145.41000366210938,14.0
7108,20.0,194.0,5.849437236785889,202.1199951171875,17.0
7109,12.0,96.0,2.797191619873047,70.56999969482422,9.0
7110,17.0,137.0,4.286716938018799,145.38999938964844,14.0
7111,15.0,106.0,3.038684606552124,112.53500366210938,12.0
7112,13.0,98.0,3.048434019088745,83.56500244140625,10.0
7113,18.0,113.0,3.6646907329559326,163.51499938964844,15.0
7114,16.0,121.0,3.7718021869659424,128.46499633789062,13.0
7115,23.0,163.0,4.789034366607666,268.2900085449219,20.0
7116,23.0,179.0,5.094589710235596,268.2099914550781,20.0
7117,15.0,118.0,3.3588709831237793,112.4749984741211,12.0
7118,22.0,153.0,4.507264137268066,245.3350067138672,19.0
7119,14.0,111.0,3.2336621284484863,97.50499725341797,11.0
7120,8.0,58.0,1.6649962663650513,28.739999771118164,5.0
7121,17.0,121.0,3.6930179595947266,145.47000122070312,14.0
7122,7.0,19.0,0.5098326206207275,20.93000030517578,4.0
7123,15.0,133.0,3.865341901779175,112.4000015258789,12.0
7124,19.0,161.0,4.4872236251831055,182.27999877929688,16.0
7125,25.0,226.0,6.725560665130615,316.9849853515625,22.0
7126,23.0,237.0,6.824769973754883,267.9200134277344,20.0
7127,25.0,212.0,6.1864190101623535,317.05499267578125,22.0
7128,16.0,122.0,3.5406582355499268,128.4600067138672,13.0
7129,25.0,255.0,7.178320407867432,316.8399963378906,22.0
7130,12.0,67.0,1.863626480102539,70.71499633789062,9.0
7131,15.0,94.0,2.7003278732299805,112.59500122070312,12.0
7132,27.0,253.0,7.7789154052734375,369.8599853515625,24.0
7133,18.0,93.0,2.7440919876098633,163.61500549316406,15.0
7134,29.0,228.0,6.606739044189453,426.9949951171875,26.0
7135,12.0,68.0,1.9303655624389648,70.70999908447266,9.0
7136,10.0,37.0,1.141351580619812,47.85499954223633,7.0
7137,4.0,9.0,0.2397373765707016,2.9649999141693115,1.0
7138,21.0,159.0,4.859087944030762,223.3000030517578,18.0
7139,29.0,248.0,7.344431400299072,426.8949890136719,26.0
7140,7.0,39.0,1.195169448852539,20.829999923706055,4.0
7141,17.0,100.0,2.9617397785186768,145.5749969482422,14.0
7142,12.0,75.0,2.391911029815674,70.67500305175781,9.0
7143,19.0,128.0,3.725026845932007,182.44500732421875,16.0
7144,10.0,61.0,1.6991000175476074,47.73500061035156,7.0
7145,24.0,203.0,6.222375392913818,292.0950012207031,21.0
7146,24.0,222.0,6.6976637840271,292.0,21.0
7147,21.0,205.0,5.963956832885742,223.07000732421875,18.0
7148,27.0,198.0,5.839076042175293,370.135009765625,24.0
7149,21.0,188.0,5.491536617279053,223.15499877929688,18.0
7150,14.0,78.0,2.378485918045044,97.66999816894531,11.0
7151,16.0,113.0,3.249878168106079,128.5050048828125,13.0
7152,18.0,146.0,4.450246334075928,163.35000610351562,15.0
7153,21.0,189.0,5.582455158233643,223.14999389648438,18.0
7154,22.0,166.0,4.6342997550964355,245.27000427246094,19.0
7155,24.0,216.0,6.592139720916748,292.0299987792969,21.0
7156,18.0,130.0,3.899477243423462,163.42999267578125,15.0
7157,30.0,242.0,7.32584285736084,456.92999267578125,27.0
7158,17.0,104.0,2.895650863647461,145.55499267578125,14.0
7159,14.0,100.0,3.043174982070923,97.55999755859375,11.0
7160,25.0,298.0,8.819462776184082,316.625,22.0
7161,18.0,148.0,4.302922248840332,163.33999633789062,15.0
7162,33.0,340.0,9.968707084655762,552.4550170898438,30.0
7163,13.0,78.0,2.2922122478485107,83.66500091552734,10.0
7164,16.0,109.0,3.2676186561584473,128.52499389648438,13.0
7165,13.0,85.0,2.5281741619110107,83.62999725341797,10.0
7166,17.0,106.0,2.977642774581909,145.5449981689453,14.0
7167,15.0,131.0,3.993673324584961,112.41000366210938,12.0
7168,17.0,82.0,2.3413565158843994,145.6649932861328,14.0
7169,4.0,4.0,0.11772608011960983,2.990000009536743,1.0
7170,23.0,160.0,4.725674152374268,268.30499267578125,20.0
7171,18.0,150.0,4.714019775390625,163.3300018310547,15.0
7172,16.0,125.0,3.6315929889678955,128.44500732421875,13.0
7173,13.0,79.0,2.446185827255249,83.66000366210938,10.0
7174,12.0,74.0,2.1506361961364746,70.68000030517578,9.0
7175,8.0,67.0,1.966072678565979,28.69499969482422,5.0
7176,23.0,160.0,4.566871643066406,268.30499267578125,20.0
7177,27.0,259.0,7.941180229187012,369.8299865722656,24.0
7178,13.0,90.0,2.972299098968506,83.6050033569336,10.0
7179,14.0,80.0,2.362765073776245,97.66000366210938,11.0
7180,21.0,177.0,5.205108165740967,223.2100067138672,18.0
7181,30.0,312.0,8.975936889648438,456.5799865722656,27.0
7182,15.0,94.0,2.6275248527526855,112.59500122070312,12.0
7183,16.0,116.0,3.465493679046631,128.49000549316406,13.0
7184,28.0,229.0,6.897121429443359,397.9849853515625,25.0
7185,11.0,65.0,2.006373405456543,58.720001220703125,8.0
7186,25.0,212.0,6.300906181335449,317.05499267578125,22.0
7187,19.0,168.0,4.79142951965332,182.2449951171875,16.0
7188,22.0,170.0,4.959402561187744,245.25,19.0
7189,7.0,35.0,1.0295387506484985,20.850000381469727,4.0
7190,27.0,290.0,8.608278274536133,369.67498779296875,24.0
7191,22.0,154.0,4.533982276916504,245.3300018310547,19.0
7192,21.0,152.0,4.36737585067749,223.3350067138672,18.0
7193,15.0,134.0,4.370790004730225,112.3949966430664,12.0
7194,20.0,143.0,4.424386978149414,202.375,17.0
7195,16.0,111.0,3.518648147583008,128.51499938964844,13.0
7196,25.0,189.0,5.758877277374268,317.1700134277344,22.0
7197,4.0,24.0,0.6859249472618103,2.890000104904175,1.0
7198,25.0,223.0,6.6330246925354,317.0,22.0
7199,18.0,140.0,4.300074100494385,163.3800048828125,15.0
7200,11.0,65.0,1.9077273607254028,58.720001220703125,8.0
7201,28.0,269.0,7.696760177612305,397.7850036621094,25.0
7202,27.0,284.0,8.3624267578125,369.7049865722656,24.0
7203,21.0,140.0,4.139504432678223,223.39500427246094,18.0
7204,28.0,243.0,7.349152088165283,397.9150085449219,25.0
7205,17.0,125.0,3.8292148113250732,145.4499969482422,14.0
7206,25.0,240.0,6.908303260803223,316.9150085449219,22.0
7207,21.0,132.0,3.7462949752807617,223.43499755859375,18.0
7208,19.0,157.0,4.908727169036865,182.3000030517578,16.0
7209,5.0,10.0,0.32494044303894043,7.965000152587891,2.0
7210,9.0,54.0,1.654511570930481,37.76499938964844,6.0
7211,24.0,253.0,7.990127086639404,291.8450012207031,21.0
7212,5.0,19.0,0.5431274771690369,7.920000076293945,2.0
7213,26.0,219.0,6.172786712646484,343.0249938964844,23.0
7214,21.0,172.0,5.208459854125977,223.23500061035156,18.0
7215,18.0,117.0,3.4472060203552246,163.4949951171875,15.0
7216,7.0,34.0,1.0858948230743408,20.854999542236328,4.0
7217,17.0,93.0,2.8416759967803955,145.61000061035156,14.0
7218,16.0,107.0,3.1302430629730225,128.53500366210938,13.0
7219,21.0,142.0,3.9284512996673584,223.38499450683594,18.0
7220,22.0,153.0,4.757699489593506,245.3350067138672,19.0
7221,29.0,301.0,8.918951034545898,426.6300048828125,26.0
7222,18.0,167.0,4.9521803855896,163.2449951171875,15.0
7223,14.0,101.0,3.045546531677246,97.55500030517578,11.0
7224,14.0,97.0,2.6964540481567383,97.57499694824219,11.0
7225,23.0,183.0,5.163431644439697,268.19000244140625,20.0
7226,21.0,182.0,5.21935510635376,223.18499755859375,18.0
7227,18.0,124.0,3.5331509113311768,163.4600067138672,15.0
7228,18.0,129.0,3.842538595199585,163.43499755859375,15.0
7229,13.0,100.0,2.8517520427703857,83.55500030517578,10.0
7230,19.0,107.0,3.1190643310546875,182.5500030517578,16.0
7231,15.0,102.0,2.931299924850464,112.55500030517578,12.0
7232,21.0,182.0,5.3082404136657715,223.18499755859375,18.0
7233,23.0,199.0,5.629538059234619,268.1099853515625,20.0
7234,12.0,74.0,2.215606451034546,70.68000030517578,9.0
7235,28.0,245.0,7.159639835357666,397.9049987792969,25.0
7236,11.0,48.0,1.4460551738739014,58.80500030517578,8.0
7237,28.0,216.0,6.473008155822754,398.04998779296875,25.0
7238,29.0,284.0,8.298937797546387,426.7149963378906,26.0
7239,14.0,100.0,3.0011603832244873,97.55999755859375,11.0
7240,26.0,242.0,7.199052810668945,342.9100036621094,23.0
7241,13.0,93.0,2.5228049755096436,83.58999633789062,10.0
7242,19.0,152.0,4.344653606414795,182.3249969482422,16.0
7243,22.0,231.0,6.67563009262085,244.94500732421875,19.0
7244,23.0,177.0,5.2873148918151855,268.2200012207031,20.0
7245,20.0,184.0,5.332123756408691,202.1699981689453,17.0
7246,26.0,207.0,6.238005638122559,343.0849914550781,23.0
7247,10.0,59.0,1.714848279953003,47.744998931884766,7.0
7248,27.0,221.0,6.391337871551514,370.0199890136719,24.0
7249,5.0,15.0,0.45000386238098145,7.940000057220459,2.0
7250,26.0,256.0,7.333371162414551,342.8399963378906,23.0
7251,19.0,129.0,3.6748197078704834,182.44000244140625,16.0
7252,18.0,136.0,4.029486656188965,163.39999389648438,15.0
7253,7.0,33.0,0.9930187463760376,20.860000610351562,4.0
7254,11.0,66.0,1.8840821981430054,58.71500015258789,8.0
7255,13.0,91.0,2.6807968616485596,83.5999984741211,10.0
7256,4.0,12.0,0.3347438871860504,2.950000047683716,1.0
7257,18.0,161.0,4.9235920906066895,163.27499389648438,15.0
7258,22.0,172.0,5.31484842300415,245.24000549316406,19.0
7259,22.0,137.0,4.078066349029541,245.4149932861328,19.0
7260,16.0,119.0,3.344202756881714,128.47500610351562,13.0
7261,9.0,69.0,2.0390567779541016,37.689998626708984,6.0
7262,18.0,136.0,4.076345920562744,163.39999389648438,15.0
7263,14.0,107.0,3.3500587940216064,97.5250015258789,11.0
7264,27.0,184.0,5.324945449829102,370.2049865722656,24.0
7265,10.0,65.0,2.116494655609131,47.71500015258789,7.0
7266,25.0,153.0,4.740189552307129,317.3500061035156,22.0
7267,14.0,97.0,2.7240183353424072,97.57499694824219,11.0
7268,20.0,132.0,3.7986056804656982,202.42999267578125,17.0
7269,18.0,132.0,3.8718135356903076,163.4199981689453,15.0
7270,26.0,230.0,7.000612735748291,342.9700012207031,23.0
7271,11.0,69.0,2.0082950592041016,58.70000076293945,8.0
7272,28.0,231.0,6.873445987701416,397.9750061035156,25.0
7273,26.0,213.0,6.49017333984375,343.05499267578125,23.0
7274,7.0,29.0,0.8703494668006897,20.8799991607666,4.0
7275,16.0,125.0,3.7856669425964355,128.44500732421875,13.0
7276,12.0,71.0,2.1331543922424316,70.69499969482422,9.0
7277,23.0,198.0,6.026816368103027,268.114990234375,20.0
7278,10.0,55.0,1.5414239168167114,47.76499938964844,7.0
7279,14.0,96.0,2.8325583934783936,97.58000183105469,11.0
7280,11.0,75.0,2.2948877811431885,58.66999816894531,8.0
7281,18.0,135.0,4.1674981117248535,163.40499877929688,15.0
7282,17.0,122.0,3.7908332347869873,145.46499633789062,14.0
7283,7.0,20.0,0.6751792430877686,20.924999237060547,4.0
7284,10.0,48.0,1.5978699922561646,47.79999923706055,7.0
7285,16.0,97.0,2.8450827598571777,128.5850067138672,13.0
7286,9.0,56.0,1.6604963541030884,37.755001068115234,6.0
7287,19.0,189.0,5.528868675231934,182.13999938964844,16.0
7288,8.0,39.0,1.1896443367004395,28.834999084472656,5.0
7289,5.0,21.0,0.5727381706237793,7.909999847412109,2.0
7290,18.0,167.0,5.06166410446167,163.2449951171875,15.0
7291,22.0,165.0,4.663765907287598,245.27499389648438,19.0
7292,16.0,136.0,3.8526806831359863,128.38999938964844,13.0
7293,7.0,38.0,1.1531624794006348,20.834999084472656,4.0
7294,21.0,155.0,4.578198432922363,223.32000732421875,18.0
7295,17.0,161.0,4.549047946929932,145.27000427246094,14.0
7296,20.0,188.0,5.651523590087891,202.14999389648438,17.0
7297,5.0,20.0,0.5792824029922485,7.914999961853027,2.0
7298,10.0,62.0,1.7366979122161865,47.72999954223633,7.0
7299,19.0,151.0,4.406020164489746,182.3300018310547,16.0
7300,8.0,34.0,1.1071480512619019,28.860000610351562,5.0
7301,27.0,218.0,6.350485801696777,370.0350036621094,24.0
7302,22.0,208.0,5.877464771270752,245.05999755859375,19.0
7303,23.0,191.0,5.671098709106445,268.1499938964844,20.0
7304,32.0,316.0,9.198892593383789,519.5700073242188,29.0
7305,20.0,137.0,3.956573486328125,202.40499877929688,17.0
7306,23.0,192.0,5.71745491027832,268.1449890136719,20.0
7307,13.0,91.0,2.935112714767456,83.5999984741211,10.0
7308,20.0,188.0,5.636660575866699,202.14999389648438,17.0
7309,22.0,176.0,5.254134654998779,245.22000122070312,19.0
7310,19.0,141.0,4.014183044433594,182.3800048828125,16.0
7311,19.0,151.0,4.426407337188721,182.3300018310547,16.0
7312,22.0,213.0,6.226586818695068,245.03500366210938,19.0
7313,9.0,36.0,1.225427269935608,37.85499954223633,6.0
7314,5.0,18.0,0.5596042275428772,7.925000190734863,2.0
7315,13.0,100.0,2.855344533920288,83.55500030517578,10.0
7316,24.0,183.0,5.8124284744262695,292.19500732421875,21.0
7317,20.0,114.0,3.3570961952209473,202.52000427246094,17.0
7318,22.0,169.0,4.950038433074951,245.2550048828125,19.0
7319,11.0,77.0,2.166213035583496,58.65999984741211,8.0
7320,27.0,223.0,6.734292507171631,370.010009765625,24.0
7321,25.0,161.0,4.562677383422852,317.30999755859375,22.0
7322,17.0,120.0,3.566593885421753,145.47500610351562,14.0
7323,19.0,120.0,3.235224723815918,182.48500061035156,16.0
7324,11.0,58.0,1.6378053426742554,58.755001068115234,8.0
7325,27.0,229.0,6.698739051818848,369.9800109863281,24.0
7326,12.0,70.0,2.0757176876068115,70.69999694824219,9.0
7327,25.0,184.0,5.551194190979004,317.19500732421875,22.0
7328,19.0,166.0,4.869114398956299,182.2550048828125,16.0
7329,11.0,73.0,2.148569345474243,58.68000030517578,8.0
7330,20.0,161.0,4.958462238311768,202.28500366210938,17.0
7331,21.0,142.0,4.269675254821777,223.38499450683594,18.0
7332,28.0,218.0,6.397794723510742,398.0400085449219,25.0
7333,22.0,200.0,5.88728141784668,245.10000610351562,19.0
7334,23.0,215.0,6.324697017669678,268.0299987792969,20.0
7335,23.0,186.0,5.604884147644043,268.17498779296875,20.0
7336,16.0,139.0,4.051695346832275,128.375,13.0
7337,15.0,118.0,3.3132810592651367,112.4749984741211,12.0
7338,24.0,189.0,5.865586280822754,292.1650085449219,21.0
7339,4.0,9.0,0.26610976457595825,2.9649999141693115,1.0
7340,12.0,52.0,1.4831295013427734,70.79000091552734,9.0
7341,23.0,216.0,6.724606037139893,268.0249938964844,20.0
7342,19.0,156.0,4.317468643188477,182.30499267578125,16.0
7343,28.0,274.0,7.806529998779297,397.760009765625,25.0
7344,31.0,214.0,6.17089319229126,488.07501220703125,28.0
7345,16.0,114.0,3.488699436187744,128.5,13.0
7346,22.0,174.0,4.906550884246826,245.22999572753906,19.0
7347,19.0,172.0,5.162206649780273,182.22500610351562,16.0
7348,24.0,156.0,4.718276023864746,292.3299865722656,21.0
7349,21.0,172.0,5.068207263946533,223.23500061035156,18.0
7350,15.0,95.0,2.7044668197631836,112.58999633789062,12.0
7351,14.0,95.0,3.1495392322540283,97.58499908447266,11.0
7352,17.0,143.0,4.1987199783325195,145.36000061035156,14.0
7353,14.0,94.0,2.670886993408203,97.58999633789062,11.0
7354,26.0,177.0,5.237931728363037,343.2349853515625,23.0
7355,18.0,145.0,4.02894926071167,163.35499572753906,15.0
7356,23.0,211.0,6.247357368469238,268.04998779296875,20.0
7357,5.0,25.0,0.6798651218414307,7.889999866485596,2.0
7358,15.0,127.0,3.98093843460083,112.43000030517578,12.0
7359,23.0,207.0,6.109447956085205,268.07000732421875,20.0
7360,19.0,149.0,4.322953701019287,182.33999633789062,16.0
7361,25.0,229.0,6.587935924530029,316.9700012207031,22.0
7362,12.0,55.0,1.5509454011917114,70.7750015258789,9.0
7363,7.0,30.0,0.9014890193939209,20.875,4.0
7364,20.0,141.0,4.267513275146484,202.38499450683594,17.0
7365,28.0,221.0,6.892110347747803,398.0249938964844,25.0
7366,18.0,126.0,3.828765630722046,163.4499969482422,15.0
7367,10.0,57.0,1.7289055585861206,47.755001068115234,7.0
7368,15.0,107.0,3.145216464996338,112.52999877929688,12.0
7369,24.0,182.0,5.2812371253967285,292.20001220703125,21.0
7370,27.0,238.0,7.158652305603027,369.93499755859375,24.0
7371,14.0,121.0,3.607130289077759,97.45500183105469,11.0
7372,23.0,161.0,4.805283069610596,268.29998779296875,20.0
7373,35.0,368.0,10.320236206054688,621.3250122070312,32.0
7374,16.0,124.0,3.5822107791900635,128.4499969482422,13.0
7375,7.0,34.0,0.9463565349578857,20.854999542236328,4.0
7376,17.0,116.0,3.2972962856292725,145.4949951171875,14.0
7377,11.0,67.0,1.9446814060211182,58.709999084472656,8.0
7378,19.0,138.0,4.14314603805542,182.39500427246094,16.0
7379,26.0,270.0,7.942111492156982,342.7699890136719,23.0
7380,20.0,160.0,4.896687984466553,202.2899932861328,17.0
7381,13.0,94.0,2.9685752391815186,83.58499908447266,10.0
7382,11.0,71.0,2.1919126510620117,58.689998626708984,8.0
7383,14.0,98.0,3.070899248123169,97.56999969482422,11.0
7384,15.0,107.0,3.2705161571502686,112.52999877929688,12.0
7385,14.0,106.0,3.429887294769287,97.52999877929688,11.0
7386,23.0,177.0,5.209723949432373,268.2200012207031,20.0
7387,12.0,79.0,2.453963279724121,70.65499877929688,9.0
7388,5.0,19.0,0.5354801416397095,7.920000076293945,2.0
7389,19.0,114.0,3.3495731353759766,182.51499938964844,16.0
7390,13.0,99.0,2.9574742317199707,83.55999755859375,10.0
7391,20.0,179.0,5.235727310180664,202.19500732421875,17.0
7392,7.0,42.0,1.2436662912368774,20.815000534057617,4.0
7393,12.0,73.0,2.107675552368164,70.68499755859375,9.0
7394,22.0,186.0,5.332482814788818,245.1699981689453,19.0
7395,24.0,195.0,5.790299415588379,292.135009765625,21.0
7396,12.0,98.0,2.8838775157928467,70.55999755859375,9.0
7397,13.0,81.0,2.543790817260742,83.6500015258789,10.0
7398,19.0,156.0,4.554953575134277,182.30499267578125,16.0
7399,22.0,162.0,4.598947525024414,245.2899932861328,19.0
7400,26.0,217.0,6.3298540115356445,343.0350036621094,23.0
7401,19.0,122.0,3.7402021884918213,182.47500610351562,16.0
7402,20.0,170.0,4.667967796325684,202.24000549316406,17.0
7403,23.0,171.0,5.00786828994751,268.25,20.0
7404,31.0,325.0,9.78342056274414,487.5199890136719,28.0
7405,13.0,103.0,2.984314441680908,83.54000091552734,10.0
7406,24.0,175.0,5.524730205535889,292.2349853515625,21.0
7407,26.0,243.0,7.170112609863281,342.9049987792969,23.0
7408,16.0,108.0,3.2647783756256104,128.52999877929688,13.0
7409,18.0,115.0,3.272336006164551,163.5050048828125,15.0
7410,10.0,61.0,1.8113871812820435,47.73500061035156,7.0
7411,26.0,177.0,5.191346645355225,343.2349853515625,23.0
7412,11.0,50.0,1.3969827890396118,58.79499816894531,8.0
7413,24.0,165.0,4.8803791999816895,292.2850036621094,21.0
7414,22.0,220.0,6.489400386810303,245.0,19.0
7415,14.0,101.0,2.929129123687744,97.55500030517578,11.0
7416,7.0,23.0,0.7119735479354858,20.90999984741211,4.0
7417,23.0,176.0,5.031330108642578,268.2250061035156,20.0
7418,20.0,168.0,5.066945552825928,202.25,17.0
7419,17.0,111.0,3.367818832397461,145.52000427246094,14.0
7420,18.0,119.0,3.5412802696228027,163.48500061035156,15.0
7421,21.0,159.0,4.660972595214844,223.3000030517578,18.0
7422,21.0,147.0,4.477321147918701,223.36000061035156,18.0
7423,22.0,226.0,6.612038612365723,244.97000122070312,19.0
7424,10.0,43.0,1.2964080572128296,47.82500076293945,7.0
7425,28.0,274.0,7.828960418701172,397.760009765625,25.0
7426,17.0,132.0,3.9539036750793457,145.4149932861328,14.0
7427,5.0,14.0,0.39855507016181946,7.945000171661377,2.0
7428,23.0,215.0,6.88858699798584,268.0299987792969,20.0
7429,18.0,106.0,3.1689367294311523,163.5500030517578,15.0
7430,29.0,322.0,9.91470718383789,426.5249938964844,26.0
7431,9.0,45.0,1.2816781997680664,37.810001373291016,6.0
7432,17.0,82.0,2.432448625564575,145.6649932861328,14.0
7433,20.0,160.0,4.9038896560668945,202.2899932861328,17.0
7434,9.0,50.0,1.468780517578125,37.78499984741211,6.0
7435,25.0,174.0,5.007707595825195,317.2449951171875,22.0
7436,20.0,190.0,5.435570240020752,202.13999938964844,17.0
7437,32.0,273.0,8.073858261108398,519.7849731445312,29.0
7438,24.0,196.0,5.969899654388428,292.1300048828125,21.0
7439,25.0,203.0,6.473505020141602,317.1000061035156,22.0
7440,27.0,215.0,6.4208879470825195,370.04998779296875,24.0
7441,23.0,182.0,5.794669151306152,268.19500732421875,20.0
7442,17.0,128.0,3.9799885749816895,145.43499755859375,14.0
7443,20.0,171.0,5.191290378570557,202.23500061035156,17.0
7444,9.0,41.0,1.1356223821640015,37.83000183105469,6.0
7445,13.0,97.0,2.8187525272369385,83.56999969482422,10.0
7446,19.0,152.0,4.5486016273498535,182.3249969482422,16.0
7447,11.0,81.0,2.361907482147217,58.63999938964844,8.0
7448,20.0,177.0,5.135923862457275,202.2050018310547,17.0
7449,27.0,270.0,8.04474925994873,369.7749938964844,24.0
7450,20.0,152.0,4.548986911773682,202.3300018310547,17.0
7451,6.0,24.0,0.7942492365837097,13.899999618530273,3.0
7452,12.0,72.0,2.0992538928985596,70.69000244140625,9.0
7453,26.0,221.0,6.672178268432617,343.0150146484375,23.0
7454,21.0,184.0,5.284519195556641,223.1750030517578,18.0
7455,19.0,122.0,3.7058122158050537,182.47500610351562,16.0
7456,18.0,134.0,4.143261432647705,163.41000366210938,15.0
7457,28.0,272.0,7.962546348571777,397.7699890136719,25.0
7458,12.0,75.0,2.2077600955963135,70.67500305175781,9.0
7459,26.0,174.0,5.283633232116699,343.25,23.0
7460,5.0,9.0,0.24536257982254028,7.96999979019165,2.0
7461,11.0,85.0,2.3961870670318604,58.619998931884766,8.0
7462,15.0,88.0,2.5161292552948,112.625,12.0
7463,19.0,131.0,3.6129534244537354,182.42999267578125,16.0
7464,28.0,269.0,7.728639602661133,397.7850036621094,25.0
7465,15.0,111.0,3.4892594814300537,112.51000213623047,12.0
7466,15.0,128.0,3.808702230453491,112.42500305175781,12.0
7467,22.0,162.0,5.006856441497803,245.2899932861328,19.0
7468,6.0,35.0,1.0832804441452026,13.845000267028809,3.0
7469,13.0,106.0,3.286935567855835,83.5250015258789,10.0
7470,26.0,201.0,6.157988548278809,343.114990234375,23.0
7471,25.0,232.0,7.126927375793457,316.9549865722656,22.0
7472,23.0,194.0,5.938967227935791,268.135009765625,20.0
7473,10.0,51.0,1.580556869506836,47.78499984741211,7.0
7474,12.0,67.0,2.0172460079193115,70.71499633789062,9.0
7475,25.0,171.0,5.197494029998779,317.260009765625,22.0
7476,16.0,97.0,2.8672876358032227,128.5850067138672,13.0
7477,15.0,112.0,3.2278802394866943,112.50499725341797,12.0
7478,9.0,50.0,1.494605302810669,37.78499984741211,6.0
7479,15.0,83.0,2.507422924041748,112.6500015258789,12.0
7480,4.0,10.0,0.3231745958328247,2.9600000381469727,1.0
7481,26.0,188.0,5.897167682647705,343.17999267578125,23.0
7482,19.0,132.0,3.7664802074432373,182.4250030517578,16.0
7483,18.0,158.0,4.89835786819458,163.2899932861328,15.0
7484,27.0,183.0,5.684296607971191,370.2099914550781,24.0
7485,16.0,121.0,3.9672226905822754,128.46499633789062,13.0
7486,25.0,219.0,6.643656253814697,317.0199890136719,22.0
7487,27.0,259.0,7.744473934173584,369.8299865722656,24.0
7488,26.0,225.0,6.652430057525635,342.9949951171875,23.0
7489,22.0,159.0,4.94954252243042,245.30499267578125,19.0
7490,26.0,198.0,6.192956924438477,343.1300048828125,23.0
7491,22.0,156.0,4.4965009689331055,245.32000732421875,19.0
7492,5.0,22.0,0.5996671319007874,7.90500020980835,2.0
7493,33.0,310.0,9.333362579345703,552.60498046875,30.0
7494,5.0,22.0,0.6461114883422852,7.90500020980835,2.0
7495,24.0,232.0,6.740771770477295,291.95001220703125,21.0
7496,19.0,117.0,3.3454601764678955,182.5,16.0
7497,18.0,152.0,4.440256118774414,163.32000732421875,15.0
7498,31.0,298.0,8.6165132522583,487.6549987792969,28.0
7499,17.0,105.0,3.2074663639068604,145.5500030517578,14.0
7500,22.0,208.0,6.371337890625,245.05999755859375,19.0
7501,5.0,14.0,0.3990973234176636,7.945000171661377,2.0
7502,14.0,96.0,2.8704657554626465,97.58000183105469,11.0
7503,11.0,64.0,1.9849371910095215,58.724998474121094,8.0
7504,25.0,171.0,5.090902328491211,317.260009765625,22.0
7505,14.0,122.0,3.7936558723449707,97.44999694824219,11.0
7506,6.0,28.0,0.8067140579223633,13.880000114440918,3.0
7507,19.0,122.0,3.708937168121338,182.47500610351562,16.0
7508,32.0,341.0,9.997406959533691,519.4450073242188,29.0
7509,16.0,83.0,2.498671770095825,128.65499877929688,13.0
7510,17.0,140.0,4.32964563369751,145.375,14.0
7511,15.0,96.0,2.905217170715332,112.58499908447266,12.0
7512,25.0,191.0,5.811495780944824,317.1600036621094,22.0
7513,27.0,247.0,7.63255500793457,369.8900146484375,24.0
7514,23.0,203.0,5.918604373931885,268.0899963378906,20.0
7515,20.0,151.0,4.537314414978027,202.3350067138672,17.0
7516,10.0,60.0,1.943652629852295,47.7400016784668,7.0
7517,18.0,134.0,3.970174551010132,163.41000366210938,15.0
7518,18.0,141.0,4.525040626525879,163.375,15.0
7519,5.0,21.0,0.5821065306663513,7.909999847412109,2.0
7520,22.0,166.0,4.828566551208496,245.27000427246094,19.0
7521,27.0,206.0,6.279180526733398,370.0950012207031,24.0
7522,5.0,41.0,1.2427587509155273,7.809999942779541,2.0
7523,11.0,57.0,1.8206310272216797,58.7599983215332,8.0
7524,14.0,106.0,3.2276501655578613,97.52999877929688,11.0
7525,28.0,242.0,7.363842487335205,397.9200134277344,25.0
7526,13.0,64.0,2.0743980407714844,83.73500061035156,10.0
7527,19.0,180.0,5.196252822875977,182.18499755859375,16.0
7528,15.0,68.0,2.0175042152404785,112.7249984741211,12.0
7529,16.0,153.0,4.688416004180908,128.30499267578125,13.0
7530,23.0,182.0,5.508792400360107,268.19500732421875,20.0
7531,26.0,279.0,8.673213005065918,342.7250061035156,23.0
7532,22.0,168.0,5.286736965179443,245.25999450683594,19.0
7533,13.0,85.0,2.7506656646728516,83.62999725341797,10.0
7534,17.0,107.0,3.447777271270752,145.5399932861328,14.0
7535,29.0,310.0,9.680240631103516,426.5849914550781,26.0
7536,17.0,130.0,3.7195091247558594,145.4250030517578,14.0
7537,5.0,30.0,0.8636676073074341,7.864999771118164,2.0
7538,26.0,255.0,7.553510665893555,342.8450012207031,23.0
7539,19.0,132.0,4.025351047515869,182.4250030517578,16.0
7540,23.0,218.0,6.4735846519470215,268.0150146484375,20.0
7541,10.0,65.0,2.031036138534546,47.71500015258789,7.0
7542,15.0,83.0,2.4832093715667725,112.6500015258789,12.0
7543,15.0,96.0,2.8274142742156982,112.58499908447266,12.0
7544,24.0,180.0,5.349737644195557,292.2099914550781,21.0
7545,15.0,88.0,2.6839394569396973,112.625,12.0
7546,15.0,90.0,2.9174880981445312,112.61499786376953,12.0
7547,28.0,268.0,7.7919182777404785,397.7900085449219,25.0
7548,7.0,27.0,0.8227846026420593,20.889999389648438,4.0
7549,14.0,90.0,2.5766141414642334,97.61000061035156,11.0
7550,30.0,182.0,5.5900702476501465,457.2300109863281,27.0
7551,16.0,124.0,3.882265329360962,128.4499969482422,13.0
7552,22.0,229.0,7.197164535522461,244.9550018310547,19.0
7553,32.0,253.0,7.740116596221924,519.885009765625,29.0
7554,23.0,202.0,6.297481536865234,268.0950012207031,20.0
7555,23.0,194.0,5.753439903259277,268.135009765625,20.0
7556,4.0,7.0,0.21482709050178528,2.9749999046325684,1.0
7557,15.0,99.0,2.964512348175049,112.56999969482422,12.0
7558,21.0,184.0,5.740297794342041,223.1750030517578,18.0
7559,9.0,44.0,1.3538612127304077,37.814998626708984,6.0
7560,32.0,405.0,12.191157341003418,519.125,29.0
7561,23.0,137.0,3.953399181365967,268.4200134277344,20.0
7562,27.0,251.0,7.4270100593566895,369.8699951171875,24.0
7563,9.0,66.0,2.066822052001953,37.70500183105469,6.0
7564,20.0,165.0,4.893983840942383,202.26499938964844,17.0
7565,11.0,75.0,2.289943218231201,58.66999816894531,8.0
7566,21.0,174.0,5.435227394104004,223.22500610351562,18.0
7567,26.0,235.0,7.033941268920898,342.94500732421875,23.0
7568,25.0,192.0,6.07960319519043,317.1549987792969,22.0
7569,18.0,151.0,4.3901896476745605,163.3249969482422,15.0
7570,19.0,131.0,3.8431310653686523,182.42999267578125,16.0
7571,20.0,141.0,4.279498100280762,202.38499450683594,17.0
7572,27.0,235.0,7.068564414978027,369.95001220703125,24.0
7573,16.0,130.0,3.8913302421569824,128.4199981689453,13.0
7574,13.0,65.0,2.001786470413208,83.7300033569336,10.0
7575,22.0,209.0,6.037343978881836,245.05499267578125,19.0
7576,7.0,25.0,0.9019738435745239,20.899999618530273,4.0
7577,27.0,223.0,6.893965244293213,370.010009765625,24.0
7578,10.0,38.0,1.185886025428772,47.849998474121094,7.0
7579,18.0,163.0,4.962561130523682,163.26499938964844,15.0
7580,8.0,42.0,1.3755385875701904,28.81999969482422,5.0
7581,8.0,38.0,1.1028064489364624,28.84000015258789,5.0
7582,17.0,113.0,3.243663787841797,145.50999450683594,14.0
7583,18.0,169.0,5.06265926361084,163.23500061035156,15.0
7584,17.0,103.0,3.001612663269043,145.55999755859375,14.0
7585,26.0,169.0,5.146996021270752,343.2749938964844,23.0
7586,28.0,253.0,7.573220729827881,397.864990234375,25.0
7587,26.0,202.0,6.557565212249756,343.1099853515625,23.0
7588,18.0,144.0,4.440963268280029,163.36000061035156,15.0
7589,29.0,241.0,7.325096607208252,426.92999267578125,26.0
7590,6.0,26.0,0.8059496283531189,13.890000343322754,3.0
7591,21.0,149.0,4.416286945343018,223.35000610351562,18.0
7592,13.0,93.0,2.843618869781494,83.58999633789062,10.0
7593,7.0,39.0,1.22623872756958,20.829999923706055,4.0
7594,22.0,150.0,4.689220905303955,245.35000610351562,19.0
7595,20.0,157.0,4.818680286407471,202.30499267578125,17.0
7596,19.0,160.0,4.819904327392578,182.28500366210938,16.0
7597,15.0,114.0,3.4436373710632324,112.49500274658203,12.0
7598,24.0,186.0,5.683056831359863,292.17999267578125,21.0
7599,4.0,10.0,0.2806260883808136,2.9600000381469727,1.0
7600,16.0,102.0,3.2105565071105957,128.55999755859375,13.0
7601,22.0,164.0,5.033055782318115,245.27999877929688,19.0
7602,20.0,149.0,4.40244197845459,202.34500122070312,17.0
7603,20.0,135.0,3.9805073738098145,202.4149932861328,17.0
7604,31.0,283.0,8.341530799865723,487.7300109863281,28.0
7605,22.0,219.0,6.864011287689209,245.0050048828125,19.0
7606,25.0,204.0,6.29971981048584,317.0950012207031,22.0
7607,24.0,190.0,5.880100250244141,292.1600036621094,21.0
7608,15.0,93.0,2.8200881481170654,112.5999984741211,12.0
7609,25.0,227.0,7.120662212371826,316.9800109863281,22.0
7610,19.0,113.0,3.592752456665039,182.52000427246094,16.0
7611,25.0,249.0,7.131465435028076,316.8699951171875,22.0
7612,23.0,170.0,5.153133869171143,268.2550048828125,20.0
7613,18.0,180.0,5.213209629058838,163.17999267578125,15.0
7614,23.0,216.0,6.515716075897217,268.0249938964844,20.0
7615,15.0,128.0,3.8399429321289062,112.42500305175781,12.0
7616,16.0,124.0,3.765348434448242,128.4499969482422,13.0
7617,22.0,174.0,5.273618221282959,245.22999572753906,19.0
7618,24.0,230.0,7.292820453643799,291.9599914550781,21.0
7619,16.0,112.0,3.340813398361206,128.50999450683594,13.0
7620,13.0,81.0,2.546147108078003,83.6500015258789,10.0
7621,15.0,73.0,2.0740132331848145,112.69999694824219,12.0
7622,25.0,201.0,6.17811918258667,317.1099853515625,22.0
7623,29.0,205.0,6.261159896850586,427.1099853515625,26.0
7624,11.0,74.0,2.286539077758789,58.67499923706055,8.0
7625,8.0,35.0,1.009087324142456,28.854999542236328,5.0
7626,14.0,97.0,2.937906503677368,97.57499694824219,11.0
7627,21.0,200.0,6.1585469245910645,223.09500122070312,18.0
7628,27.0,294.0,8.597249984741211,369.6549987792969,24.0
7629,18.0,159.0,4.456597805023193,163.28500366210938,15.0
7630,24.0,189.0,5.787620544433594,292.1650085449219,21.0
7631,9.0,37.0,1.1481125354766846,37.849998474121094,6.0
7632,19.0,151.0,4.476229190826416,182.3300018310547,16.0
7633,11.0,78.0,2.487675666809082,58.654998779296875,8.0
7634,17.0,116.0,3.6079094409942627,145.4949951171875,14.0
7635,25.0,211.0,6.547073841094971,317.05999755859375,22.0
7636,8.0,38.0,1.0130876302719116,28.84000015258789,5.0
7637,15.0,106.0,3.1208200454711914,112.53500366210938,12.0
7638,19.0,162.0,4.8503804206848145,182.27499389648438,16.0
7639,21.0,174.0,5.266687393188477,223.22500610351562,18.0
7640,24.0,178.0,5.50546407699585,292.2200012207031,21.0
7641,20.0,144.0,4.33649206161499,202.3699951171875,17.0
7642,22.0,199.0,5.887119293212891,245.10499572753906,19.0
7643,16.0,150.0,4.600312232971191,128.32000732421875,13.0
7644,21.0,168.0,5.433539390563965,223.2550048828125,18.0
7645,25.0,225.0,7.022601127624512,316.989990234375,22.0
7646,13.0,104.0,3.322572946548462,83.53500366210938,10.0
7647,12.0,56.0,1.62386953830719,70.7699966430664,9.0
7648,14.0,89.0,2.7011964321136475,97.61499786376953,11.0
7649,25.0,162.0,4.942216873168945,317.30499267578125,22.0
7650,17.0,132.0,4.283384323120117,145.4149932861328,14.0
7651,8.0,33.0,1.1804076433181763,28.864999771118164,5.0
7652,18.0,126.0,3.7762207984924316,163.4499969482422,15.0
7653,19.0,147.0,4.4920477867126465,182.35000610351562,16.0
7654,16.0,125.0,3.6960716247558594,128.44500732421875,13.0
7655,15.0,120.0,3.665040969848633,112.46499633789062,12.0
7656,30.0,225.0,7.165658950805664,457.0150146484375,27.0
7657,20.0,147.0,4.670045375823975,202.35499572753906,17.0
7658,3.0,7.0,0.22311390936374664,-1.0299999713897705,0.0
7659,17.0,109.0,3.3646152019500732,145.52999877929688,14.0
7660,13.0,80.0,2.518341302871704,83.65499877929688,10.0
7661,11.0,56.0,1.734567642211914,58.76499938964844,8.0
7662,33.0,315.0,9.621103286743164,552.5800170898438,30.0
7663,23.0,201.0,6.05562162399292,268.1000061035156,20.0
7664,14.0,97.0,2.88398814201355,97.57499694824219,11.0
7665,24.0,172.0,5.180265426635742,292.25,21.0
7666,18.0,97.0,2.926091432571411,163.59500122070312,15.0
7667,36.0,322.0,10.204997062683105,657.5599975585938,33.0
7668,6.0,25.0,0.8761770725250244,13.895000457763672,3.0
7669,14.0,100.0,3.076154947280884,97.55999755859375,11.0
7670,12.0,62.0,1.9484280347824097,70.73999786376953,9.0
7671,10.0,64.0,1.8734385967254639,47.720001220703125,7.0
7672,24.0,166.0,5.283048152923584,292.2799987792969,21.0
7673,18.0,111.0,3.465277910232544,163.52499389648438,15.0
7674,21.0,142.0,4.540489673614502,223.38499450683594,18.0
7675,26.0,218.0,7.031610488891602,343.0299987792969,23.0
7676,23.0,210.0,6.469966411590576,268.05499267578125,20.0
7677,33.0,315.0,10.036487579345703,552.5800170898438,30.0
7678,19.0,173.0,5.210063457489014,182.22000122070312,16.0
7679,7.0,37.0,1.1926531791687012,20.84000015258789,4.0
7680,8.0,40.0,1.0957750082015991,28.829999923706055,5.0
7681,17.0,112.0,3.449256420135498,145.51499938964844,14.0
7682,29.0,262.0,8.1614408493042,426.82501220703125,26.0
7683,20.0,162.0,5.068974494934082,202.27999877929688,17.0
7684,8.0,43.0,1.3501794338226318,28.815000534057617,5.0
7685,27.0,275.0,8.215046882629395,369.75,24.0
7686,16.0,112.0,3.324538469314575,128.50999450683594,13.0
7687,15.0,128.0,4.1767449378967285,112.42500305175781,12.0
7688,21.0,165.0,5.429440975189209,223.27000427246094,18.0
7689,12.0,96.0,2.8468823432922363,70.56999969482422,9.0
7690,23.0,210.0,6.937374591827393,268.05499267578125,20.0
7691,17.0,162.0,5.063088893890381,145.26499938964844,14.0
7692,6.0,27.0,0.8429610133171082,13.885000228881836,3.0
7693,25.0,223.0,6.66112756729126,317.0,22.0
7694,12.0,78.0,2.408945083618164,70.66000366210938,9.0
7695,27.0,219.0,6.6784820556640625,370.0299987792969,24.0
7696,24.0,194.0,5.850062847137451,292.1400146484375,21.0
7697,19.0,149.0,4.462728500366211,182.33999633789062,16.0
7698,17.0,108.0,3.2161452770233154,145.53500366210938,14.0
7699,21.0,149.0,4.606911659240723,223.35000610351562,18.0
7700,28.0,236.0,7.4163055419921875,397.95001220703125,25.0
7701,16.0,111.0,3.3320353031158447,128.51499938964844,13.0
7702,16.0,100.0,3.069059371948242,128.57000732421875,13.0
7703,14.0,99.0,2.9964182376861572,97.56500244140625,11.0
7704,28.0,231.0,7.552881717681885,397.9750061035156,25.0
7705,4.0,5.0,0.2003679871559143,2.984999895095825,1.0
7706,7.0,43.0,1.3523770570755005,20.809999465942383,4.0
7707,21.0,187.0,5.662646293640137,223.16000366210938,18.0
7708,24.0,211.0,6.449615478515625,292.05499267578125,21.0
7709,8.0,46.0,1.3846749067306519,28.799999237060547,5.0
7710,16.0,95.0,2.854228973388672,128.59500122070312,13.0
7711,20.0,120.0,3.760363817214966,202.49000549316406,17.0
7712,19.0,131.0,3.938492774963379,182.42999267578125,16.0
7713,23.0,148.0,4.6005778312683105,268.364990234375,20.0
7714,23.0,148.0,4.65385627746582,268.364990234375,20.0
7715,5.0,11.0,0.39153507351875305,7.960000038146973,2.0
7716,19.0,162.0,5.302402019500732,182.27499389648438,16.0
7717,12.0,99.0,3.1655519008636475,70.55500030517578,9.0
7718,24.0,271.0,8.289074897766113,291.7550048828125,21.0
7719,25.0,214.0,6.83172607421875,317.0450134277344,22.0
7720,30.0,204.0,6.4963250160217285,457.1199951171875,27.0
7721,31.0,294.0,9.142136573791504,487.67498779296875,28.0
7722,20.0,155.0,4.962040901184082,202.31500244140625,17.0
7723,8.0,56.0,1.716465711593628,28.75,5.0
7724,23.0,171.0,5.110039234161377,268.25,20.0
7725,17.0,111.0,3.445241689682007,145.52000427246094,14.0
7726,7.0,40.0,1.2977098226547241,20.825000762939453,4.0
7727,10.0,62.0,1.9601197242736816,47.72999954223633,7.0
7728,27.0,267.0,7.966244220733643,369.7900085449219,24.0
7729,14.0,89.0,2.7535417079925537,97.61499786376953,11.0
7730,24.0,169.0,5.276630401611328,292.2650146484375,21.0
7731,11.0,59.0,1.836438775062561,58.75,8.0
7732,23.0,224.0,6.709740161895752,267.9849853515625,20.0
7733,7.0,34.0,0.994229793548584,20.854999542236328,4.0
7734,21.0,167.0,5.209643840789795,223.25999450683594,18.0
7735,15.0,96.0,2.9017117023468018,112.58499908447266,12.0
7736,21.0,143.0,4.680859565734863,223.3800048828125,18.0
7737,19.0,145.0,4.4103474617004395,182.36000061035156,16.0
7738,15.0,80.0,2.367799997329712,112.66500091552734,12.0
7739,24.0,312.0,9.479867935180664,291.54998779296875,21.0
7740,20.0,173.0,5.395741939544678,202.22500610351562,17.0
7741,15.0,111.0,3.4493093490600586,112.51000213623047,12.0
7742,16.0,118.0,3.6598784923553467,128.47999572753906,13.0
7743,17.0,116.0,3.479292154312134,145.4949951171875,14.0
7744,22.0,160.0,5.3870530128479,245.3000030517578,19.0
7745,28.0,235.0,7.430994987487793,397.9549865722656,25.0
7746,12.0,71.0,2.341351270675659,70.69499969482422,9.0
7747,15.0,105.0,3.143800973892212,112.54000091552734,12.0
7748,19.0,126.0,3.915830135345459,182.4550018310547,16.0
7749,15.0,136.0,4.3529276847839355,112.38500213623047,12.0
7750,20.0,138.0,4.629551410675049,202.39999389648438,17.0
7751,22.0,211.0,6.6755595207214355,245.0449981689453,19.0
7752,20.0,129.0,4.011390209197998,202.44500732421875,17.0
7753,4.0,6.0,0.2039206475019455,2.9800000190734863,1.0
7754,17.0,113.0,3.6354517936706543,145.50999450683594,14.0
7755,27.0,238.0,7.416406631469727,369.93499755859375,24.0
7756,19.0,147.0,4.512395858764648,182.35000610351562,16.0
7757,32.0,319.0,9.812108039855957,519.5549926757812,29.0
7758,18.0,115.0,3.55440092086792,163.5050048828125,15.0
7759,13.0,76.0,2.2233433723449707,83.67500305175781,10.0
7760,27.0,232.0,7.0065765380859375,369.9649963378906,24.0
7761,31.0,297.0,9.049701690673828,487.6600036621094,28.0
7762,11.0,57.0,1.6478739976882935,58.7599983215332,8.0
7763,23.0,191.0,6.000408172607422,268.1499938964844,20.0
7764,31.0,264.0,8.071430206298828,487.82501220703125,28.0
7765,10.0,56.0,1.706117868423462,47.7599983215332,7.0
7766,21.0,188.0,5.702366352081299,223.15499877929688,18.0
7767,17.0,102.0,3.1290857791900635,145.56500244140625,14.0
7768,21.0,168.0,5.1522040367126465,223.2550048828125,18.0
7769,17.0,112.0,3.442051410675049,145.51499938964844,14.0
7770,21.0,119.0,3.508206367492676,223.5,18.0
7771,21.0,168.0,4.950016975402832,223.2550048828125,18.0
7772,29.0,259.0,8.158951759338379,426.8399963378906,26.0
7773,19.0,143.0,4.612313270568848,182.3699951171875,16.0
7774,23.0,201.0,6.53873872756958,268.1000061035156,20.0
7775,9.0,50.0,1.4605727195739746,37.78499984741211,6.0
7776,5.0,16.0,0.5669530630111694,7.934999942779541,2.0
7777,18.0,142.0,4.719181537628174,163.3699951171875,15.0
7778,9.0,57.0,1.6696784496307373,37.75,6.0
7779,26.0,205.0,6.522010326385498,343.0950012207031,23.0
7780,14.0,95.0,2.9852166175842285,97.58499908447266,11.0
7781,13.0,112.0,3.441800355911255,83.49500274658203,10.0
7782,13.0,101.0,3.064617156982422,83.55000305175781,10.0
7783,6.0,18.0,0.5786510705947876,13.930000305175781,3.0
7784,25.0,205.0,6.524656295776367,317.0899963378906,22.0
7785,13.0,91.0,2.5213966369628906,83.5999984741211,10.0
7786,12.0,68.0,2.0551912784576416,70.70999908447266,9.0
7787,20.0,168.0,5.507476329803467,202.25,17.0
7788,4.0,19.0,0.6259146332740784,2.9149999618530273,1.0
7789,12.0,83.0,2.564138650894165,70.63500213623047,9.0
7790,14.0,106.0,3.298621892929077,97.52999877929688,11.0
7791,19.0,163.0,5.112118721008301,182.27000427246094,16.0
7792,27.0,216.0,6.615199089050293,370.0450134277344,24.0
7793,6.0,29.0,0.7926754951477051,13.875,3.0
7794,4.0,17.0,0.4858352243900299,2.924999952316284,1.0
7795,23.0,186.0,5.750072479248047,268.17498779296875,20.0
7796,16.0,105.0,3.2962727546691895,128.5449981689453,13.0
7797,9.0,56.0,1.6199924945831299,37.755001068115234,6.0
7798,41.0,386.0,12.06017780303955,852.2650146484375,38.0
7799,25.0,201.0,6.168513774871826,317.1099853515625,22.0
7800,24.0,157.0,5.131877422332764,292.32501220703125,21.0
7801,18.0,145.0,4.313066482543945,163.35499572753906,15.0
7802,25.0,241.0,7.491514205932617,316.9100036621094,22.0
7803,20.0,132.0,4.1989216804504395,202.42999267578125,17.0
7804,27.0,248.0,7.32330322265625,369.885009765625,24.0
7805,24.0,203.0,5.915887832641602,292.0950012207031,21.0
7806,23.0,199.0,6.37994384765625,268.1099853515625,20.0
7807,35.0,318.0,10.050559997558594,621.5750122070312,32.0
7808,12.0,74.0,2.38688588142395,70.68000030517578,9.0
7809,33.0,266.0,8.194073677062988,552.8250122070312,30.0
7810,6.0,25.0,0.7379014492034912,13.895000457763672,3.0
7811,8.0,36.0,1.1254899501800537,28.850000381469727,5.0
7812,18.0,128.0,3.76120662689209,163.44000244140625,15.0
7813,26.0,222.0,6.943453311920166,343.010009765625,23.0
7814,29.0,250.0,8.013205528259277,426.885009765625,26.0
7815,23.0,198.0,5.967519760131836,268.114990234375,20.0
7816,27.0,211.0,6.421219348907471,370.07000732421875,24.0
7817,31.0,374.0,11.481101989746094,487.2749938964844,28.0
7818,9.0,58.0,1.7866615056991577,37.744998931884766,6.0
7819,22.0,174.0,5.663974761962891,245.22999572753906,19.0
7820,15.0,116.0,3.637707471847534,112.48500061035156,12.0
7821,14.0,91.0,2.8446474075317383,97.6050033569336,11.0
7822,17.0,127.0,4.214823246002197,145.44000244140625,14.0
7823,31.0,284.0,9.110219955444336,487.7250061035156,28.0
7824,6.0,21.0,0.6601146459579468,13.914999961853027,3.0
7825,28.0,219.0,6.604374885559082,398.0350036621094,25.0
7826,30.0,255.0,8.090439796447754,456.864990234375,27.0
7827,28.0,294.0,9.483193397521973,397.6600036621094,25.0
7828,4.0,7.0,0.18463023006916046,2.9749999046325684,1.0
7829,22.0,202.0,6.129890441894531,245.08999633789062,19.0
7830,23.0,164.0,4.9701008796691895,268.2850036621094,20.0
7831,32.0,274.0,8.853372573852539,519.780029296875,29.0
7832,23.0,168.0,5.632255554199219,268.2650146484375,20.0
7833,23.0,204.0,6.527973175048828,268.0849914550781,20.0
7834,15.0,104.0,3.2414803504943848,112.54499816894531,12.0
7835,14.0,116.0,3.6878747940063477,97.4800033569336,11.0
7836,22.0,156.0,4.794768333435059,245.32000732421875,19.0
7837,21.0,151.0,4.808640003204346,223.33999633789062,18.0
7838,17.0,125.0,4.028433322906494,145.4499969482422,14.0
7839,33.0,326.0,10.045080184936523,552.5250244140625,30.0
7840,5.0,23.0,0.7049885392189026,7.900000095367432,2.0
7841,28.0,209.0,6.533969879150391,398.0849914550781,25.0
7842,20.0,156.0,5.059359550476074,202.30999755859375,17.0
7843,13.0,80.0,2.4836082458496094,83.65499877929688,10.0
7844,7.0,30.0,0.924257755279541,20.875,4.0
7845,20.0,137.0,4.570777893066406,202.40499877929688,17.0
7846,12.0,76.0,2.552568197250366,70.66999816894531,9.0
7847,25.0,200.0,6.6324567794799805,317.114990234375,22.0
7848,8.0,33.0,0.9811252951622009,28.864999771118164,5.0
7849,23.0,190.0,5.868265151977539,268.1549987792969,20.0
7850,27.0,226.0,6.945246696472168,369.9949951171875,24.0
7851,14.0,84.0,2.6793606281280518,97.63999938964844,11.0
7852,18.0,121.0,3.5684211254119873,163.47500610351562,15.0
7853,13.0,93.0,2.9169504642486572,83.58999633789062,10.0
7854,10.0,56.0,1.6837180852890015,47.7599983215332,7.0
7855,15.0,90.0,2.8682994842529297,112.61499786376953,12.0
7856,22.0,205.0,6.671165466308594,245.0749969482422,19.0
7857,14.0,99.0,3.1674017906188965,97.56500244140625,11.0
7858,9.0,51.0,1.4900745153427124,37.779998779296875,6.0
7859,11.0,67.0,2.0421628952026367,58.709999084472656,8.0
7860,22.0,185.0,5.690001487731934,245.1750030517578,19.0
7861,17.0,121.0,3.9198224544525146,145.47000122070312,14.0
7862,23.0,189.0,5.816349029541016,268.1600036621094,20.0
7863,8.0,40.0,1.1405682563781738,28.829999923706055,5.0
7864,11.0,70.0,2.131117105484009,58.69499969482422,8.0
7865,16.0,112.0,3.437666654586792,128.50999450683594,13.0
7866,25.0,204.0,6.687849044799805,317.0950012207031,22.0
7867,13.0,98.0,3.006826400756836,83.56500244140625,10.0
7868,24.0,194.0,6.025584697723389,292.1400146484375,21.0
7869,22.0,202.0,6.502138137817383,245.08999633789062,19.0
7870,14.0,93.0,2.953484296798706,97.59500122070312,11.0
7871,13.0,77.0,2.5279593467712402,83.66999816894531,10.0
7872,14.0,108.0,3.630345344543457,97.5199966430664,11.0
7873,25.0,182.0,5.692962169647217,317.2049865722656,22.0
7874,20.0,195.0,5.78779935836792,202.11500549316406,17.0
7875,7.0,21.0,0.5863052606582642,20.920000076293945,4.0
7876,6.0,19.0,0.5857733488082886,13.925000190734863,3.0
7877,21.0,165.0,5.022197246551514,223.27000427246094,18.0
7878,36.0,316.0,9.556927680969238,657.5900268554688,33.0
7879,6.0,23.0,0.6398364305496216,13.904999732971191,3.0
7880,17.0,110.0,3.4305591583251953,145.52499389648438,14.0
7881,13.0,86.0,2.436049699783325,83.625,10.0
7882,33.0,254.0,7.929076671600342,552.885009765625,30.0
7883,8.0,42.0,1.425612449645996,28.81999969482422,5.0
7884,26.0,201.0,6.047388076782227,343.114990234375,23.0
7885,17.0,105.0,3.146305561065674,145.5500030517578,14.0
7886,21.0,184.0,5.944574356079102,223.1750030517578,18.0
7887,11.0,71.0,2.160951614379883,58.689998626708984,8.0
7888,18.0,107.0,3.4514217376708984,163.5449981689453,15.0
7889,10.0,42.0,1.233278512954712,47.83000183105469,7.0
7890,17.0,173.0,5.129639625549316,145.2100067138672,14.0
7891,11.0,50.0,1.503533959388733,58.79499816894531,8.0
7892,30.0,297.0,9.242918968200684,456.6549987792969,27.0
7893,15.0,100.0,2.962953567504883,112.56500244140625,12.0
7894,15.0,88.0,2.7494215965270996,112.625,12.0
7895,23.0,250.0,7.675591945648193,267.8550109863281,20.0
7896,13.0,95.0,3.0873947143554688,83.58000183105469,10.0
7897,35.0,374.0,11.51377010345459,621.2949829101562,32.0
7898,7.0,35.0,1.0362343788146973,20.850000381469727,4.0
7899,39.0,327.0,10.127046585083008,771.5499877929688,36.0
7900,34.0,319.0,10.035271644592285,586.5650024414062,31.0
7901,28.0,197.0,6.565624713897705,398.1449890136719,25.0
7902,32.0,275.0,8.673336029052734,519.7750244140625,29.0
7903,35.0,304.0,9.64976692199707,621.64501953125,32.0
7904,27.0,198.0,6.204131126403809,370.135009765625,24.0
7905,25.0,153.0,5.072258949279785,317.3500061035156,22.0
7906,22.0,189.0,6.120095252990723,245.15499877929688,19.0
7907,12.0,72.0,2.332242488861084,70.69000244140625,9.0
7908,15.0,112.0,3.6933209896087646,112.50499725341797,12.0
7909,15.0,111.0,3.611926317214966,112.51000213623047,12.0
7910,20.0,209.0,6.565310955047607,202.0449981689453,17.0
7911,19.0,160.0,5.3823137283325195,182.28500366210938,16.0
7912,18.0,148.0,4.621209144592285,163.33999633789062,15.0
7913,20.0,191.0,5.8963117599487305,202.13499450683594,17.0
7914,16.0,135.0,4.192087650299072,128.39500427246094,13.0
7915,19.0,152.0,4.929079532623291,182.3249969482422,16.0
7916,13.0,98.0,3.2808830738067627,83.56500244140625,10.0
7917,24.0,182.0,5.84660530090332,292.20001220703125,21.0
7918,28.0,226.0,7.269472122192383,398.0,25.0
7919,23.0,171.0,5.536920547485352,268.25,20.0
7920,13.0,81.0,2.454271078109741,83.6500015258789,10.0
7921,17.0,158.0,5.11454439163208,145.28500366210938,14.0
7922,11.0,46.0,1.4371411800384521,58.814998626708984,8.0
7923,32.0,401.0,12.431865692138672,519.14501953125,29.0
7924,26.0,234.0,7.551487445831299,342.95001220703125,23.0
7925,8.0,43.0,1.3173463344573975,28.815000534057617,5.0
7926,19.0,180.0,6.015630722045898,182.18499755859375,16.0
7927,13.0,87.0,2.6514663696289062,83.62000274658203,10.0
7928,20.0,142.0,4.622503280639648,202.3800048828125,17.0
7929,14.0,85.0,2.6827456951141357,97.63500213623047,11.0
7930,23.0,183.0,5.359945774078369,268.19000244140625,20.0
7931,22.0,202.0,6.004324913024902,245.08999633789062,19.0
7932,9.0,42.0,1.3379108905792236,37.82500076293945,6.0
7933,8.0,55.0,1.6724555492401123,28.7549991607666,5.0
7934,16.0,119.0,3.9021830558776855,128.47500610351562,13.0
7935,21.0,162.0,4.924569129943848,223.28500366210938,18.0
7936,20.0,121.0,3.7312171459198,202.48500061035156,17.0
7937,20.0,187.0,5.815968036651611,202.15499877929688,17.0
7938,7.0,36.0,1.2259284257888794,20.844999313354492,4.0
7939,22.0,192.0,6.270814418792725,245.13999938964844,19.0
7940,16.0,98.0,3.1041414737701416,128.5800018310547,13.0
7941,17.0,129.0,4.153270244598389,145.42999267578125,14.0
7942,18.0,136.0,4.232415199279785,163.39999389648438,15.0
7943,26.0,269.0,8.52316665649414,342.7749938964844,23.0
7944,25.0,228.0,7.477108001708984,316.9750061035156,22.0
7945,24.0,226.0,7.099160194396973,291.9800109863281,21.0
7946,5.0,28.0,0.9424471855163574,7.875,2.0
7947,13.0,83.0,2.579925775527954,83.63999938964844,10.0
7948,21.0,147.0,4.384021759033203,223.36000061035156,18.0
7949,30.0,274.0,8.560296058654785,456.7699890136719,27.0
7950,15.0,111.0,3.5088565349578857,112.51000213623047,12.0
7951,9.0,33.0,1.1501847505569458,37.869998931884766,6.0
7952,24.0,222.0,6.952600955963135,292.0,21.0
7953,18.0,118.0,3.6031975746154785,163.49000549316406,15.0
7954,17.0,121.0,3.9428648948669434,145.47000122070312,14.0
7955,14.0,80.0,2.463294506072998,97.66000366210938,11.0
7956,23.0,150.0,4.763882160186768,268.3550109863281,20.0
7957,10.0,38.0,1.1996768712997437,47.849998474121094,7.0
7958,16.0,135.0,4.227754592895508,128.39500427246094,13.0
7959,7.0,25.0,0.7612565755844116,20.899999618530273,4.0
7960,28.0,255.0,7.925199031829834,397.8550109863281,25.0
7961,18.0,163.0,5.200146675109863,163.26499938964844,15.0
7962,25.0,169.0,5.476158618927002,317.2699890136719,22.0
7963,8.0,37.0,1.0957272052764893,28.844999313354492,5.0
7964,21.0,135.0,4.032560348510742,223.4199981689453,18.0
7965,26.0,164.0,5.015296459197998,343.29998779296875,23.0
7966,40.0,368.0,11.033424377441406,811.3499755859375,37.0
7967,11.0,69.0,2.085204601287842,58.70000076293945,8.0
7968,22.0,174.0,5.635787010192871,245.22999572753906,19.0
7969,17.0,122.0,3.611612319946289,145.46499633789062,14.0
7970,14.0,96.0,3.0542073249816895,97.58000183105469,11.0
7971,13.0,84.0,2.671888828277588,83.63500213623047,10.0
7972,19.0,194.0,5.99898099899292,182.11500549316406,16.0
7973,16.0,106.0,3.125868558883667,128.5399932861328,13.0
7974,22.0,171.0,5.337968349456787,245.2449951171875,19.0
7975,30.0,249.0,7.7218403816223145,456.8949890136719,27.0
7976,14.0,89.0,2.705458879470825,97.61499786376953,11.0
7977,19.0,132.0,3.9204046726226807,182.4250030517578,16.0
7978,12.0,100.0,3.271282434463501,70.55000305175781,9.0
7979,16.0,120.0,3.9495608806610107,128.47000122070312,13.0
7980,27.0,228.0,7.5151543617248535,369.9849853515625,24.0
7981,26.0,188.0,5.621004581451416,343.17999267578125,23.0
7982,15.0,115.0,3.8739013671875,112.48999786376953,12.0
7983,27.0,234.0,7.0156965255737305,369.9549865722656,24.0
7984,14.0,81.0,2.7697644233703613,97.65499877929688,11.0
7985,12.0,89.0,2.6507198810577393,70.6050033569336,9.0
7986,4.0,7.0,0.19816391170024872,2.9749999046325684,1.0
7987,13.0,86.0,2.516010046005249,83.625,10.0
7988,25.0,226.0,7.089980602264404,316.9849853515625,22.0
7989,27.0,233.0,7.2646026611328125,369.9599914550781,24.0
7990,19.0,136.0,4.5273942947387695,182.40499877929688,16.0
7991,20.0,160.0,4.939737796783447,202.2899932861328,17.0
7992,15.0,83.0,2.4295833110809326,112.6500015258789,12.0
7993,8.0,37.0,1.1711664199829102,28.844999313354492,5.0
7994,22.0,234.0,7.210800647735596,244.92999267578125,19.0
7995,28.0,219.0,6.665113925933838,398.0350036621094,25.0
7996,22.0,172.0,5.089160442352295,245.24000549316406,19.0
7997,24.0,142.0,4.2996697425842285,292.3999938964844,21.0
7998,34.0,294.0,9.373322486877441,586.6900024414062,31.0
7999,11.0,73.0,2.1806392669677734,58.68000030517578,8.0
8000,25.0,219.0,6.81581974029541,317.0199890136719,22.0
8001,19.0,133.0,4.057834625244141,182.4199981689453,16.0
8002,26.0,224.0,7.08820915222168,343.0,23.0
8003,16.0,102.0,3.3534886837005615,128.55999755859375,13.0
8004,10.0,43.0,1.3779770135879517,47.82500076293945,7.0
8005,16.0,132.0,3.957582712173462,128.41000366210938,13.0
8006,19.0,144.0,4.727541923522949,182.36500549316406,16.0
8007,12.0,58.0,1.8890838623046875,70.76000213623047,9.0
8008,25.0,218.0,6.847519874572754,317.0249938964844,22.0
8009,14.0,111.0,3.368957757949829,97.50499725341797,11.0
8010,18.0,140.0,4.357951641082764,163.3800048828125,15.0
8011,14.0,116.0,3.937999963760376,97.4800033569336,11.0
8012,10.0,62.0,1.928725242614746,47.72999954223633,7.0
8013,23.0,257.0,8.101693153381348,267.82000732421875,20.0
8014,22.0,171.0,5.301677703857422,245.2449951171875,19.0
8015,10.0,41.0,1.2712695598602295,47.834999084472656,7.0
8016,16.0,117.0,3.7796471118927,128.48500061035156,13.0
8017,22.0,137.0,4.224700927734375,245.4149932861328,19.0
8018,20.0,177.0,5.47377347946167,202.2050018310547,17.0
8019,14.0,88.0,2.8014750480651855,97.62000274658203,11.0
8020,32.0,296.0,9.106698036193848,519.6699829101562,29.0
8021,23.0,195.0,5.91591215133667,268.1300048828125,20.0
8022,25.0,197.0,6.5879669189453125,317.1300048828125,22.0
8023,21.0,162.0,5.212089538574219,223.28500366210938,18.0
8024,12.0,93.0,3.0355162620544434,70.58499908447266,9.0
8025,13.0,93.0,2.921982526779175,83.58999633789062,10.0
8026,12.0,73.0,2.266181707382202,70.68499755859375,9.0
8027,6.0,20.0,0.6749588251113892,13.920000076293945,3.0
8028,25.0,245.0,7.63382625579834,316.8900146484375,22.0
8029,13.0,86.0,2.850667715072632,83.625,10.0
8030,23.0,198.0,6.605851173400879,268.114990234375,20.0
8031,13.0,109.0,3.4628472328186035,83.51000213623047,10.0
8032,24.0,171.0,5.528874397277832,292.2550048828125,21.0
8033,31.0,249.0,7.983506679534912,487.8999938964844,28.0
8034,20.0,136.0,4.201157093048096,202.41000366210938,17.0
8035,32.0,338.0,10.980403900146484,519.4600219726562,29.0
8036,22.0,206.0,6.575549125671387,245.07000732421875,19.0
8037,13.0,87.0,2.8277204036712646,83.62000274658203,10.0
8038,9.0,43.0,1.4158152341842651,37.81999969482422,6.0
8039,17.0,118.0,3.678295612335205,145.48500061035156,14.0
8040,20.0,114.0,3.4008710384368896,202.52000427246094,17.0
8041,12.0,98.0,3.2242186069488525,70.55999755859375,9.0
8042,13.0,76.0,2.449903726577759,83.67500305175781,10.0
8043,13.0,75.0,2.2155494689941406,83.68000030517578,10.0
8044,19.0,130.0,3.9708430767059326,182.43499755859375,16.0
8045,26.0,224.0,7.200413703918457,343.0,23.0
8046,15.0,103.0,3.2628417015075684,112.55000305175781,12.0
8047,16.0,117.0,3.6404948234558105,128.48500061035156,13.0
8048,20.0,137.0,4.307712078094482,202.40499877929688,17.0
8049,15.0,91.0,2.7933197021484375,112.61000061035156,12.0
8050,11.0,72.0,3.2463574409484863,58.685001373291016,8.0
8051,17.0,131.0,5.774465560913086,145.4199981689453,14.0
8052,24.0,232.0,7.114576816558838,291.95001220703125,21.0
8053,31.0,294.0,8.988887786865234,487.67498779296875,28.0
8054,16.0,115.0,3.8961124420166016,128.4949951171875,13.0
8055,7.0,36.0,1.172882318496704,20.844999313354492,4.0
8056,17.0,130.0,4.0364532470703125,145.4250030517578,14.0
8057,8.0,50.0,1.5804790258407593,28.780000686645508,5.0
8058,19.0,124.0,3.819765090942383,182.46499633789062,16.0
8059,14.0,95.0,2.983255624771118,97.58499908447266,11.0
8060,4.0,14.0,0.42554032802581787,2.940000057220459,1.0
8061,8.0,35.0,1.042863130569458,28.854999542236328,5.0
8062,26.0,202.0,6.647519588470459,343.1099853515625,23.0
8063,22.0,214.0,6.647912979125977,245.02999877929688,19.0
8064,18.0,148.0,4.902670860290527,163.33999633789062,15.0
8065,11.0,70.0,2.339536666870117,58.69499969482422,8.0
8066,26.0,242.0,7.967146873474121,342.9100036621094,23.0
8067,6.0,41.0,1.350648283958435,13.8149995803833,3.0
8068,33.0,273.0,8.763554573059082,552.7899780273438,30.0
8069,24.0,195.0,6.463191509246826,292.135009765625,21.0
8070,17.0,97.0,3.3654861450195312,145.58999633789062,14.0
8071,28.0,286.0,9.236173629760742,397.70001220703125,25.0
8072,16.0,99.0,3.3269174098968506,128.5749969482422,13.0
8073,23.0,184.0,5.865851402282715,268.18499755859375,20.0
8074,13.0,91.0,2.7971131801605225,83.5999984741211,10.0
8075,7.0,38.0,1.2369117736816406,20.834999084472656,4.0
8076,16.0,108.0,3.5793967247009277,128.52999877929688,13.0
8077,15.0,72.0,2.145498514175415,112.70500183105469,12.0
8078,22.0,186.0,6.116270065307617,245.1699981689453,19.0
8079,30.0,258.0,8.029644012451172,456.8500061035156,27.0
8080,25.0,196.0,6.260261535644531,317.135009765625,22.0
8081,9.0,38.0,1.2446461915969849,37.845001220703125,6.0
8082,13.0,80.0,2.579951286315918,83.65499877929688,10.0
8083,23.0,194.0,6.127228260040283,268.135009765625,20.0
8084,17.0,92.0,2.749985694885254,145.61500549316406,14.0
8085,25.0,217.0,7.0800676345825195,317.0299987792969,22.0
8086,26.0,223.0,6.889985084533691,343.0050048828125,23.0
8087,12.0,63.0,1.9905928373336792,70.73500061035156,9.0
8088,13.0,57.0,1.79787278175354,83.7699966430664,10.0
8089,19.0,133.0,4.284896373748779,182.4199981689453,16.0
8090,18.0,99.0,2.977503538131714,163.5850067138672,15.0
8091,20.0,159.0,5.110599040985107,202.2949981689453,17.0
8092,22.0,193.0,5.930380344390869,245.13499450683594,19.0
8093,26.0,211.0,6.8360514640808105,343.06500244140625,23.0
8094,16.0,120.0,3.9150657653808594,128.47000122070312,13.0
8095,22.0,161.0,4.914642333984375,245.2949981689453,19.0
8096,22.0,139.0,4.312801361083984,245.40499877929688,19.0
8097,10.0,50.0,1.4229981899261475,47.790000915527344,7.0
8098,25.0,228.0,7.312524318695068,316.9750061035156,22.0
8099,25.0,201.0,6.368124008178711,317.1099853515625,22.0
8100,23.0,166.0,5.178466796875,268.2749938964844,20.0
8101,23.0,160.0,5.069420337677002,268.30499267578125,20.0
8102,5.0,11.0,0.3627798557281494,7.960000038146973,2.0
8103,24.0,186.0,6.033438205718994,292.17999267578125,21.0
8104,15.0,119.0,3.6320462226867676,112.47000122070312,12.0
8105,19.0,136.0,4.593705177307129,182.40499877929688,16.0
8106,37.0,355.0,11.71351146697998,694.4000244140625,34.0
8107,18.0,159.0,4.842492580413818,163.28500366210938,15.0
8108,21.0,170.0,5.288352966308594,223.2449951171875,18.0
8109,19.0,155.0,4.820555210113525,182.30999755859375,16.0
8110,26.0,234.0,7.397311210632324,342.95001220703125,23.0
8111,26.0,196.0,6.808900356292725,343.1400146484375,23.0
8112,24.0,209.0,6.665133476257324,292.06500244140625,21.0
8113,12.0,66.0,2.203847885131836,70.72000122070312,9.0
8114,18.0,123.0,3.9605767726898193,163.46499633789062,15.0
8115,27.0,212.0,6.62709903717041,370.06500244140625,24.0
8116,14.0,108.0,3.2713098526000977,97.5199966430664,11.0
8117,24.0,178.0,5.670735836029053,292.2200012207031,21.0
8118,15.0,128.0,3.9052302837371826,112.42500305175781,12.0
8119,18.0,106.0,3.408543109893799,163.5500030517578,15.0
8120,17.0,134.0,4.306645393371582,145.40499877929688,14.0
8121,8.0,44.0,1.4030789136886597,28.809999465942383,5.0
8122,10.0,50.0,1.5416476726531982,47.790000915527344,7.0
8123,12.0,57.0,1.8691303730010986,70.76499938964844,9.0
8124,29.0,180.0,5.676989555358887,427.2349853515625,26.0
8125,14.0,107.0,3.515472888946533,97.5250015258789,11.0
8126,14.0,97.0,3.0558035373687744,97.57499694824219,11.0
8127,23.0,187.0,5.865706443786621,268.1700134277344,20.0
8128,20.0,149.0,4.925755023956299,202.34500122070312,17.0
8129,26.0,237.0,7.464131832122803,342.93499755859375,23.0
8130,21.0,194.0,5.971490383148193,223.125,18.0
8131,27.0,201.0,6.37758207321167,370.1199951171875,24.0
8132,27.0,248.0,7.499490737915039,369.885009765625,24.0
8133,22.0,189.0,5.895020961761475,245.15499877929688,19.0
8134,25.0,214.0,6.816400051116943,317.0450134277344,22.0
8135,15.0,111.0,3.445910692214966,112.51000213623047,12.0
8136,29.0,198.0,6.143967628479004,427.1449890136719,26.0
8137,28.0,218.0,6.936716556549072,398.0400085449219,25.0
8138,28.0,233.0,7.842501640319824,397.9649963378906,25.0
8139,20.0,181.0,5.864997863769531,202.18499755859375,17.0
8140,11.0,87.0,2.7496206760406494,58.61000061035156,8.0
8141,27.0,241.0,7.722326278686523,369.9200134277344,24.0
8142,13.0,83.0,2.829131603240967,83.63999938964844,10.0
8143,18.0,122.0,3.976862907409668,163.47000122070312,15.0
8144,17.0,130.0,4.204751491546631,145.4250030517578,14.0
8145,20.0,160.0,4.881379127502441,202.2899932861328,17.0
8146,28.0,274.0,8.836265563964844,397.760009765625,25.0
8147,10.0,53.0,1.712342381477356,47.775001525878906,7.0
8148,18.0,115.0,3.4586050510406494,163.5050048828125,15.0
8149,11.0,73.0,2.160818576812744,58.68000030517578,8.0
8150,29.0,298.0,9.235640525817871,426.6449890136719,26.0
8151,16.0,105.0,3.2908291816711426,128.5449981689453,13.0
8152,18.0,145.0,4.72305965423584,163.35499572753906,15.0
8153,20.0,113.0,3.483015775680542,202.52499389648438,17.0
8154,15.0,92.0,2.9455606937408447,112.6050033569336,12.0
8155,31.0,290.0,9.682109832763672,487.69500732421875,28.0
8156,23.0,188.0,5.683558464050293,268.1650085449219,20.0
8157,23.0,237.0,7.720534801483154,267.9200134277344,20.0
8158,18.0,138.0,4.372560024261475,163.38999938964844,15.0
8159,15.0,100.0,3.028484344482422,112.56500244140625,12.0
8160,28.0,263.0,8.630367279052734,397.81500244140625,25.0
8161,21.0,172.0,5.636853218078613,223.23500061035156,18.0
8162,6.0,32.0,1.1405911445617676,13.859999656677246,3.0
8163,16.0,104.0,3.3831393718719482,128.5500030517578,13.0
8164,12.0,77.0,2.639350652694702,70.66500091552734,9.0
8165,8.0,34.0,1.0789337158203125,28.860000610351562,5.0
8166,9.0,42.0,1.3869855403900146,37.82500076293945,6.0
8167,13.0,95.0,2.8314247131347656,83.58000183105469,10.0
8168,31.0,274.0,8.611193656921387,487.7749938964844,28.0
8169,10.0,48.0,1.412137508392334,47.79999923706055,7.0
8170,27.0,231.0,7.594417572021484,369.9700012207031,24.0
8171,26.0,220.0,6.94240140914917,343.0199890136719,23.0
8172,19.0,146.0,4.862453937530518,182.35499572753906,16.0
8173,33.0,312.0,9.767390251159668,552.594970703125,30.0
8174,7.0,30.0,0.9654447436332703,20.875,4.0
8175,8.0,42.0,1.436626672744751,28.81999969482422,5.0
8176,6.0,30.0,0.8437014222145081,13.869999885559082,3.0
8177,22.0,184.0,5.778378009796143,245.17999267578125,19.0
8178,28.0,239.0,7.816631317138672,397.93499755859375,25.0
8179,24.0,169.0,5.692283630371094,292.2650146484375,21.0
8180,19.0,139.0,4.254403114318848,182.38999938964844,16.0
8181,13.0,96.0,3.0136289596557617,83.57499694824219,10.0
8182,5.0,15.0,0.3991147577762604,7.940000057220459,2.0
8183,11.0,73.0,2.2622342109680176,58.68000030517578,8.0
8184,6.0,27.0,0.8817051649093628,13.885000228881836,3.0
8185,14.0,79.0,2.6634647846221924,97.66500091552734,11.0
8186,25.0,187.0,5.972071647644043,317.17999267578125,22.0
8187,13.0,85.0,2.5431017875671387,83.62999725341797,10.0
8188,12.0,79.0,2.425523519515991,70.65499877929688,9.0
8189,20.0,164.0,5.190581321716309,202.27000427246094,17.0
8190,21.0,187.0,5.833843231201172,223.16000366210938,18.0
8191,23.0,205.0,6.880222320556641,268.0799865722656,20.0
8192,30.0,292.0,9.400613784790039,456.67999267578125,27.0
8193,22.0,184.0,5.854861259460449,245.17999267578125,19.0
8194,9.0,41.0,1.2905744314193726,37.83000183105469,6.0
8195,28.0,259.0,8.422797203063965,397.8349914550781,25.0
8196,5.0,15.0,0.4857556223869324,7.940000057220459,2.0
8197,26.0,230.0,7.757235527038574,342.9700012207031,23.0
8198,5.0,13.0,0.45626744627952576,7.949999809265137,2.0
8199,18.0,128.0,4.220085144042969,163.44000244140625,15.0
8200,25.0,168.0,5.153054714202881,317.2749938964844,22.0
8201,12.0,68.0,2.2583694458007812,70.70999908447266,9.0
8202,5.0,19.0,0.650335967540741,7.920000076293945,2.0
8203,8.0,38.0,1.2315279245376587,28.84000015258789,5.0
8204,15.0,123.0,3.8752036094665527,112.44999694824219,12.0
8205,13.0,85.0,2.6030352115631104,83.62999725341797,10.0
8206,22.0,155.0,4.842385768890381,245.3249969482422,19.0
8207,25.0,215.0,6.928728103637695,317.0400085449219,22.0
8208,24.0,184.0,5.990799903869629,292.19000244140625,21.0
8209,27.0,241.0,7.732077121734619,369.9200134277344,24.0
8210,17.0,99.0,3.075495719909668,145.5800018310547,14.0
8211,25.0,178.0,5.492283344268799,317.2250061035156,22.0
8212,29.0,247.0,7.638738632202148,426.8999938964844,26.0
8213,29.0,246.0,7.955841541290283,426.9049987792969,26.0
8214,19.0,124.0,3.9681544303894043,182.46499633789062,16.0
8215,8.0,27.0,0.8375058770179749,28.895000457763672,5.0
8216,13.0,94.0,2.8604085445404053,83.58499908447266,10.0
8217,11.0,54.0,1.666762351989746,58.775001525878906,8.0
8218,13.0,90.0,2.8695435523986816,83.6050033569336,10.0
8219,25.0,230.0,7.390690326690674,316.9649963378906,22.0
8220,21.0,159.0,4.9808759689331055,223.3000030517578,18.0
8221,20.0,143.0,4.583857536315918,202.375,17.0
8222,21.0,217.0,6.740161418914795,223.00999450683594,18.0
8223,19.0,173.0,5.266502380371094,182.22000122070312,16.0
8224,18.0,117.0,3.847968339920044,163.4949951171875,15.0
8225,18.0,130.0,4.2114362716674805,163.42999267578125,15.0
8226,21.0,187.0,5.783245086669922,223.16000366210938,18.0
8227,16.0,150.0,4.98373556137085,128.32000732421875,13.0
8228,19.0,141.0,4.618165016174316,182.3800048828125,16.0
8229,15.0,94.0,2.9680731296539307,112.59500122070312,12.0
8230,19.0,124.0,3.8267810344696045,182.46499633789062,16.0
8231,8.0,38.0,1.307248830795288,28.84000015258789,5.0
8232,25.0,250.0,8.322283744812012,316.864990234375,22.0
8233,14.0,90.0,2.8077356815338135,97.61000061035156,11.0
8234,16.0,104.0,3.1993257999420166,128.5500030517578,13.0
8235,14.0,74.0,2.4484121799468994,97.69000244140625,11.0
8236,7.0,39.0,1.1846932172775269,20.829999923706055,4.0
8237,25.0,204.0,6.239884376525879,317.0950012207031,22.0
8238,9.0,39.0,1.2028436660766602,37.84000015258789,6.0
8239,28.0,246.0,7.4871649742126465,397.8999938964844,25.0
8240,24.0,194.0,6.13410758972168,292.1400146484375,21.0
8241,33.0,295.0,8.938944816589355,552.6799926757812,30.0
8242,20.0,152.0,4.820774555206299,202.3300018310547,17.0
8243,18.0,105.0,3.4630558490753174,163.55499267578125,15.0
8244,23.0,147.0,4.91801643371582,268.3699951171875,20.0
8245,28.0,166.0,5.133289813995361,398.29998779296875,25.0
8246,14.0,84.0,2.553241729736328,97.63999938964844,11.0
8247,6.0,23.0,0.7088404297828674,13.904999732971191,3.0
8248,20.0,161.0,5.063527584075928,202.28500366210938,17.0
8249,21.0,164.0,5.2359395027160645,223.27499389648438,18.0
8250,17.0,109.0,3.4859344959259033,145.52999877929688,14.0
8251,18.0,124.0,3.9360079765319824,163.4600067138672,15.0
8252,16.0,121.0,3.920250415802002,128.46499633789062,13.0
8253,5.0,14.0,0.3989483416080475,7.945000171661377,2.0
8254,13.0,106.0,3.317258596420288,83.5250015258789,10.0
8255,20.0,156.0,5.060931205749512,202.30999755859375,17.0
8256,13.0,103.0,2.9941792488098145,83.54000091552734,10.0
8257,7.0,23.0,0.6783955097198486,20.90999984741211,4.0
8258,10.0,47.0,1.5857042074203491,47.80500030517578,7.0
8259,5.0,14.0,0.5963983535766602,7.945000171661377,2.0
8260,19.0,162.0,4.9912333488464355,182.27499389648438,16.0
8261,31.0,276.0,8.77096176147461,487.7650146484375,28.0
8262,5.0,7.0,0.2189207375049591,7.980000019073486,2.0
8263,6.0,20.0,0.6523774862289429,13.920000076293945,3.0
8264,33.0,312.0,9.541197776794434,552.594970703125,30.0
8265,14.0,96.0,2.810234546661377,97.58000183105469,11.0
8266,20.0,176.0,5.286609649658203,202.2100067138672,17.0
8267,6.0,29.0,0.8960692286491394,13.875,3.0
8268,29.0,221.0,6.769559383392334,427.0299987792969,26.0
8269,18.0,137.0,4.087316989898682,163.39500427246094,15.0
8270,22.0,188.0,6.062033653259277,245.16000366210938,19.0
8271,14.0,101.0,3.068699359893799,97.55500030517578,11.0
8272,18.0,141.0,4.323770999908447,163.375,15.0
8273,8.0,48.0,1.4352338314056396,28.790000915527344,5.0
8274,16.0,138.0,4.195812225341797,128.3800048828125,13.0
8275,22.0,192.0,5.942934036254883,245.13999938964844,19.0
8276,20.0,125.0,3.936863422393799,202.46499633789062,17.0
8277,25.0,198.0,6.449759483337402,317.125,22.0
8278,29.0,255.0,7.618058681488037,426.8599853515625,26.0
8279,30.0,252.0,7.699538230895996,456.8800048828125,27.0
8280,19.0,139.0,4.244740962982178,182.38999938964844,16.0
8281,23.0,152.0,4.509004592895508,268.3450012207031,20.0
8282,14.0,84.0,2.726090431213379,97.63999938964844,11.0
8283,15.0,89.0,2.6572165489196777,112.62000274658203,12.0
8284,26.0,175.0,5.702953815460205,343.2449951171875,23.0
8285,15.0,101.0,3.112461566925049,112.55999755859375,12.0
8286,23.0,175.0,5.595911026000977,268.2300109863281,20.0
8287,17.0,116.0,3.7922372817993164,145.4949951171875,14.0
8288,32.0,275.0,8.474884986877441,519.7750244140625,29.0
8289,5.0,19.0,0.5150362849235535,7.920000076293945,2.0
8290,7.0,45.0,1.2057632207870483,20.799999237060547,4.0
8291,22.0,200.0,6.247021675109863,245.10000610351562,19.0
8292,11.0,80.0,2.4992480278015137,58.64500045776367,8.0
8293,25.0,220.0,6.779223918914795,317.0150146484375,22.0
8294,23.0,168.0,4.855724334716797,268.2650146484375,20.0
8295,24.0,231.0,7.02293586730957,291.9549865722656,21.0
8296,19.0,142.0,4.235642433166504,182.375,16.0
8297,21.0,129.0,3.9900155067443848,223.4499969482422,18.0
8298,19.0,140.0,4.211166858673096,182.38499450683594,16.0
8299,20.0,128.0,3.8470287322998047,202.4499969482422,17.0
8300,18.0,138.0,4.294528961181641,163.38999938964844,15.0
8301,18.0,167.0,5.458396911621094,163.2449951171875,15.0
8302,18.0,119.0,3.8174619674682617,163.48500061035156,15.0
8303,5.0,16.0,0.43313848972320557,7.934999942779541,2.0
8304,19.0,157.0,4.992058277130127,182.3000030517578,16.0
8305,24.0,154.0,4.778718948364258,292.3399963378906,21.0
8306,6.0,30.0,0.9279767870903015,13.869999885559082,3.0
8307,6.0,27.0,0.8535799384117126,13.885000228881836,3.0
8308,7.0,43.0,1.2908047437667847,20.809999465942383,4.0
8309,23.0,221.0,6.827441692352295,268.0,20.0
8310,14.0,95.0,2.9632954597473145,97.58499908447266,11.0
8311,17.0,129.0,4.045731067657471,145.42999267578125,14.0
8312,10.0,60.0,1.884014368057251,47.7400016784668,7.0
8313,5.0,12.0,0.38279926776885986,7.954999923706055,2.0
8314,8.0,35.0,1.0696860551834106,28.854999542236328,5.0
8315,19.0,136.0,4.273499965667725,182.40499877929688,16.0
8316,20.0,123.0,3.9976916313171387,202.47500610351562,17.0
8317,10.0,57.0,1.7207307815551758,47.755001068115234,7.0
8318,8.0,45.0,1.4831935167312622,28.80500030517578,5.0
8319,17.0,138.0,4.540797233581543,145.38499450683594,14.0
8320,15.0,75.0,2.3407275676727295,112.69000244140625,12.0
8321,28.0,262.0,8.482792854309082,397.82000732421875,25.0
8322,26.0,247.0,7.757298469543457,342.885009765625,23.0
8323,20.0,150.0,4.731215000152588,202.33999633789062,17.0
8324,7.0,39.0,1.1909210681915283,20.829999923706055,4.0
8325,17.0,110.0,3.6882288455963135,145.52499389648438,14.0
8326,23.0,183.0,6.127804279327393,268.19000244140625,20.0
8327,14.0,97.0,3.0923311710357666,97.57499694824219,11.0
8328,14.0,101.0,3.3320586681365967,97.55500030517578,11.0
8329,23.0,191.0,6.0579328536987305,268.1499938964844,20.0
8330,8.0,44.0,1.4848271608352661,28.809999465942383,5.0
8331,15.0,114.0,3.814849615097046,112.49500274658203,12.0
8332,21.0,160.0,4.937771797180176,223.2949981689453,18.0
8333,18.0,130.0,4.241090774536133,163.42999267578125,15.0
8334,36.0,341.0,10.536615371704102,657.4650268554688,33.0
8335,33.0,332.0,10.413633346557617,552.4949951171875,30.0
8336,10.0,62.0,1.8702384233474731,47.72999954223633,7.0
8337,13.0,106.0,3.3300938606262207,83.5250015258789,10.0
8338,12.0,60.0,1.7974627017974854,70.75,9.0
8339,15.0,108.0,3.5641236305236816,112.5250015258789,12.0
8340,21.0,180.0,5.812253475189209,223.19500732421875,18.0
8341,20.0,157.0,4.734502792358398,202.30499267578125,17.0
8342,12.0,86.0,2.6295056343078613,70.62000274658203,9.0
8343,6.0,35.0,1.2187029123306274,13.845000267028809,3.0
8344,15.0,100.0,3.134329080581665,112.56500244140625,12.0
8345,17.0,131.0,4.1480536460876465,145.4199981689453,14.0
8346,22.0,190.0,6.118403434753418,245.14999389648438,19.0
8347,12.0,70.0,2.152423143386841,70.69999694824219,9.0
8348,20.0,149.0,4.756679534912109,202.34500122070312,17.0
8349,24.0,182.0,5.754164218902588,292.20001220703125,21.0
8350,20.0,169.0,5.355419635772705,202.2449951171875,17.0
8351,25.0,176.0,5.69466495513916,317.2349853515625,22.0
8352,26.0,229.0,7.36538553237915,342.9750061035156,23.0
8353,10.0,57.0,1.764419436454773,47.755001068115234,7.0
8354,21.0,173.0,5.375323295593262,223.22999572753906,18.0
8355,8.0,29.0,0.9052629470825195,28.885000228881836,5.0
8356,34.0,269.0,8.613367080688477,586.8150024414062,31.0
8357,31.0,288.0,9.301043510437012,487.7049865722656,28.0
8358,13.0,76.0,2.4257259368896484,83.67500305175781,10.0
8359,21.0,148.0,4.675846099853516,223.35499572753906,18.0
8360,17.0,125.0,4.103528022766113,145.4499969482422,14.0
8361,25.0,192.0,6.239418983459473,317.1549987792969,22.0
8362,6.0,21.0,0.6405783891677856,13.914999961853027,3.0
8363,23.0,208.0,6.526288986206055,268.06500244140625,20.0
8364,29.0,270.0,8.576332092285156,426.7850036621094,26.0
8365,25.0,250.0,8.131166458129883,316.864990234375,22.0
8366,27.0,243.0,7.399288177490234,369.9100036621094,24.0
8367,13.0,73.0,2.1361844539642334,83.69000244140625,10.0
8368,18.0,157.0,4.757095813751221,163.2949981689453,15.0
8369,18.0,116.0,3.5378129482269287,163.5,15.0
8370,29.0,280.0,8.825977325439453,426.7349853515625,26.0
8371,12.0,58.0,1.9374430179595947,70.76000213623047,9.0
8372,23.0,176.0,5.67647123336792,268.2250061035156,20.0
8373,31.0,277.0,8.630230903625488,487.760009765625,28.0
8374,12.0,69.0,2.2751126289367676,70.70500183105469,9.0
8375,23.0,200.0,6.541553974151611,268.1050109863281,20.0
8376,9.0,50.0,1.5999821424484253,37.78499984741211,6.0
8377,5.0,22.0,0.619495153427124,7.90500020980835,2.0
8378,23.0,220.0,7.318661689758301,268.0050048828125,20.0
8379,15.0,111.0,3.4864892959594727,112.51000213623047,12.0
8380,23.0,218.0,6.4171953201293945,268.0150146484375,20.0
8381,19.0,141.0,4.825103759765625,182.3800048828125,16.0
8382,20.0,137.0,4.218173980712891,202.40499877929688,17.0
8383,9.0,70.0,2.187325954437256,37.685001373291016,6.0
8384,19.0,129.0,4.031501770019531,182.44000244140625,16.0
8385,26.0,191.0,5.861340522766113,343.1650085449219,23.0
8386,22.0,188.0,6.031750202178955,245.16000366210938,19.0
8387,21.0,179.0,5.5811357498168945,223.1999969482422,18.0
8388,18.0,136.0,4.216209411621094,163.39999389648438,15.0
8389,19.0,166.0,5.556549549102783,182.2550048828125,16.0
8390,13.0,80.0,2.5659830570220947,83.65499877929688,10.0
8391,8.0,31.0,0.9466661810874939,28.875,5.0
8392,21.0,177.0,5.793630123138428,223.2100067138672,18.0
8393,16.0,123.0,3.901289463043213,128.4550018310547,13.0
8394,19.0,140.0,4.344711780548096,182.38499450683594,16.0
8395,40.0,366.0,11.831588745117188,811.3599853515625,37.0
8396,16.0,116.0,3.8139047622680664,128.49000549316406,13.0
8397,24.0,215.0,6.86012601852417,292.0350036621094,21.0
8398,21.0,147.0,4.63938570022583,223.36000061035156,18.0
8399,20.0,159.0,5.041235446929932,202.2949981689453,17.0
8400,7.0,39.0,1.2820613384246826,20.829999923706055,4.0
8401,18.0,155.0,4.955368995666504,163.30499267578125,15.0
8402,8.0,43.0,1.3953659534454346,28.815000534057617,5.0
8403,12.0,77.0,2.409224271774292,70.66500091552734,9.0
8404,22.0,184.0,5.885817527770996,245.17999267578125,19.0
8405,18.0,138.0,4.437212944030762,163.38999938964844,15.0
8406,30.0,267.0,8.626222610473633,456.80499267578125,27.0
8407,7.0,36.0,1.2517061233520508,20.844999313354492,4.0
8408,14.0,102.0,3.333289861679077,97.55000305175781,11.0
8409,16.0,105.0,3.405529022216797,128.5449981689453,13.0
8410,18.0,125.0,4.122008323669434,163.4550018310547,15.0
8411,23.0,187.0,5.602640151977539,268.1700134277344,20.0
8412,24.0,163.0,4.948111534118652,292.2950134277344,21.0
8413,11.0,76.0,2.4205098152160645,58.665000915527344,8.0
8414,17.0,128.0,3.975245952606201,145.43499755859375,14.0
8415,15.0,112.0,3.387385845184326,112.50499725341797,12.0
8416,17.0,129.0,3.941904067993164,145.42999267578125,14.0
8417,22.0,164.0,5.001420021057129,245.27999877929688,19.0
8418,19.0,137.0,4.343554496765137,182.39999389648438,16.0
8419,29.0,247.0,7.80154275894165,426.8999938964844,26.0
8420,10.0,64.0,2.0451669692993164,47.720001220703125,7.0
8421,9.0,37.0,1.1284170150756836,37.849998474121094,6.0
8422,8.0,42.0,1.3108144998550415,28.81999969482422,5.0
8423,5.0,21.0,0.6553383469581604,7.909999847412109,2.0
8424,19.0,147.0,4.4437384605407715,182.35000610351562,16.0
8425,19.0,143.0,4.27614164352417,182.3699951171875,16.0
8426,12.0,62.0,1.8324410915374756,70.73999786376953,9.0
8427,13.0,85.0,2.988802433013916,83.62999725341797,10.0
8428,7.0,33.0,1.078053593635559,20.860000610351562,4.0
8429,22.0,156.0,4.954205513000488,245.32000732421875,19.0
8430,19.0,153.0,4.861315727233887,182.32000732421875,16.0
8431,14.0,92.0,2.9319560527801514,97.5999984741211,11.0
8432,33.0,272.0,8.272056579589844,552.7949829101562,30.0
8433,21.0,139.0,4.379925727844238,223.39999389648438,18.0
8434,12.0,67.0,2.011446475982666,70.71499633789062,9.0
8435,22.0,242.0,7.795457363128662,244.88999938964844,19.0
8436,19.0,160.0,5.028361797332764,182.28500366210938,16.0
8437,11.0,78.0,2.3496227264404297,58.654998779296875,8.0
8438,11.0,68.0,2.257880687713623,58.70500183105469,8.0
8439,17.0,121.0,4.154398441314697,145.47000122070312,14.0
8440,29.0,283.0,9.142375946044922,426.7200012207031,26.0
8441,33.0,281.0,8.556068420410156,552.75,30.0
8442,24.0,195.0,6.24969482421875,292.135009765625,21.0
8443,11.0,53.0,1.6755820512771606,58.779998779296875,8.0
8444,28.0,246.0,7.435314655303955,397.8999938964844,25.0
8445,23.0,231.0,7.109653472900391,267.95001220703125,20.0
8446,12.0,67.0,2.1666808128356934,70.71499633789062,9.0
8447,9.0,39.0,1.2468851804733276,37.84000015258789,6.0
8448,25.0,174.0,5.461681365966797,317.2449951171875,22.0
8449,21.0,155.0,4.840409278869629,223.32000732421875,18.0
8450,14.0,88.0,2.7359533309936523,97.62000274658203,11.0
8451,23.0,195.0,6.657741546630859,268.1300048828125,20.0
8452,16.0,110.0,3.4532673358917236,128.52000427246094,13.0
8453,34.0,327.0,10.208266258239746,586.5250244140625,31.0
8454,26.0,247.0,7.959192276000977,342.885009765625,23.0
8455,17.0,128.0,3.988755226135254,145.43499755859375,14.0
8456,20.0,167.0,5.3558197021484375,202.2550048828125,17.0
8457,17.0,162.0,5.139629364013672,145.26499938964844,14.0
8458,16.0,129.0,4.092409610748291,128.4250030517578,13.0
8459,28.0,221.0,6.9241132736206055,398.0249938964844,25.0
8460,9.0,50.0,1.504254937171936,37.78499984741211,6.0
8461,24.0,218.0,7.0074005126953125,292.0199890136719,21.0
8462,20.0,178.0,5.705113410949707,202.1999969482422,17.0
8463,27.0,166.0,5.649874687194824,370.2950134277344,24.0
8464,27.0,207.0,6.431334972381592,370.0899963378906,24.0
8465,20.0,128.0,4.062013626098633,202.4499969482422,17.0
8466,5.0,18.0,0.5294065475463867,7.925000190734863,2.0
8467,21.0,178.0,6.049102306365967,223.2050018310547,18.0
8468,25.0,203.0,6.303864002227783,317.1000061035156,22.0
8469,13.0,81.0,2.666247606277466,83.6500015258789,10.0
8470,6.0,22.0,0.6855538487434387,13.90999984741211,3.0
8471,25.0,264.0,8.389389991760254,316.7950134277344,22.0
8472,22.0,151.0,4.499602794647217,245.34500122070312,19.0
8473,19.0,129.0,4.118354320526123,182.44000244140625,16.0
8474,24.0,218.0,6.898534297943115,292.0199890136719,21.0
8475,26.0,200.0,6.5786452293396,343.1199951171875,23.0
8476,20.0,134.0,4.194070339202881,202.4199981689453,17.0
8477,22.0,165.0,5.077150821685791,245.27499389648438,19.0
8478,14.0,82.0,2.4885857105255127,97.6500015258789,11.0
8479,26.0,175.0,5.418868064880371,343.2449951171875,23.0
8480,5.0,11.0,0.3956603407859802,7.960000038146973,2.0
8481,24.0,265.0,8.343729972839355,291.7850036621094,21.0
8482,16.0,91.0,3.0073320865631104,128.61500549316406,13.0
8483,5.0,15.0,0.44969457387924194,7.940000057220459,2.0
8484,23.0,196.0,6.14516544342041,268.125,20.0
8485,16.0,110.0,3.378807783126831,128.52000427246094,13.0
8486,34.0,284.0,8.994778633117676,586.739990234375,31.0
8487,9.0,70.0,2.2301905155181885,37.685001373291016,6.0
8488,17.0,114.0,3.787230968475342,145.5050048828125,14.0
8489,5.0,16.0,0.4742864966392517,7.934999942779541,2.0
8490,25.0,235.0,7.1234259605407715,316.94000244140625,22.0
8491,16.0,106.0,3.566863536834717,128.5399932861328,13.0
8492,19.0,122.0,3.7968623638153076,182.47500610351562,16.0
8493,12.0,59.0,1.8432306051254272,70.75499725341797,9.0
8494,24.0,162.0,5.037233352661133,292.29998779296875,21.0
8495,20.0,140.0,4.57222318649292,202.38999938964844,17.0
8496,22.0,184.0,5.638055324554443,245.17999267578125,19.0
8497,22.0,156.0,4.921526908874512,245.32000732421875,19.0
8498,24.0,209.0,6.642218589782715,292.06500244140625,21.0
8499,17.0,167.0,5.233023643493652,145.24000549316406,14.0
8500,12.0,67.0,2.176331043243408,70.71499633789062,9.0
8501,29.0,228.0,7.21185827255249,426.9949951171875,26.0
8502,22.0,134.0,4.01092004776001,245.42999267578125,19.0
8503,27.0,228.0,7.296788692474365,369.9849853515625,24.0
8504,16.0,122.0,3.8423454761505127,128.4600067138672,13.0
8505,16.0,111.0,3.298762559890747,128.51499938964844,13.0
8506,5.0,16.0,0.5124564170837402,7.934999942779541,2.0
8507,29.0,259.0,8.474786758422852,426.8399963378906,26.0
8508,28.0,317.0,9.960859298706055,397.5450134277344,25.0
8509,10.0,71.0,2.1618969440460205,47.685001373291016,7.0
8510,19.0,106.0,3.3280229568481445,182.55499267578125,16.0
8511,19.0,155.0,4.734018802642822,182.30999755859375,16.0
8512,31.0,282.0,9.239362716674805,487.7349853515625,28.0
8513,26.0,250.0,8.296377182006836,342.8699951171875,23.0
8514,6.0,31.0,0.9386535286903381,13.864999771118164,3.0
8515,19.0,141.0,4.594158172607422,182.3800048828125,16.0
8516,10.0,58.0,1.9562073945999146,47.75,7.0
8517,28.0,211.0,6.59577751159668,398.07501220703125,25.0
8518,16.0,100.0,3.2648184299468994,128.57000732421875,13.0
8519,23.0,145.0,4.478884220123291,268.3800048828125,20.0
8520,23.0,179.0,5.760296821594238,268.2099914550781,20.0
8521,29.0,220.0,7.2663187980651855,427.0350036621094,26.0
8522,23.0,198.0,6.421236991882324,268.114990234375,20.0
8523,23.0,178.0,5.512039661407471,268.2149963378906,20.0
8524,11.0,72.0,2.218515634536743,58.685001373291016,8.0
8525,17.0,121.0,3.868903398513794,145.47000122070312,14.0
8526,29.0,181.0,5.4742207527160645,427.2300109863281,26.0
8527,19.0,127.0,3.924684762954712,182.4499969482422,16.0
8528,10.0,39.0,1.28726327419281,47.845001220703125,7.0
8529,21.0,165.0,5.272201061248779,223.27000427246094,18.0
8530,25.0,198.0,6.2987775802612305,317.125,22.0
8531,24.0,178.0,5.736700057983398,292.2200012207031,21.0
8532,13.0,84.0,2.679673194885254,83.63500213623047,10.0
8533,9.0,44.0,1.5123395919799805,37.814998626708984,6.0
8534,13.0,93.0,3.124190330505371,83.58999633789062,10.0
8535,14.0,85.0,2.593308925628662,97.63500213623047,11.0
8536,24.0,213.0,6.52506160736084,292.0450134277344,21.0
8537,27.0,197.0,6.659229278564453,370.1400146484375,24.0
8538,17.0,127.0,4.1506171226501465,145.44000244140625,14.0
8539,19.0,134.0,4.0881266593933105,182.4149932861328,16.0
8540,19.0,149.0,4.889178276062012,182.33999633789062,16.0
8541,12.0,66.0,1.9849830865859985,70.72000122070312,9.0
8542,6.0,21.0,0.6638452410697937,13.914999961853027,3.0
8543,25.0,239.0,7.801465034484863,316.9200134277344,22.0
8544,28.0,229.0,7.552757263183594,397.9849853515625,25.0
8545,22.0,150.0,4.901015281677246,245.35000610351562,19.0
8546,25.0,222.0,7.198190689086914,317.0050048828125,22.0
8547,30.0,249.0,8.236699104309082,456.8949890136719,27.0
8548,15.0,101.0,3.038543701171875,112.55999755859375,12.0
8549,14.0,87.0,2.8112332820892334,97.625,11.0
8550,22.0,122.0,3.632678270339966,245.49000549316406,19.0
8551,28.0,244.0,7.2734856605529785,397.9100036621094,25.0
8552,11.0,79.0,2.397252082824707,58.650001525878906,8.0
8553,29.0,278.0,8.796730041503906,426.7449951171875,26.0
8554,22.0,188.0,5.856098651885986,245.16000366210938,19.0
8555,26.0,216.0,6.612812519073486,343.0400085449219,23.0
8556,9.0,81.0,2.498927116394043,37.630001068115234,6.0
8557,25.0,175.0,5.405610084533691,317.239990234375,22.0
8558,5.0,10.0,0.30612391233444214,7.965000152587891,2.0
8559,13.0,90.0,2.8060860633850098,83.6050033569336,10.0
8560,23.0,203.0,6.430007457733154,268.0899963378906,20.0
8561,16.0,128.0,3.976752758026123,128.42999267578125,13.0
8562,27.0,190.0,6.038355827331543,370.17498779296875,24.0
8563,26.0,200.0,6.420767307281494,343.1199951171875,23.0
8564,14.0,101.0,3.3045895099639893,97.55500030517578,11.0
8565,16.0,118.0,3.9856202602386475,128.47999572753906,13.0
8566,15.0,92.0,3.1063146591186523,112.6050033569336,12.0
8567,6.0,26.0,0.876438558101654,13.890000343322754,3.0
8568,19.0,168.0,5.46548318862915,182.2449951171875,16.0
8569,23.0,180.0,6.002519130706787,268.2049865722656,20.0
8570,20.0,130.0,4.311626434326172,202.44000244140625,17.0
8571,22.0,175.0,5.388818264007568,245.22500610351562,19.0
8572,27.0,240.0,7.340945243835449,369.92498779296875,24.0
8573,24.0,202.0,6.56287956237793,292.1000061035156,21.0
8574,8.0,52.0,1.5636895895004272,28.770000457763672,5.0
8575,7.0,33.0,1.0176299810409546,20.860000610351562,4.0
8576,13.0,104.0,3.0808558464050293,83.53500366210938,10.0
8577,16.0,103.0,3.5077381134033203,128.55499267578125,13.0
8578,30.0,264.0,7.846725940704346,456.82000732421875,27.0
8579,23.0,162.0,5.300182342529297,268.2950134277344,20.0
8580,29.0,256.0,8.012457847595215,426.8550109863281,26.0
8581,16.0,125.0,3.858628034591675,128.44500732421875,13.0
8582,17.0,134.0,4.262602806091309,145.40499877929688,14.0
8583,31.0,228.0,7.394262313842773,488.0050048828125,28.0
8584,22.0,185.0,6.07830286026001,245.1750030517578,19.0
8585,17.0,126.0,3.9713215827941895,145.44500732421875,14.0
8586,23.0,145.0,4.7913947105407715,268.3800048828125,20.0
8587,5.0,14.0,0.4234737753868103,7.945000171661377,2.0
8588,10.0,52.0,1.6472760438919067,47.779998779296875,7.0
8589,27.0,272.0,8.611213684082031,369.7650146484375,24.0
8590,23.0,197.0,6.158702850341797,268.1199951171875,20.0
8591,10.0,62.0,1.8468879461288452,47.72999954223633,7.0
8592,20.0,140.0,4.2021565437316895,202.38999938964844,17.0
8593,25.0,200.0,6.5948004722595215,317.114990234375,22.0
8594,31.0,242.0,7.53178071975708,487.93499755859375,28.0
8595,18.0,125.0,3.8473942279815674,163.4550018310547,15.0
8596,24.0,200.0,6.79374361038208,292.1099853515625,21.0
8597,37.0,389.0,12.24196720123291,694.22998046875,34.0
8598,20.0,145.0,4.545169353485107,202.36500549316406,17.0
8599,24.0,221.0,6.684280872344971,292.0050048828125,21.0
8600,25.0,183.0,5.824401378631592,317.20001220703125,22.0
8601,24.0,194.0,6.1704301834106445,292.1400146484375,21.0
8602,24.0,201.0,6.145336151123047,292.1050109863281,21.0
8603,18.0,117.0,3.561323404312134,163.4949951171875,15.0
8604,22.0,170.0,5.374763488769531,245.25,19.0
8605,13.0,91.0,2.9230546951293945,83.5999984741211,10.0
8606,20.0,135.0,4.316157341003418,202.4149932861328,17.0
8607,17.0,121.0,3.8535022735595703,145.47000122070312,14.0
8608,21.0,186.0,6.112024307250977,223.1649932861328,18.0
8609,24.0,184.0,5.535419464111328,292.19000244140625,21.0
8610,25.0,211.0,6.637890338897705,317.05999755859375,22.0
8611,19.0,136.0,4.333588600158691,182.40499877929688,16.0
8612,29.0,271.0,8.40867805480957,426.7799987792969,26.0
8613,31.0,233.0,7.21978235244751,487.9800109863281,28.0
8614,12.0,71.0,2.2298367023468018,70.69499969482422,9.0
8615,26.0,211.0,6.791027545928955,343.06500244140625,23.0
8616,9.0,36.0,1.121748924255371,37.85499954223633,6.0
8617,18.0,131.0,4.488744258880615,163.4250030517578,15.0
8618,27.0,232.0,7.364046573638916,369.9649963378906,24.0
8619,14.0,104.0,3.3508782386779785,97.54000091552734,11.0
8620,28.0,220.0,6.6681036949157715,398.0299987792969,25.0
8621,24.0,190.0,6.38608455657959,292.1600036621094,21.0
8622,29.0,207.0,6.3422136306762695,427.1000061035156,26.0
8623,22.0,163.0,5.315037727355957,245.28500366210938,19.0
8624,23.0,198.0,6.100686073303223,268.114990234375,20.0
8625,25.0,207.0,6.324312686920166,317.0799865722656,22.0
8626,9.0,45.0,1.3219305276870728,37.810001373291016,6.0
8627,26.0,218.0,6.776795864105225,343.0299987792969,23.0
8628,23.0,180.0,5.562634468078613,268.2049865722656,20.0
8629,7.0,30.0,0.8885288834571838,20.875,4.0
8630,19.0,130.0,4.179135322570801,182.43499755859375,16.0
8631,23.0,189.0,6.336686134338379,268.1600036621094,20.0
8632,12.0,74.0,2.414848566055298,70.68000030517578,9.0
8633,32.0,302.0,9.580018997192383,519.6400146484375,29.0
8634,5.0,14.0,0.4222794771194458,7.945000171661377,2.0
8635,26.0,200.0,6.104211807250977,343.1199951171875,23.0
8636,12.0,77.0,2.3606808185577393,70.66500091552734,9.0
8637,18.0,106.0,3.2669215202331543,163.5500030517578,15.0
8638,19.0,148.0,5.0098137855529785,182.34500122070312,16.0
8639,14.0,122.0,3.9062232971191406,97.44999694824219,11.0
8640,31.0,235.0,7.433412075042725,487.9700012207031,28.0
8641,23.0,171.0,5.573006629943848,268.25,20.0
8642,27.0,212.0,6.811225891113281,370.06500244140625,24.0
8643,15.0,96.0,3.077709197998047,112.58499908447266,12.0
8644,17.0,126.0,3.930462121963501,145.44500732421875,14.0
8645,17.0,101.0,3.1066813468933105,145.57000732421875,14.0
8646,17.0,124.0,3.860041618347168,145.4550018310547,14.0
8647,14.0,92.0,3.0014302730560303,97.5999984741211,11.0
8648,25.0,177.0,5.448452949523926,317.2300109863281,22.0
8649,23.0,156.0,5.332131385803223,268.32501220703125,20.0
8650,20.0,150.0,4.626255035400391,202.33999633789062,17.0
8651,17.0,151.0,4.467807292938232,145.32000732421875,14.0
8652,12.0,67.0,1.9597049951553345,70.71499633789062,9.0
8653,16.0,137.0,4.244019985198975,128.38499450683594,13.0
8654,15.0,92.0,2.84672212600708,112.6050033569336,12.0
8655,8.0,44.0,1.3589987754821777,28.809999465942383,5.0
8656,22.0,129.0,3.989304542541504,245.4550018310547,19.0
8657,21.0,145.0,4.660109043121338,223.3699951171875,18.0
8658,4.0,5.0,0.16442140936851501,2.984999895095825,1.0
8659,20.0,140.0,4.425308704376221,202.38999938964844,17.0
8660,8.0,33.0,1.0855664014816284,28.864999771118164,5.0
8661,19.0,140.0,4.509500503540039,182.38499450683594,16.0
8662,23.0,198.0,6.2015838623046875,268.114990234375,20.0
8663,35.0,379.0,11.737611770629883,621.27001953125,32.0
8664,30.0,268.0,8.485665321350098,456.79998779296875,27.0
8665,19.0,151.0,4.61855411529541,182.3300018310547,16.0
8666,19.0,147.0,4.7871551513671875,182.35000610351562,16.0
8667,18.0,135.0,4.263955116271973,163.40499877929688,15.0
8668,11.0,59.0,1.8529568910598755,58.75,8.0
8669,28.0,229.0,6.952634334564209,397.9849853515625,25.0
8670,15.0,105.0,3.506378173828125,112.54000091552734,12.0
8671,35.0,311.0,9.733053207397461,621.6099853515625,32.0
8672,31.0,304.0,9.195966720581055,487.625,28.0
8673,10.0,39.0,1.0912715196609497,47.845001220703125,7.0
8674,18.0,118.0,3.6447854042053223,163.49000549316406,15.0
8675,27.0,247.0,7.7211198806762695,369.8900146484375,24.0
8676,5.0,26.0,0.7363170385360718,7.885000228881836,2.0
8677,8.0,49.0,1.557866096496582,28.78499984741211,5.0
8678,20.0,134.0,4.359868049621582,202.4199981689453,17.0
8679,18.0,151.0,4.834400653839111,163.3249969482422,15.0
8680,31.0,295.0,9.384308815002441,487.6700134277344,28.0
8681,7.0,20.0,0.6820532083511353,20.924999237060547,4.0
8682,17.0,108.0,3.4578697681427,145.53500366210938,14.0
8683,32.0,246.0,8.179306983947754,519.9199829101562,29.0
8684,8.0,38.0,1.2797247171401978,28.84000015258789,5.0
8685,15.0,107.0,3.5969152450561523,112.52999877929688,12.0
8686,17.0,147.0,4.938363552093506,145.33999633789062,14.0
8687,7.0,33.0,1.063233733177185,20.860000610351562,4.0
8688,18.0,124.0,3.849506378173828,163.4600067138672,15.0
8689,19.0,132.0,4.186519145965576,182.4250030517578,16.0
8690,23.0,202.0,6.613392353057861,268.0950012207031,20.0
8691,27.0,209.0,6.744549751281738,370.0799865722656,24.0
8692,14.0,83.0,2.7337398529052734,97.6449966430664,11.0
8693,20.0,107.0,3.36777400970459,202.55499267578125,17.0
8694,18.0,125.0,3.961860418319702,163.4550018310547,15.0
8695,25.0,199.0,6.2344770431518555,317.1199951171875,22.0
8696,34.0,296.0,9.055606842041016,586.6799926757812,31.0
8697,11.0,65.0,2.128227949142456,58.720001220703125,8.0
8698,26.0,183.0,5.924455642700195,343.2049865722656,23.0
8699,15.0,112.0,3.476314067840576,112.50499725341797,12.0
8700,33.0,283.0,9.439719200134277,552.739990234375,30.0
8701,23.0,193.0,6.24576997756958,268.1400146484375,20.0
8702,32.0,257.0,8.082648277282715,519.864990234375,29.0
8703,27.0,192.0,6.1451897621154785,370.1650085449219,24.0
8704,16.0,139.0,4.401025772094727,128.375,13.0
8705,30.0,296.0,9.618078231811523,456.6600036621094,27.0
8706,23.0,172.0,5.505307197570801,268.2449951171875,20.0
8707,12.0,53.0,1.6346324682235718,70.78500366210938,9.0
8708,18.0,109.0,3.4876065254211426,163.53500366210938,15.0
8709,18.0,119.0,3.748642683029175,163.48500061035156,15.0
8710,31.0,231.0,7.69143009185791,487.989990234375,28.0
8711,15.0,90.0,2.8602209091186523,112.61499786376953,12.0
8712,10.0,73.0,2.283529281616211,47.67499923706055,7.0
8713,20.0,156.0,5.028421401977539,202.30999755859375,17.0
8714,17.0,107.0,3.441875457763672,145.5399932861328,14.0
8715,19.0,126.0,3.9932174682617188,182.4550018310547,16.0
8716,12.0,97.0,3.2951254844665527,70.56500244140625,9.0
8717,32.0,292.0,9.015880584716797,519.6900024414062,29.0
8718,7.0,31.0,1.0243332386016846,20.8700008392334,4.0
8719,18.0,138.0,4.282889366149902,163.38999938964844,15.0
8720,21.0,167.0,5.4146342277526855,223.25999450683594,18.0
8721,21.0,153.0,4.807222366333008,223.3300018310547,18.0
8722,22.0,190.0,5.917610168457031,245.14999389648438,19.0
8723,8.0,51.0,1.544926404953003,28.774999618530273,5.0
8724,21.0,134.0,4.246888160705566,223.4250030517578,18.0
8725,18.0,125.0,3.841315269470215,163.4550018310547,15.0
8726,25.0,173.0,5.3222975730896,317.25,22.0
8727,21.0,149.0,4.582373142242432,223.35000610351562,18.0
8728,29.0,248.0,7.707468509674072,426.8949890136719,26.0
8729,7.0,26.0,0.7918887734413147,20.895000457763672,4.0
8730,32.0,268.0,8.127156257629395,519.8099975585938,29.0
8731,12.0,81.0,2.5294599533081055,70.6449966430664,9.0
8732,14.0,86.0,2.5660622119903564,97.62999725341797,11.0
8733,17.0,112.0,3.5785505771636963,145.51499938964844,14.0
8734,35.0,296.0,9.637285232543945,621.6849975585938,32.0
8735,18.0,124.0,4.161900520324707,163.4600067138672,15.0
8736,23.0,167.0,5.25925350189209,268.2699890136719,20.0
8737,18.0,132.0,4.283921718597412,163.4199981689453,15.0
8738,24.0,171.0,5.530386447906494,292.2550048828125,21.0
8739,5.0,11.0,0.33726799488067627,7.960000038146973,2.0
8740,34.0,298.0,9.34632682800293,586.6699829101562,31.0
8741,25.0,226.0,7.0433030128479,316.9849853515625,22.0
8742,13.0,76.0,2.36083722114563,83.67500305175781,10.0
8743,18.0,119.0,3.806734085083008,163.48500061035156,15.0
8744,29.0,223.0,7.099776268005371,427.0199890136719,26.0
8745,24.0,180.0,5.581508159637451,292.2099914550781,21.0
8746,17.0,126.0,4.062342166900635,145.44500732421875,14.0
8747,5.0,12.0,0.3473849892616272,7.954999923706055,2.0
8748,16.0,136.0,4.241569995880127,128.38999938964844,13.0
8749,7.0,21.0,0.6091904640197754,20.920000076293945,4.0
8750,32.0,331.0,10.27991771697998,519.4949951171875,29.0
8751,14.0,96.0,2.914323568344116,97.58000183105469,11.0
8752,17.0,129.0,4.167181015014648,145.42999267578125,14.0
8753,33.0,264.0,8.214276313781738,552.8350219726562,30.0
8754,21.0,146.0,4.509069442749023,223.36500549316406,18.0
8755,25.0,218.0,6.734531402587891,317.0249938964844,22.0
8756,27.0,266.0,8.501385688781738,369.7950134277344,24.0
8757,19.0,163.0,4.852222442626953,182.27000427246094,16.0
8758,7.0,36.0,1.1299126148223877,20.844999313354492,4.0
8759,27.0,214.0,6.764286994934082,370.05499267578125,24.0
8760,24.0,242.0,7.922403812408447,291.8999938964844,21.0
8761,12.0,73.0,2.457551956176758,70.68499755859375,9.0
8762,28.0,284.0,9.13424015045166,397.7099914550781,25.0
8763,34.0,270.0,8.873618125915527,586.8099975585938,31.0
8764,13.0,77.0,2.60831618309021,83.66999816894531,10.0
8765,31.0,368.0,12.21990966796875,487.30499267578125,28.0
8766,12.0,67.0,2.107992172241211,70.71499633789062,9.0
8767,27.0,234.0,7.24333381652832,369.9549865722656,24.0
8768,29.0,227.0,7.181186199188232,427.0,26.0
8769,25.0,170.0,5.26160192489624,317.2650146484375,22.0
8770,17.0,95.0,2.9601855278015137,145.60000610351562,14.0
8771,23.0,181.0,5.5628557205200195,268.20001220703125,20.0
8772,14.0,86.0,2.7592334747314453,97.62999725341797,11.0
8773,17.0,107.0,3.4410853385925293,145.5399932861328,14.0
8774,13.0,81.0,2.6001412868499756,83.6500015258789,10.0
8775,23.0,181.0,5.449341773986816,268.20001220703125,20.0
8776,13.0,106.0,3.2042007446289062,83.5250015258789,10.0
8777,27.0,190.0,5.931136608123779,370.17498779296875,24.0
8778,28.0,180.0,5.923503398895264,398.2300109863281,25.0
8779,15.0,88.0,2.6750693321228027,112.625,12.0
8780,13.0,101.0,3.1705124378204346,83.55000305175781,10.0
8781,21.0,167.0,5.62230920791626,223.25999450683594,18.0
8782,22.0,151.0,4.8836894035339355,245.34500122070312,19.0
8783,22.0,153.0,4.6570210456848145,245.3350067138672,19.0
8784,25.0,197.0,6.457223415374756,317.1300048828125,22.0
8785,31.0,274.0,8.902460098266602,487.7749938964844,28.0
8786,13.0,83.0,2.463296890258789,83.63999938964844,10.0
8787,4.0,5.0,0.16520050168037415,2.984999895095825,1.0
8788,23.0,164.0,5.229549884796143,268.2850036621094,20.0
8789,10.0,51.0,1.5878586769104004,47.78499984741211,7.0
8790,21.0,150.0,4.8111572265625,223.34500122070312,18.0
8791,8.0,45.0,1.363175392150879,28.80500030517578,5.0
8792,27.0,217.0,6.828573226928711,370.0400085449219,24.0
8793,29.0,244.0,7.541464328765869,426.9150085449219,26.0
8794,29.0,245.0,8.424240112304688,426.9100036621094,26.0
8795,13.0,96.0,3.2690377235412598,83.57499694824219,10.0
8796,8.0,39.0,1.1993659734725952,28.834999084472656,5.0
8797,11.0,63.0,1.9676058292388916,58.72999954223633,8.0
8798,22.0,191.0,6.014666557312012,245.14500427246094,19.0
8799,20.0,155.0,5.048349380493164,202.31500244140625,17.0
8800,23.0,161.0,5.127999305725098,268.29998779296875,20.0
8801,28.0,289.0,9.623882293701172,397.68499755859375,25.0
8802,22.0,178.0,5.755843162536621,245.2100067138672,19.0
8803,24.0,165.0,5.169787883758545,292.2850036621094,21.0
8804,16.0,103.0,3.302600145339966,128.55499267578125,13.0
8805,16.0,121.0,3.9399173259735107,128.46499633789062,13.0
8806,29.0,257.0,7.937572002410889,426.8500061035156,26.0
8807,19.0,143.0,4.464412212371826,182.3699951171875,16.0
8808,8.0,35.0,1.0147459506988525,28.854999542236328,5.0
8809,24.0,214.0,7.037387847900391,292.0400085449219,21.0
8810,32.0,296.0,9.407039642333984,519.6699829101562,29.0
8811,13.0,100.0,3.1582090854644775,83.55500030517578,10.0
8812,17.0,113.0,3.5750298500061035,145.50999450683594,14.0
8813,5.0,21.0,0.6484494209289551,7.909999847412109,2.0
8814,11.0,75.0,2.3348371982574463,58.66999816894531,8.0
8815,6.0,38.0,1.175471305847168,13.829999923706055,3.0
8816,22.0,169.0,5.477755546569824,245.2550048828125,19.0
8817,22.0,183.0,6.115902423858643,245.18499755859375,19.0
8818,17.0,102.0,3.4962053298950195,145.56500244140625,14.0
8819,4.0,19.0,0.5501562356948853,2.9149999618530273,1.0
8820,6.0,29.0,0.947854220867157,13.875,3.0
8821,12.0,105.0,3.3876633644104004,70.5250015258789,9.0
8822,13.0,73.0,2.461270570755005,83.69000244140625,10.0
8823,21.0,150.0,4.819029331207275,223.34500122070312,18.0
8824,18.0,141.0,4.439237117767334,163.375,15.0
8825,28.0,244.0,7.443793773651123,397.9100036621094,25.0
8826,24.0,193.0,6.170102119445801,292.1449890136719,21.0
8827,16.0,91.0,3.0168418884277344,128.61500549316406,13.0
8828,25.0,207.0,6.441400527954102,317.0799865722656,22.0
8829,14.0,103.0,3.3082058429718018,97.54499816894531,11.0
8830,10.0,51.0,1.6134036779403687,47.78499984741211,7.0
8831,15.0,95.0,2.8622753620147705,112.58999633789062,12.0
8832,24.0,161.0,4.837115287780762,292.30499267578125,21.0
8833,21.0,165.0,5.070734024047852,223.27000427246094,18.0
8834,22.0,163.0,5.1120171546936035,245.28500366210938,19.0
8835,23.0,161.0,4.928474426269531,268.29998779296875,20.0
8836,7.0,39.0,1.2412112951278687,20.829999923706055,4.0
8837,27.0,237.0,7.671757221221924,369.94000244140625,24.0
8838,11.0,75.0,2.5393574237823486,58.66999816894531,8.0
8839,20.0,169.0,5.614779949188232,202.2449951171875,17.0
8840,15.0,100.0,3.2786872386932373,112.56500244140625,12.0
8841,20.0,150.0,4.699088096618652,202.33999633789062,17.0
8842,21.0,157.0,5.0161309242248535,223.30999755859375,18.0
8843,23.0,188.0,6.241518497467041,268.1650085449219,20.0
8844,15.0,103.0,3.285983085632324,112.55000305175781,12.0
8845,17.0,109.0,3.4215996265411377,145.52999877929688,14.0
8846,13.0,98.0,3.143577814102173,83.56500244140625,10.0
8847,20.0,162.0,5.228580474853516,202.27999877929688,17.0
8848,19.0,155.0,4.965792655944824,182.30999755859375,16.0
8849,24.0,169.0,5.497799396514893,292.2650146484375,21.0
8850,28.0,217.0,7.071895599365234,398.0450134277344,25.0
8851,9.0,50.0,1.5621553659439087,37.78499984741211,6.0
8852,9.0,49.0,1.492203712463379,37.790000915527344,6.0
8853,11.0,55.0,1.6798865795135498,58.77000045776367,8.0
8854,27.0,197.0,6.203526020050049,370.1400146484375,24.0
8855,9.0,49.0,1.5554585456848145,37.790000915527344,6.0
8856,15.0,107.0,3.5999085903167725,112.52999877929688,12.0
8857,25.0,209.0,6.703155517578125,317.07000732421875,22.0
8858,6.0,29.0,0.9380993247032166,13.875,3.0
8859,29.0,235.0,7.67956018447876,426.9599914550781,26.0
8860,18.0,113.0,3.6914050579071045,163.51499938964844,15.0
8861,17.0,125.0,4.239516735076904,145.4499969482422,14.0
8862,12.0,84.0,2.682766914367676,70.62999725341797,9.0
8863,16.0,105.0,3.398101806640625,128.5449981689453,13.0
8864,20.0,178.0,5.633881092071533,202.1999969482422,17.0
8865,6.0,33.0,1.018274188041687,13.854999542236328,3.0
8866,19.0,137.0,4.375371932983398,182.39999389648438,16.0
8867,32.0,305.0,9.947556495666504,519.625,29.0
8868,11.0,61.0,1.9400054216384888,58.7400016784668,8.0
8869,27.0,219.0,6.981857776641846,370.0299987792969,24.0
8870,17.0,134.0,4.345486640930176,145.40499877929688,14.0
8871,11.0,67.0,2.214024305343628,58.709999084472656,8.0
8872,21.0,179.0,5.78870153427124,223.1999969482422,18.0
8873,14.0,122.0,3.9447619915008545,97.44999694824219,11.0
8874,5.0,19.0,0.6080906987190247,7.920000076293945,2.0
8875,22.0,167.0,5.325405597686768,245.26499938964844,19.0
8876,8.0,37.0,1.204562783241272,28.844999313354492,5.0
8877,28.0,254.0,7.969022274017334,397.8599853515625,25.0
8878,21.0,191.0,6.199337482452393,223.13999938964844,18.0
8879,25.0,190.0,6.140266418457031,317.1650085449219,22.0
8880,14.0,72.0,2.224517345428467,97.69999694824219,11.0
8881,6.0,26.0,0.8128435015678406,13.890000343322754,3.0
8882,17.0,108.0,3.534191846847534,145.53500366210938,14.0
8883,23.0,164.0,5.179838180541992,268.2850036621094,20.0
8884,29.0,240.0,7.4768242835998535,426.93499755859375,26.0
8885,15.0,107.0,3.4479596614837646,112.52999877929688,12.0
8886,19.0,169.0,5.029567241668701,182.24000549316406,16.0
8887,23.0,179.0,5.737363815307617,268.2099914550781,20.0
8888,28.0,242.0,7.7962965965271,397.9200134277344,25.0
8889,17.0,114.0,3.5486366748809814,145.5050048828125,14.0
8890,27.0,198.0,6.319854736328125,370.135009765625,24.0
8891,6.0,25.0,0.8158521056175232,13.895000457763672,3.0
8892,29.0,210.0,6.791112422943115,427.0849914550781,26.0
8893,21.0,154.0,5.029827117919922,223.3249969482422,18.0
8894,14.0,96.0,3.116781711578369,97.58000183105469,11.0
8895,18.0,110.0,3.498924732208252,163.52999877929688,15.0
8896,22.0,161.0,5.118456840515137,245.2949981689453,19.0
8897,25.0,178.0,5.716578960418701,317.2250061035156,22.0
8898,30.0,301.0,9.907727241516113,456.635009765625,27.0
8899,16.0,97.0,3.2982256412506104,128.5850067138672,13.0
8900,20.0,126.0,4.294455051422119,202.4600067138672,17.0
8901,21.0,144.0,4.683773994445801,223.375,18.0
8902,30.0,238.0,7.4063720703125,456.95001220703125,27.0
8903,19.0,165.0,5.200087070465088,182.25999450683594,16.0
8904,18.0,134.0,4.422822952270508,163.41000366210938,15.0
8905,19.0,133.0,4.2184906005859375,182.4199981689453,16.0
8906,8.0,48.0,1.4987120628356934,28.790000915527344,5.0
8907,13.0,66.0,2.1135611534118652,83.7249984741211,10.0
8908,26.0,217.0,7.036641597747803,343.0350036621094,23.0
8909,16.0,108.0,3.338247060775757,128.52999877929688,13.0
8910,29.0,251.0,8.0330228805542,426.8800048828125,26.0
8911,26.0,228.0,7.307737827301025,342.9800109863281,23.0
8912,26.0,209.0,6.961832046508789,343.07501220703125,23.0
8913,17.0,115.0,3.5976061820983887,145.5,14.0
8914,27.0,241.0,7.843860149383545,369.9200134277344,24.0
8915,29.0,257.0,8.141590118408203,426.8500061035156,26.0
8916,17.0,125.0,4.194253444671631,145.4499969482422,14.0
8917,30.0,266.0,8.163626670837402,456.80999755859375,27.0
8918,31.0,238.0,7.422303199768066,487.9549865722656,28.0
8919,30.0,253.0,7.982620716094971,456.875,27.0
8920,26.0,263.0,8.37138843536377,342.80499267578125,23.0
8921,31.0,259.0,8.554286003112793,487.8500061035156,28.0
8922,15.0,91.0,3.048536539077759,112.61000061035156,12.0
8923,17.0,112.0,3.7279162406921387,145.51499938964844,14.0
8924,19.0,132.0,4.293371200561523,182.4250030517578,16.0
8925,18.0,120.0,3.8854076862335205,163.47999572753906,15.0
8926,25.0,211.0,6.711660861968994,317.05999755859375,22.0
8927,8.0,29.0,0.8887938261032104,28.885000228881836,5.0
8928,8.0,40.0,1.2178879976272583,28.829999923706055,5.0
8929,18.0,127.0,4.0944504737854,163.44500732421875,15.0
8930,22.0,154.0,5.224916458129883,245.3300018310547,19.0
8931,31.0,265.0,8.598732948303223,487.82000732421875,28.0
8932,25.0,220.0,7.235937118530273,317.0150146484375,22.0
8933,25.0,167.0,5.511532306671143,317.2799987792969,22.0
8934,15.0,116.0,3.6575820446014404,112.48500061035156,12.0
8935,20.0,149.0,4.761168003082275,202.34500122070312,17.0
8936,15.0,78.0,2.3247270584106445,112.67500305175781,12.0
8937,25.0,168.0,5.572980880737305,317.2749938964844,22.0
8938,17.0,144.0,4.764176845550537,145.35499572753906,14.0
8939,34.0,298.0,9.449930191040039,586.6699829101562,31.0
8940,24.0,185.0,5.582054615020752,292.18499755859375,21.0
8941,31.0,251.0,8.049776077270508,487.8900146484375,28.0
8942,10.0,43.0,1.4487253427505493,47.82500076293945,7.0
8943,10.0,47.0,1.5544477701187134,47.80500030517578,7.0
8944,23.0,183.0,6.0792765617370605,268.19000244140625,20.0
8945,13.0,69.0,2.3281188011169434,83.70999908447266,10.0
8946,24.0,218.0,6.959224224090576,292.0199890136719,21.0
8947,26.0,221.0,7.327216625213623,343.0150146484375,23.0
8948,5.0,13.0,0.3567390441894531,7.949999809265137,2.0
8949,21.0,152.0,4.879451274871826,223.3350067138672,18.0
8950,32.0,269.0,8.798325538635254,519.8049926757812,29.0
8951,29.0,245.0,8.1881742477417,426.9100036621094,26.0
8952,24.0,186.0,6.274439334869385,292.17999267578125,21.0
8953,12.0,59.0,1.965449333190918,70.75499725341797,9.0
8954,28.0,288.0,9.244148254394531,397.69000244140625,25.0
8955,32.0,289.0,8.958348274230957,519.7050170898438,29.0
8956,4.0,14.0,0.4405471384525299,2.940000057220459,1.0
8957,11.0,59.0,1.8091344833374023,58.75,8.0
8958,18.0,137.0,4.288593292236328,163.39500427246094,15.0
8959,14.0,93.0,2.9222235679626465,97.59500122070312,11.0
8960,21.0,152.0,4.514132976531982,223.3350067138672,18.0
8961,15.0,82.0,2.3563318252563477,112.65499877929688,12.0
8962,32.0,288.0,9.3895263671875,519.7100219726562,29.0
8963,26.0,178.0,5.726938247680664,343.2300109863281,23.0
8964,29.0,246.0,8.383749008178711,426.9049987792969,26.0
8965,27.0,242.0,7.796735763549805,369.9150085449219,24.0
8966,28.0,268.0,8.475833892822266,397.7900085449219,25.0
8967,34.0,252.0,8.107924461364746,586.9000244140625,31.0
8968,6.0,24.0,0.927168607711792,13.899999618530273,3.0
8969,32.0,277.0,9.078683853149414,519.7650146484375,29.0
8970,15.0,101.0,3.3424324989318848,112.55999755859375,12.0
8971,6.0,21.0,0.7554837465286255,13.914999961853027,3.0
8972,25.0,212.0,6.548397541046143,317.05499267578125,22.0
8973,21.0,146.0,4.654638290405273,223.36500549316406,18.0
8974,25.0,225.0,6.857185363769531,316.989990234375,22.0
8975,27.0,225.0,6.916419506072998,370.0,24.0
8976,14.0,116.0,3.699234962463379,97.4800033569336,11.0
8977,15.0,77.0,2.519662857055664,112.68000030517578,12.0
8978,18.0,145.0,4.481240749359131,163.35499572753906,15.0
8979,24.0,242.0,7.745233058929443,291.8999938964844,21.0
8980,30.0,278.0,9.154119491577148,456.75,27.0
8981,14.0,87.0,2.848519802093506,97.625,11.0
8982,21.0,148.0,4.557372093200684,223.35499572753906,18.0
8983,23.0,206.0,7.230694770812988,268.07501220703125,20.0
8984,24.0,233.0,7.466450214385986,291.94500732421875,21.0
8985,8.0,32.0,1.0214085578918457,28.8700008392334,5.0
8986,9.0,60.0,1.8796708583831787,37.73500061035156,6.0
8987,19.0,132.0,4.246828556060791,182.4250030517578,16.0
8988,27.0,248.0,8.17257022857666,369.885009765625,24.0
8989,15.0,123.0,4.074690341949463,112.44999694824219,12.0
8990,29.0,204.0,6.831223964691162,427.114990234375,26.0
8991,20.0,134.0,4.630144119262695,202.4199981689453,17.0
8992,5.0,15.0,0.48261624574661255,7.940000057220459,2.0
8993,10.0,59.0,1.8458642959594727,47.744998931884766,7.0
8994,28.0,244.0,7.998567581176758,397.9100036621094,25.0
8995,14.0,67.0,2.3282408714294434,97.7249984741211,11.0
8996,8.0,41.0,1.259657621383667,28.825000762939453,5.0
8997,18.0,111.0,3.440868616104126,163.52499389648438,15.0
8998,19.0,126.0,4.098578929901123,182.4550018310547,16.0
8999,26.0,217.0,6.876408100128174,343.0350036621094,23.0
9000,5.0,5.0,0.17256709933280945,7.989999771118164,2.0
9001,23.0,184.0,5.948399543762207,268.18499755859375,20.0
9002,6.0,33.0,1.0240960121154785,13.854999542236328,3.0
9003,24.0,181.0,5.611924171447754,292.2049865722656,21.0
9004,26.0,204.0,6.775864124298096,343.1000061035156,23.0
9005,18.0,168.0,5.407553672790527,163.24000549316406,15.0
9006,7.0,35.0,1.080937147140503,20.850000381469727,4.0
9007,19.0,165.0,5.4789228439331055,182.25999450683594,16.0
9008,23.0,139.0,4.239298343658447,268.4100036621094,20.0
9009,28.0,258.0,8.119050025939941,397.8399963378906,25.0
9010,13.0,71.0,2.305023670196533,83.69999694824219,10.0
9011,27.0,233.0,7.60269832611084,369.9599914550781,24.0
9012,9.0,43.0,1.5130912065505981,37.81999969482422,6.0
9013,18.0,138.0,4.413417339324951,163.38999938964844,15.0
9014,12.0,67.0,2.185758590698242,70.71499633789062,9.0
9015,7.0,27.0,0.8659899830818176,20.889999389648438,4.0
9016,16.0,102.0,3.3267054557800293,128.55999755859375,13.0
9017,29.0,208.0,6.813090801239014,427.0950012207031,26.0
9018,20.0,126.0,4.171228885650635,202.4600067138672,17.0
9019,29.0,249.0,7.582185745239258,426.8900146484375,26.0
9020,18.0,173.0,5.441792011260986,163.21499633789062,15.0
9021,6.0,30.0,0.9079685807228088,13.869999885559082,3.0
9022,30.0,261.0,8.184113502502441,456.8349914550781,27.0
9023,23.0,183.0,6.119170188903809,268.19000244140625,20.0
9024,20.0,169.0,5.4653520584106445,202.2449951171875,17.0
9025,18.0,132.0,4.080428600311279,163.4199981689453,15.0
9026,7.0,25.0,0.772891640663147,20.899999618530273,4.0
9027,15.0,67.0,2.170348882675171,112.7300033569336,12.0
9028,33.0,290.0,9.100200653076172,552.7050170898438,30.0
9029,31.0,271.0,9.024234771728516,487.7900085449219,28.0
9030,20.0,133.0,4.202852249145508,202.4250030517578,17.0
9031,19.0,128.0,4.171993255615234,182.44500732421875,16.0
9032,30.0,265.0,8.634307861328125,456.81500244140625,27.0
9033,6.0,22.0,0.6905819177627563,13.90999984741211,3.0
9034,17.0,130.0,4.205530166625977,145.4250030517578,14.0
9035,20.0,133.0,4.220541000366211,202.4250030517578,17.0
9036,22.0,166.0,5.2053375244140625,245.27000427246094,19.0
9037,28.0,228.0,7.536966323852539,397.989990234375,25.0
9038,27.0,230.0,7.2148308753967285,369.9750061035156,24.0
9039,24.0,179.0,5.826720714569092,292.2149963378906,21.0
9040,13.0,73.0,2.3473222255706787,83.69000244140625,10.0
9041,24.0,180.0,6.153288841247559,292.2099914550781,21.0
9042,17.0,111.0,3.7458174228668213,145.52000427246094,14.0
9043,25.0,189.0,6.017683029174805,317.1700134277344,22.0
9044,14.0,95.0,2.912531614303589,97.58499908447266,11.0
9045,20.0,169.0,5.283918380737305,202.2449951171875,17.0
9046,16.0,122.0,3.9367611408233643,128.4600067138672,13.0
9047,11.0,62.0,1.885315179824829,58.73500061035156,8.0
9048,9.0,51.0,1.5889445543289185,37.779998779296875,6.0
9049,23.0,168.0,5.465213775634766,268.2650146484375,20.0
9050,18.0,139.0,4.400336265563965,163.38499450683594,15.0
9051,17.0,114.0,3.7662577629089355,145.5050048828125,14.0
9052,16.0,113.0,3.4110095500946045,128.5050048828125,13.0
9053,33.0,289.0,9.22335147857666,552.7100219726562,30.0
9054,9.0,45.0,1.4086922407150269,37.810001373291016,6.0
9055,13.0,78.0,2.465743064880371,83.66500091552734,10.0
9056,8.0,33.0,1.0744850635528564,28.864999771118164,5.0
9057,26.0,216.0,6.859577655792236,343.0400085449219,23.0
9058,22.0,131.0,3.9613564014434814,245.44500732421875,19.0
9059,5.0,9.0,0.28416770696640015,7.96999979019165,2.0
9060,9.0,37.0,1.1347191333770752,37.849998474121094,6.0
9061,5.0,21.0,0.7533939480781555,7.909999847412109,2.0
9062,16.0,128.0,4.048755645751953,128.42999267578125,13.0
9063,30.0,206.0,6.608786106109619,457.1099853515625,27.0
9064,24.0,152.0,4.733955383300781,292.3500061035156,21.0
9065,5.0,13.0,0.42868080735206604,7.949999809265137,2.0
9066,20.0,161.0,5.230993270874023,202.28500366210938,17.0
9067,30.0,301.0,9.59665584564209,456.635009765625,27.0
9068,20.0,131.0,4.2212233543396,202.43499755859375,17.0
9069,9.0,48.0,1.6208699941635132,37.79499816894531,6.0
9070,22.0,169.0,5.375712871551514,245.2550048828125,19.0
9071,16.0,110.0,3.438899278640747,128.52000427246094,13.0
9072,23.0,159.0,5.151111125946045,268.30999755859375,20.0
9073,15.0,92.0,2.789562702178955,112.6050033569336,12.0
9074,22.0,142.0,4.412420749664307,245.38999938964844,19.0
9075,17.0,124.0,4.272003173828125,145.4550018310547,14.0
9076,19.0,153.0,4.9474406242370605,182.32000732421875,16.0
9077,14.0,83.0,2.6150338649749756,97.6449966430664,11.0
9078,14.0,99.0,3.0826399326324463,97.56500244140625,11.0
9079,15.0,87.0,2.871544122695923,112.62999725341797,12.0
9080,22.0,209.0,6.723546981811523,245.05499267578125,19.0
9081,29.0,228.0,7.048222064971924,426.9949951171875,26.0
9082,15.0,120.0,3.684767723083496,112.46499633789062,12.0
9083,21.0,175.0,5.317703723907471,223.22000122070312,18.0
9084,19.0,135.0,4.228884220123291,182.41000366210938,16.0
9085,26.0,191.0,5.935449600219727,343.1650085449219,23.0
9086,30.0,249.0,8.241933822631836,456.8949890136719,27.0
9087,24.0,178.0,5.39976167678833,292.2200012207031,21.0
9088,14.0,93.0,2.8032937049865723,97.59500122070312,11.0
9089,10.0,55.0,1.7355936765670776,47.76499938964844,7.0
9090,15.0,90.0,2.7887701988220215,112.61499786376953,12.0
9091,28.0,260.0,8.696542739868164,397.8299865722656,25.0
9092,22.0,189.0,5.914137840270996,245.15499877929688,19.0
9093,22.0,156.0,4.965494632720947,245.32000732421875,19.0
9094,8.0,39.0,1.273762822151184,28.834999084472656,5.0
9095,27.0,204.0,6.2354736328125,370.1050109863281,24.0
9096,19.0,125.0,3.911754846572876,182.4600067138672,16.0
9097,26.0,202.0,6.2928009033203125,343.1099853515625,23.0
9098,32.0,277.0,9.165960311889648,519.7650146484375,29.0
9099,26.0,206.0,6.70173454284668,343.0899963378906,23.0
9100,25.0,191.0,5.845889568328857,317.1600036621094,22.0
9101,24.0,244.0,7.997000217437744,291.8900146484375,21.0
9102,18.0,149.0,4.853434085845947,163.3350067138672,15.0
9103,29.0,236.0,7.571476459503174,426.9549865722656,26.0
9104,9.0,48.0,1.6542866230010986,37.79499816894531,6.0
9105,12.0,70.0,2.1571664810180664,70.69999694824219,9.0
9106,16.0,91.0,2.925252914428711,128.61500549316406,13.0
9107,12.0,94.0,3.0346927642822266,70.58000183105469,9.0
9108,19.0,105.0,3.3965017795562744,182.55999755859375,16.0
9109,16.0,93.0,3.0813047885894775,128.60499572753906,13.0
9110,19.0,143.0,4.529064655303955,182.3699951171875,16.0
9111,22.0,209.0,6.4664225578308105,245.05499267578125,19.0
9112,4.0,6.0,0.17452724277973175,2.9800000190734863,1.0
9113,20.0,130.0,3.9861814975738525,202.44000244140625,17.0
9114,9.0,47.0,1.577081322669983,37.79999923706055,6.0
9115,18.0,119.0,4.144490718841553,163.48500061035156,15.0
9116,10.0,78.0,2.4190502166748047,47.650001525878906,7.0
9117,21.0,138.0,4.37141227722168,223.40499877929688,18.0
9118,20.0,134.0,4.067500591278076,202.4199981689453,17.0
9119,39.0,322.0,9.881895065307617,771.5750122070312,36.0
9120,20.0,132.0,4.049919605255127,202.42999267578125,17.0
9121,24.0,154.0,5.102952003479004,292.3399963378906,21.0
9122,7.0,30.0,0.9934946894645691,20.875,4.0
9123,28.0,200.0,6.493775844573975,398.1300048828125,25.0
9124,16.0,119.0,3.8066790103912354,128.47500610351562,13.0
9125,19.0,167.0,5.279173851013184,182.25,16.0
9126,27.0,179.0,5.91077184677124,370.2300109863281,24.0
9127,24.0,242.0,7.7105393409729,291.8999938964844,21.0
9128,18.0,163.0,5.106159210205078,163.26499938964844,15.0
9129,7.0,37.0,1.180783987045288,20.84000015258789,4.0
9130,18.0,145.0,4.549642086029053,163.35499572753906,15.0
9131,16.0,116.0,3.4500367641448975,128.49000549316406,13.0
9132,31.0,232.0,7.861073970794678,487.9849853515625,28.0
9133,29.0,268.0,9.061793327331543,426.7950134277344,26.0
9134,10.0,36.0,1.231061339378357,47.86000061035156,7.0
9135,7.0,45.0,1.5409059524536133,20.799999237060547,4.0
9136,18.0,123.0,4.171276569366455,163.46499633789062,15.0
9137,38.0,351.0,11.227866172790527,732.4249877929688,35.0
9138,25.0,182.0,5.838534832000732,317.2049865722656,22.0
9139,16.0,107.0,3.205249547958374,128.53500366210938,13.0
9140,17.0,123.0,3.9440979957580566,145.4600067138672,14.0
9141,19.0,115.0,3.8592467308044434,182.50999450683594,16.0
9142,28.0,220.0,7.059266090393066,398.0299987792969,25.0
9143,20.0,133.0,4.230167388916016,202.4250030517578,17.0
9144,15.0,87.0,2.9698431491851807,112.62999725341797,12.0
9145,27.0,219.0,7.404833793640137,370.0299987792969,24.0
9146,19.0,109.0,3.468088388442993,182.5399932861328,16.0
9147,10.0,61.0,1.9745370149612427,47.73500061035156,7.0
9148,16.0,107.0,3.3941171169281006,128.53500366210938,13.0
9149,31.0,260.0,8.38662338256836,487.8450012207031,28.0
9150,6.0,27.0,0.8904755711555481,13.885000228881836,3.0
9151,17.0,102.0,3.322190046310425,145.56500244140625,14.0
9152,32.0,277.0,9.221590995788574,519.7650146484375,29.0
9153,21.0,162.0,5.127148628234863,223.28500366210938,18.0
9154,21.0,169.0,5.1351847648620605,223.25,18.0
9155,4.0,5.0,0.15853337943553925,2.984999895095825,1.0
9156,20.0,128.0,4.115325927734375,202.4499969482422,17.0
9157,11.0,60.0,1.9730396270751953,58.744998931884766,8.0
9158,26.0,206.0,6.8633599281311035,343.0899963378906,23.0
9159,13.0,67.0,2.173867702484131,83.72000122070312,10.0
9160,11.0,66.0,2.4039313793182373,58.71500015258789,8.0
9161,24.0,172.0,5.562253952026367,292.25,21.0
9162,10.0,49.0,1.549240231513977,47.79499816894531,7.0
9163,7.0,34.0,1.217109203338623,20.854999542236328,4.0
9164,4.0,5.0,0.1975822150707245,2.984999895095825,1.0
9165,24.0,188.0,6.122008800506592,292.1700134277344,21.0
9166,15.0,91.0,2.9756994247436523,112.61000061035156,12.0
9167,34.0,309.0,9.919498443603516,586.614990234375,31.0
9168,12.0,59.0,1.8462806940078735,70.75499725341797,9.0
9169,28.0,274.0,8.760968208312988,397.760009765625,25.0
9170,22.0,179.0,5.782466411590576,245.2050018310547,19.0
9171,18.0,126.0,4.278452396392822,163.4499969482422,15.0
9172,16.0,107.0,3.5163846015930176,128.53500366210938,13.0
9173,40.0,303.0,9.583661079406738,811.6749877929688,37.0
9174,12.0,70.0,2.1171600818634033,70.69999694824219,9.0
9175,40.0,360.0,11.585415840148926,811.3900146484375,37.0
9176,17.0,106.0,3.2912285327911377,145.5449981689453,14.0
9177,27.0,174.0,5.828489303588867,370.2550048828125,24.0
9178,6.0,34.0,1.0799243450164795,13.850000381469727,3.0
9179,16.0,104.0,3.3737943172454834,128.5500030517578,13.0
9180,25.0,177.0,5.813199043273926,317.2300109863281,22.0
9181,29.0,212.0,6.842727184295654,427.07501220703125,26.0
9182,28.0,221.0,7.265701770782471,398.0249938964844,25.0
9183,17.0,109.0,3.4553399085998535,145.52999877929688,14.0
9184,26.0,206.0,6.772340774536133,343.0899963378906,23.0
9185,22.0,170.0,5.415978908538818,245.25,19.0
9186,20.0,121.0,4.150775909423828,202.48500061035156,17.0
9187,4.0,9.0,0.2550007700920105,2.9649999141693115,1.0
9188,19.0,144.0,4.72672176361084,182.36500549316406,16.0
9189,28.0,230.0,7.562575817108154,397.9800109863281,25.0
9190,15.0,84.0,2.6884562969207764,112.6449966430664,12.0
9191,25.0,201.0,6.6976423263549805,317.1099853515625,22.0
9192,15.0,110.0,3.557049036026001,112.51499938964844,12.0
9193,4.0,5.0,0.17193427681922913,2.984999895095825,1.0
9194,23.0,147.0,4.562735557556152,268.3699951171875,20.0
9195,7.0,27.0,0.9013420343399048,20.889999389648438,4.0
9196,28.0,231.0,7.496342182159424,397.9750061035156,25.0
9197,15.0,123.0,4.022023677825928,112.44999694824219,12.0
9198,17.0,117.0,3.6025710105895996,145.49000549316406,14.0
9199,9.0,42.0,1.2930362224578857,37.82500076293945,6.0
9200,20.0,132.0,4.207219123840332,202.42999267578125,17.0
9201,18.0,137.0,4.297481536865234,163.39500427246094,15.0
9202,15.0,114.0,3.582127094268799,112.49500274658203,12.0
9203,25.0,186.0,5.971211910247803,317.18499755859375,22.0
9204,8.0,46.0,1.6019734144210815,28.799999237060547,5.0
9205,30.0,268.0,8.533101081848145,456.79998779296875,27.0
9206,22.0,169.0,5.697181701660156,245.2550048828125,19.0
9207,5.0,19.0,0.6703997850418091,7.920000076293945,2.0
9208,25.0,210.0,7.130300998687744,317.06500244140625,22.0
9209,21.0,151.0,4.966549396514893,223.33999633789062,18.0
9210,27.0,208.0,6.576186656951904,370.0849914550781,24.0
9211,25.0,210.0,6.498171329498291,317.06500244140625,22.0
9212,15.0,90.0,2.781820774078369,112.61499786376953,12.0
9213,22.0,155.0,4.93706750869751,245.3249969482422,19.0
9214,24.0,203.0,6.886337757110596,292.0950012207031,21.0
9215,7.0,33.0,1.0529695749282837,20.860000610351562,4.0
9216,22.0,154.0,5.185364723205566,245.3300018310547,19.0
9217,14.0,90.0,2.8534295558929443,97.61000061035156,11.0
9218,17.0,162.0,5.131967067718506,145.26499938964844,14.0
9219,20.0,133.0,4.175164222717285,202.4250030517578,17.0
9220,24.0,213.0,6.744059085845947,292.0450134277344,21.0
9221,21.0,148.0,4.7196149826049805,223.35499572753906,18.0
9222,28.0,223.0,7.257229804992676,398.0150146484375,25.0
9223,14.0,106.0,3.675368309020996,97.52999877929688,11.0
9224,10.0,58.0,1.9343926906585693,47.75,7.0
9225,23.0,193.0,6.3145952224731445,268.1400146484375,20.0
9226,11.0,54.0,1.744894027709961,58.775001525878906,8.0
9227,15.0,108.0,3.359358787536621,112.5250015258789,12.0
9228,22.0,167.0,5.2169928550720215,245.26499938964844,19.0
9229,11.0,61.0,1.8813494443893433,58.7400016784668,8.0
9230,17.0,122.0,3.8835220336914062,145.46499633789062,14.0
9231,21.0,181.0,5.9703369140625,223.19000244140625,18.0
9232,20.0,169.0,5.168880939483643,202.2449951171875,17.0
9233,22.0,223.0,7.170473575592041,244.98500061035156,19.0
9234,22.0,156.0,5.232759475708008,245.32000732421875,19.0
9235,18.0,119.0,3.6360421180725098,163.48500061035156,15.0
9236,24.0,160.0,5.048239231109619,292.30999755859375,21.0
9237,31.0,268.0,8.159727096557617,487.80499267578125,28.0
9238,23.0,228.0,7.575119972229004,267.9649963378906,20.0
9239,30.0,226.0,7.762602806091309,457.010009765625,27.0
9240,26.0,203.0,6.711361885070801,343.1050109863281,23.0
9241,15.0,108.0,3.582042694091797,112.5250015258789,12.0
9242,18.0,130.0,3.997908115386963,163.42999267578125,15.0
9243,15.0,103.0,3.254641056060791,112.55000305175781,12.0
9244,20.0,133.0,4.304937839508057,202.4250030517578,17.0
9245,21.0,172.0,5.525376319885254,223.23500061035156,18.0
9246,18.0,140.0,4.414671897888184,163.3800048828125,15.0
9247,27.0,192.0,6.376002311706543,370.1650085449219,24.0
9248,5.0,29.0,0.9565064311027527,7.869999885559082,2.0
9249,17.0,117.0,3.713045358657837,145.49000549316406,14.0
9250,13.0,69.0,2.198570489883423,83.70999908447266,10.0
9251,27.0,216.0,6.799448490142822,370.0450134277344,24.0
9252,22.0,151.0,4.729127407073975,245.34500122070312,19.0
9253,14.0,92.0,2.989043951034546,97.5999984741211,11.0
9254,12.0,62.0,1.869570016860962,70.73999786376953,9.0
9255,5.0,9.0,0.2788739800453186,7.96999979019165,2.0
9256,11.0,69.0,2.09246563911438,58.70000076293945,8.0
9257,19.0,133.0,4.101530075073242,182.4199981689453,16.0
9258,8.0,38.0,1.2912198305130005,28.84000015258789,5.0
9259,9.0,76.0,2.5448944568634033,37.654998779296875,6.0
9260,22.0,189.0,6.282747745513916,245.15499877929688,19.0
9261,25.0,172.0,5.371912002563477,317.2550048828125,22.0
9262,25.0,218.0,7.017666339874268,317.0249938964844,22.0
9263,28.0,246.0,7.989151477813721,397.8999938964844,25.0
9264,14.0,73.0,2.218475818634033,97.69499969482422,11.0
9265,5.0,37.0,1.1426564455032349,7.829999923706055,2.0
9266,14.0,92.0,2.7991180419921875,97.5999984741211,11.0
9267,37.0,383.0,12.246683120727539,694.260009765625,34.0
9268,8.0,32.0,1.0437121391296387,28.8700008392334,5.0
9269,26.0,250.0,7.877716541290283,342.8699951171875,23.0
9270,23.0,194.0,6.244263648986816,268.135009765625,20.0
9271,10.0,55.0,1.6743043661117554,47.76499938964844,7.0
9272,30.0,230.0,7.384393692016602,456.989990234375,27.0
9273,18.0,123.0,3.9544875621795654,163.46499633789062,15.0
9274,31.0,218.0,6.911576271057129,488.05499267578125,28.0
9275,17.0,104.0,3.31710147857666,145.55499267578125,14.0
9276,6.0,23.0,0.8072366118431091,13.904999732971191,3.0
9277,12.0,54.0,1.8343656063079834,70.77999877929688,9.0
9278,16.0,102.0,3.3689866065979004,128.55999755859375,13.0
9279,15.0,139.0,4.347340106964111,112.37000274658203,12.0
9280,19.0,146.0,4.7931623458862305,182.35499572753906,16.0
9281,35.0,254.0,8.3485689163208,621.89501953125,32.0
9282,5.0,14.0,0.41053181886672974,7.945000171661377,2.0
9283,16.0,91.0,2.8659868240356445,128.61500549316406,13.0
9284,11.0,62.0,1.9545769691467285,58.73500061035156,8.0
9285,20.0,145.0,4.8176374435424805,202.36500549316406,17.0
9286,31.0,276.0,9.083327293395996,487.7650146484375,28.0
9287,15.0,105.0,3.2277841567993164,112.54000091552734,12.0
9288,29.0,254.0,8.679522514343262,426.864990234375,26.0
9289,34.0,201.0,6.187553882598877,587.155029296875,31.0
9290,18.0,115.0,3.65804386138916,163.5050048828125,15.0
9291,6.0,23.0,0.7030727863311768,13.904999732971191,3.0
9292,17.0,115.0,3.554675340652466,145.5,14.0
9293,18.0,134.0,4.279038429260254,163.41000366210938,15.0
9294,21.0,166.0,5.664587020874023,223.26499938964844,18.0
9295,27.0,183.0,6.460957050323486,370.2099914550781,24.0
9296,28.0,236.0,7.742588996887207,397.95001220703125,25.0
9297,21.0,143.0,4.496825695037842,223.3800048828125,18.0
9298,24.0,165.0,5.390944957733154,292.2850036621094,21.0
9299,22.0,192.0,6.537420272827148,245.13999938964844,19.0
9300,21.0,166.0,5.265491962432861,223.26499938964844,18.0
9301,9.0,36.0,1.195479393005371,37.85499954223633,6.0
9302,17.0,125.0,3.906843423843384,145.4499969482422,14.0
9303,12.0,77.0,2.603106737136841,70.66500091552734,9.0
9304,18.0,142.0,4.687076568603516,163.3699951171875,15.0
9305,12.0,63.0,2.2241058349609375,70.73500061035156,9.0
9306,23.0,166.0,5.355590343475342,268.2749938964844,20.0
9307,16.0,90.0,3.0011396408081055,128.6199951171875,13.0
9308,8.0,31.0,1.0059514045715332,28.875,5.0
9309,25.0,177.0,5.728102684020996,317.2300109863281,22.0
9310,14.0,84.0,2.579416513442993,97.63999938964844,11.0
9311,20.0,128.0,4.093818187713623,202.4499969482422,17.0
9312,27.0,232.0,7.437918663024902,369.9649963378906,24.0
9313,29.0,201.0,6.412441253662109,427.1300048828125,26.0
9314,20.0,132.0,4.110972881317139,202.42999267578125,17.0
9315,25.0,197.0,6.3512701988220215,317.1300048828125,22.0
9316,11.0,60.0,1.8488478660583496,58.744998931884766,8.0
9317,11.0,67.0,2.214761257171631,58.709999084472656,8.0
9318,24.0,231.0,7.591886043548584,291.9549865722656,21.0
9319,22.0,155.0,5.004754543304443,245.3249969482422,19.0
9320,22.0,153.0,4.742033004760742,245.3350067138672,19.0
9321,28.0,257.0,8.206169128417969,397.8450012207031,25.0
9322,7.0,29.0,0.9739261269569397,20.8799991607666,4.0
9323,17.0,109.0,3.5953569412231445,145.52999877929688,14.0
9324,14.0,85.0,3.004901647567749,97.63500213623047,11.0
9325,33.0,309.0,10.507489204406738,552.6099853515625,30.0
9326,25.0,246.0,7.660552024841309,316.885009765625,22.0
9327,10.0,52.0,1.7029814720153809,47.779998779296875,7.0
9328,20.0,115.0,3.7724244594573975,202.51499938964844,17.0
9329,22.0,147.0,4.602580547332764,245.36500549316406,19.0
9330,13.0,83.0,2.660679340362549,83.63999938964844,10.0
9331,27.0,258.0,8.420735359191895,369.8349914550781,24.0
9332,38.0,365.0,12.078438758850098,732.35498046875,35.0
9333,22.0,141.0,4.681054592132568,245.39500427246094,19.0
9334,23.0,153.0,4.84787130355835,268.3399963378906,20.0
9335,10.0,62.0,1.9719834327697754,47.72999954223633,7.0
9336,14.0,93.0,3.0641636848449707,97.59500122070312,11.0
9337,23.0,147.0,4.454771995544434,268.3699951171875,20.0
9338,5.0,29.0,0.8872904181480408,7.869999885559082,2.0
9339,19.0,137.0,4.3662261962890625,182.39999389648438,16.0
9340,19.0,147.0,4.673885822296143,182.35000610351562,16.0
9341,7.0,25.0,0.7943346500396729,20.899999618530273,4.0
9342,14.0,100.0,3.133547306060791,97.55999755859375,11.0
9343,15.0,97.0,3.0896778106689453,112.58000183105469,12.0
9344,17.0,122.0,3.820648670196533,145.46499633789062,14.0
9345,17.0,127.0,4.2552080154418945,145.44000244140625,14.0
9346,23.0,225.0,7.481386184692383,267.9800109863281,20.0
9347,22.0,156.0,4.89371919631958,245.32000732421875,19.0
9348,24.0,171.0,5.26816463470459,292.2550048828125,21.0
9349,22.0,178.0,5.8359551429748535,245.2100067138672,19.0
9350,13.0,81.0,2.5928478240966797,83.6500015258789,10.0
9351,38.0,314.0,10.068504333496094,732.6099853515625,35.0
9352,26.0,235.0,7.357995510101318,342.94500732421875,23.0
9353,10.0,60.0,1.7561721801757812,47.7400016784668,7.0
9354,28.0,194.0,5.884074687957764,398.1600036621094,25.0
9355,27.0,231.0,7.1063995361328125,369.9700012207031,24.0
9356,9.0,34.0,1.0268268585205078,37.8650016784668,6.0
9357,21.0,153.0,4.736706256866455,223.3300018310547,18.0
9358,24.0,179.0,5.642743110656738,292.2149963378906,21.0
9359,31.0,265.0,8.576672554016113,487.82000732421875,28.0
9360,9.0,49.0,1.5009667873382568,37.790000915527344,6.0
9361,15.0,95.0,3.1059131622314453,112.58999633789062,12.0
9362,29.0,243.0,7.729811668395996,426.9200134277344,26.0
9363,19.0,128.0,4.068838119506836,182.44500732421875,16.0
9364,21.0,152.0,5.033260345458984,223.3350067138672,18.0
9365,22.0,205.0,6.707153797149658,245.0749969482422,19.0
9366,7.0,15.0,0.43606916069984436,20.950000762939453,4.0
9367,18.0,101.0,3.184377670288086,163.5749969482422,15.0
9368,22.0,167.0,5.390916347503662,245.26499938964844,19.0
9369,29.0,188.0,6.074098587036133,427.19500732421875,26.0
9370,20.0,184.0,6.063229560852051,202.1699981689453,17.0
9371,29.0,321.0,10.437638282775879,426.5299987792969,26.0
9372,14.0,71.0,2.204495429992676,97.70500183105469,11.0
9373,25.0,185.0,5.873871803283691,317.19000244140625,22.0
9374,24.0,158.0,5.114751815795898,292.32000732421875,21.0
9375,24.0,196.0,6.0265936851501465,292.1300048828125,21.0
9376,16.0,122.0,3.9020164012908936,128.4600067138672,13.0
9377,23.0,171.0,5.597658634185791,268.25,20.0
9378,29.0,281.0,9.090734481811523,426.7300109863281,26.0
9379,25.0,202.0,6.697023391723633,317.1050109863281,22.0
9380,14.0,74.0,2.334171772003174,97.69000244140625,11.0
9381,25.0,189.0,6.24407958984375,317.1700134277344,22.0
9382,31.0,261.0,8.460987091064453,487.8399963378906,28.0
9383,19.0,128.0,3.8840138912200928,182.44500732421875,16.0
9384,12.0,65.0,2.0369153022766113,70.7249984741211,9.0
9385,10.0,54.0,1.6440256834030151,47.77000045776367,7.0
9386,14.0,119.0,3.7999277114868164,97.46499633789062,11.0
9387,25.0,222.0,7.0860795974731445,317.0050048828125,22.0
9388,23.0,190.0,6.257381916046143,268.1549987792969,20.0
9389,27.0,271.0,8.559961318969727,369.7699890136719,24.0
9390,16.0,102.0,3.3287782669067383,128.55999755859375,13.0
9391,21.0,159.0,5.283564567565918,223.3000030517578,18.0
9392,22.0,147.0,4.7891716957092285,245.36500549316406,19.0
9393,12.0,66.0,2.0852270126342773,70.72000122070312,9.0
9394,23.0,169.0,5.496223449707031,268.260009765625,20.0
9395,19.0,143.0,4.482003211975098,182.3699951171875,16.0
9396,4.0,7.0,0.20863699913024902,2.9749999046325684,1.0
9397,16.0,102.0,3.2617714405059814,128.55999755859375,13.0
9398,19.0,155.0,4.915656089782715,182.30999755859375,16.0
9399,27.0,131.0,4.225170135498047,370.4700012207031,24.0
9400,10.0,78.0,2.371361255645752,47.650001525878906,7.0
9401,27.0,202.0,7.029829025268555,370.114990234375,24.0
9402,30.0,340.0,10.895572662353516,456.44000244140625,27.0
9403,10.0,47.0,1.4952212572097778,47.80500030517578,7.0
9404,23.0,188.0,6.232467174530029,268.1650085449219,20.0
9405,10.0,70.0,2.164771795272827,47.689998626708984,7.0
9406,21.0,133.0,4.256556034088135,223.42999267578125,18.0
9407,10.0,69.0,2.2140755653381348,47.69499969482422,7.0
9408,16.0,91.0,3.032417058944702,128.61500549316406,13.0
9409,27.0,223.0,6.963454723358154,370.010009765625,24.0
9410,6.0,29.0,0.902637779712677,13.875,3.0
9411,25.0,152.0,4.915849685668945,317.3550109863281,22.0
9412,18.0,114.0,3.686048746109009,163.50999450683594,15.0
9413,19.0,120.0,3.9878833293914795,182.48500061035156,16.0
9414,31.0,266.0,8.904943466186523,487.81500244140625,28.0
9415,12.0,91.0,3.0200486183166504,70.59500122070312,9.0
9416,7.0,31.0,1.0793178081512451,20.8700008392334,4.0
9417,18.0,127.0,4.032312393188477,163.44500732421875,15.0
9418,25.0,207.0,6.7178955078125,317.0799865722656,22.0
9419,27.0,181.0,5.966958999633789,370.2200012207031,24.0
9420,5.0,14.0,0.479952335357666,7.945000171661377,2.0
9421,31.0,268.0,8.738438606262207,487.80499267578125,28.0
9422,23.0,183.0,6.291790008544922,268.19000244140625,20.0
9423,37.0,294.0,9.103275299072266,694.7050170898438,34.0
9424,34.0,270.0,8.458757400512695,586.8099975585938,31.0
9425,22.0,174.0,6.024892330169678,245.22999572753906,19.0
9426,24.0,196.0,6.1533308029174805,292.1300048828125,21.0
9427,19.0,112.0,3.4603917598724365,182.52499389648438,16.0
9428,32.0,252.0,8.263282775878906,519.8900146484375,29.0
9429,25.0,200.0,6.259238243103027,317.114990234375,22.0
9430,25.0,180.0,6.0661091804504395,317.2149963378906,22.0
9431,17.0,115.0,3.695892095565796,145.5,14.0
9432,23.0,207.0,6.687555313110352,268.07000732421875,20.0
9433,9.0,55.0,1.727724313735962,37.7599983215332,6.0
9434,23.0,200.0,6.403195381164551,268.1050109863281,20.0
9435,26.0,225.0,7.053231239318848,342.9949951171875,23.0
9436,22.0,197.0,6.317410945892334,245.11500549316406,19.0
9437,28.0,208.0,6.759000778198242,398.0899963378906,25.0
9438,13.0,88.0,2.8008763790130615,83.61499786376953,10.0
9439,15.0,129.0,3.9240057468414307,112.41999816894531,12.0
9440,26.0,195.0,6.352285861968994,343.1449890136719,23.0
9441,9.0,40.0,1.3769595623016357,37.834999084472656,6.0
9442,18.0,95.0,3.219597101211548,163.60499572753906,15.0
9443,31.0,229.0,7.626406192779541,488.0,28.0
9444,6.0,15.0,0.5087270736694336,13.944999694824219,3.0
9445,14.0,86.0,2.748013973236084,97.62999725341797,11.0
9446,23.0,182.0,5.889779567718506,268.19500732421875,20.0
9447,15.0,83.0,2.3932173252105713,112.6500015258789,12.0
9448,14.0,109.0,3.6230335235595703,97.51499938964844,11.0
9449,15.0,102.0,3.42326283454895,112.55500030517578,12.0
9450,34.0,334.0,10.834846496582031,586.489990234375,31.0
9451,18.0,121.0,3.7441513538360596,163.47500610351562,15.0
9452,21.0,166.0,5.039327144622803,223.26499938964844,18.0
9453,34.0,335.0,10.918229103088379,586.4849853515625,31.0
9454,11.0,52.0,1.7181105613708496,58.78499984741211,8.0
9455,34.0,255.0,8.304330825805664,586.885009765625,31.0
9456,21.0,172.0,5.472612380981445,223.23500061035156,18.0
9457,11.0,66.0,2.1587843894958496,58.71500015258789,8.0
9458,12.0,66.0,2.2238597869873047,70.72000122070312,9.0
9459,21.0,164.0,5.339554786682129,223.27499389648438,18.0
9460,10.0,55.0,1.739024043083191,47.76499938964844,7.0
9461,12.0,71.0,2.244729995727539,70.69499969482422,9.0
9462,28.0,226.0,7.495185852050781,398.0,25.0
9463,22.0,171.0,5.425586223602295,245.2449951171875,19.0
9464,14.0,86.0,2.8317923545837402,97.62999725341797,11.0
9465,19.0,111.0,3.6710736751556396,182.52999877929688,16.0
9466,19.0,111.0,3.6141440868377686,182.52999877929688,16.0
9467,32.0,283.0,9.14415454864502,519.7349853515625,29.0
9468,27.0,230.0,7.57643461227417,369.9750061035156,24.0
9469,7.0,35.0,1.0989924669265747,20.850000381469727,4.0
9470,20.0,130.0,4.059885501861572,202.44000244140625,17.0
9471,31.0,276.0,9.176827430725098,487.7650146484375,28.0
9472,23.0,235.0,7.995481967926025,267.92999267578125,20.0
9473,25.0,155.0,5.010748386383057,317.3399963378906,22.0
9474,31.0,271.0,8.650899887084961,487.7900085449219,28.0
9475,31.0,286.0,8.90576171875,487.7149963378906,28.0
9476,13.0,70.0,2.3385558128356934,83.70500183105469,10.0
9477,13.0,88.0,2.9575772285461426,83.61499786376953,10.0
9478,26.0,205.0,6.457459926605225,343.0950012207031,23.0
9479,28.0,226.0,7.366112232208252,398.0,25.0
9480,13.0,74.0,2.440211534500122,83.68499755859375,10.0
9481,5.0,20.0,0.6984143853187561,7.914999961853027,2.0
9482,28.0,202.0,6.863694190979004,398.1199951171875,25.0
9483,18.0,116.0,3.9178481101989746,163.5,15.0
9484,20.0,131.0,4.154877185821533,202.43499755859375,17.0
9485,20.0,117.0,3.7092881202697754,202.5050048828125,17.0
9486,38.0,358.0,11.365180015563965,732.3900146484375,35.0
9487,6.0,16.0,0.46418386697769165,13.9399995803833,3.0
9488,29.0,255.0,7.965708255767822,426.8599853515625,26.0
9489,30.0,233.0,7.519928932189941,456.9750061035156,27.0
9490,24.0,195.0,6.357741832733154,292.135009765625,21.0
9491,34.0,299.0,9.926942825317383,586.6649780273438,31.0
9492,30.0,259.0,8.443277359008789,456.8450012207031,27.0
9493,4.0,9.0,0.3241207003593445,2.9649999141693115,1.0
9494,17.0,130.0,4.129563331604004,145.4250030517578,14.0
9495,18.0,100.0,3.1956307888031006,163.5800018310547,15.0
9496,23.0,157.0,4.970712184906006,268.32000732421875,20.0
9497,23.0,183.0,6.025515556335449,268.19000244140625,20.0
9498,24.0,159.0,5.076720237731934,292.31500244140625,21.0
9499,33.0,334.0,10.695046424865723,552.4849853515625,30.0
9500,12.0,50.0,1.6488958597183228,70.80000305175781,9.0
9501,22.0,183.0,5.739444255828857,245.18499755859375,19.0
9502,26.0,155.0,5.159490585327148,343.3450012207031,23.0
9503,13.0,81.0,2.5734357833862305,83.6500015258789,10.0
9504,27.0,218.0,7.068803310394287,370.0350036621094,24.0
9505,25.0,190.0,6.004724979400635,317.1650085449219,22.0
9506,17.0,82.0,2.647433042526245,145.6649932861328,14.0
9507,5.0,9.0,0.25065937638282776,7.96999979019165,2.0
9508,25.0,206.0,6.520326614379883,317.0849914550781,22.0
9509,16.0,118.0,3.65303635597229,128.47999572753906,13.0
9510,17.0,91.0,2.887537956237793,145.6199951171875,14.0
9511,18.0,122.0,4.068068504333496,163.47000122070312,15.0
9512,18.0,129.0,3.976121425628662,163.43499755859375,15.0
9513,25.0,206.0,6.539358139038086,317.0849914550781,22.0
9514,25.0,175.0,5.985473155975342,317.239990234375,22.0
9515,27.0,243.0,7.726378440856934,369.9100036621094,24.0
9516,25.0,210.0,6.914921760559082,317.06500244140625,22.0
9517,16.0,107.0,3.4055585861206055,128.53500366210938,13.0
9518,10.0,68.0,2.2353758811950684,47.70000076293945,7.0
9519,27.0,233.0,7.646514415740967,369.9599914550781,24.0
9520,5.0,12.0,0.44742220640182495,7.954999923706055,2.0
9521,10.0,46.0,1.5071935653686523,47.810001373291016,7.0
9522,18.0,131.0,4.410090446472168,163.4250030517578,15.0
9523,22.0,182.0,6.087106227874756,245.19000244140625,19.0
9524,25.0,183.0,6.2556586265563965,317.20001220703125,22.0
9525,27.0,203.0,6.633330821990967,370.1099853515625,24.0
9526,22.0,176.0,5.681321620941162,245.22000122070312,19.0
9527,18.0,124.0,4.14877462387085,163.4600067138672,15.0
9528,21.0,153.0,4.652322769165039,223.3300018310547,18.0
9529,32.0,253.0,8.356709480285645,519.885009765625,29.0
9530,28.0,187.0,5.993217468261719,398.19500732421875,25.0
9531,17.0,88.0,2.93817400932312,145.63499450683594,14.0
9532,5.0,19.0,0.6197232604026794,7.920000076293945,2.0
9533,19.0,121.0,3.7296688556671143,182.47999572753906,16.0
9534,8.0,46.0,1.5033903121948242,28.799999237060547,5.0
9535,29.0,206.0,6.632059097290039,427.1050109863281,26.0
9536,32.0,331.0,10.770499229431152,519.4949951171875,29.0
9537,8.0,39.0,1.2832833528518677,28.834999084472656,5.0
9538,28.0,211.0,6.656846046447754,398.07501220703125,25.0
9539,22.0,191.0,6.10910177230835,245.14500427246094,19.0
9540,24.0,168.0,5.638438701629639,292.2699890136719,21.0
9541,14.0,73.0,2.497164487838745,97.69499969482422,11.0
9542,16.0,92.0,3.1156272888183594,128.61000061035156,13.0
9543,27.0,242.0,7.75860071182251,369.9150085449219,24.0
9544,34.0,357.0,11.7847900390625,586.375,31.0
9545,8.0,48.0,1.4665155410766602,28.790000915527344,5.0
9546,16.0,110.0,3.5700082778930664,128.52000427246094,13.0
9547,15.0,106.0,3.305490016937256,112.53500366210938,12.0
9548,31.0,248.0,7.850565433502197,487.9049987792969,28.0
9549,5.0,17.0,0.5941351652145386,7.929999828338623,2.0
9550,26.0,189.0,6.244961261749268,343.17498779296875,23.0
9551,30.0,206.0,6.62615966796875,457.1099853515625,27.0
9552,7.0,45.0,1.4908093214035034,20.799999237060547,4.0
9553,16.0,84.0,2.7939651012420654,128.64999389648438,13.0
9554,11.0,84.0,2.6314268112182617,58.625,8.0
9555,15.0,90.0,2.8328590393066406,112.61499786376953,12.0
9556,39.0,336.0,10.704835891723633,771.5050048828125,36.0
9557,28.0,232.0,7.481431007385254,397.9700012207031,25.0
9558,32.0,330.0,10.51107406616211,519.5,29.0
9559,6.0,22.0,0.7070982456207275,13.90999984741211,3.0
9560,26.0,163.0,5.2507853507995605,343.30499267578125,23.0
9561,17.0,137.0,4.572392463684082,145.38999938964844,14.0
9562,27.0,218.0,6.942572593688965,370.0350036621094,24.0
9563,15.0,88.0,2.8146071434020996,112.625,12.0
9564,19.0,129.0,4.174275875091553,182.44000244140625,16.0
9565,17.0,95.0,3.1467185020446777,145.60000610351562,14.0
9566,8.0,37.0,1.3153318166732788,28.844999313354492,5.0
9567,32.0,240.0,7.503416538238525,519.9500122070312,29.0
9568,24.0,170.0,5.279273509979248,292.260009765625,21.0
9569,23.0,190.0,6.103903770446777,268.1549987792969,20.0
9570,23.0,147.0,4.581636428833008,268.3699951171875,20.0
9571,19.0,139.0,4.299923896789551,182.38999938964844,16.0
9572,16.0,106.0,3.4494731426239014,128.5399932861328,13.0
9573,20.0,136.0,4.65658712387085,202.41000366210938,17.0
9574,30.0,246.0,8.458902359008789,456.9100036621094,27.0
9575,33.0,247.0,8.160489082336426,552.9199829101562,30.0
9576,26.0,198.0,6.51352071762085,343.1300048828125,23.0
9577,31.0,244.0,7.8013014793396,487.92498779296875,28.0
9578,29.0,246.0,7.831441879272461,426.9049987792969,26.0
9579,33.0,261.0,8.227665901184082,552.8499755859375,30.0
9580,9.0,52.0,1.6513636112213135,37.775001525878906,6.0
9581,12.0,76.0,2.416896343231201,70.66999816894531,9.0
9582,11.0,60.0,1.9484105110168457,58.744998931884766,8.0
9583,25.0,169.0,5.3306565284729,317.2699890136719,22.0
9584,33.0,246.0,8.153375625610352,552.9249877929688,30.0
9585,16.0,96.0,3.2336323261260986,128.58999633789062,13.0
9586,20.0,174.0,5.696555137634277,202.22000122070312,17.0
9587,17.0,110.0,3.6885924339294434,145.52499389648438,14.0
9588,5.0,21.0,0.7380968928337097,7.909999847412109,2.0
9589,28.0,274.0,8.619772911071777,397.760009765625,25.0
9590,33.0,223.0,7.686098098754883,553.0399780273438,30.0
9591,16.0,93.0,3.086695671081543,128.60499572753906,13.0
9592,19.0,113.0,3.8965094089508057,182.52000427246094,16.0
9593,27.0,215.0,7.150306224822998,370.04998779296875,24.0
9594,35.0,281.0,9.535823822021484,621.760009765625,32.0
9595,17.0,140.0,4.459130764007568,145.375,14.0
9596,30.0,229.0,7.086066246032715,456.9949951171875,27.0
9597,20.0,127.0,4.060209274291992,202.4550018310547,17.0
9598,23.0,184.0,5.863141059875488,268.18499755859375,20.0
9599,13.0,84.0,3.066866397857666,83.63500213623047,10.0
9600,23.0,203.0,6.677028656005859,268.0899963378906,20.0
9601,19.0,140.0,4.557225227355957,182.38499450683594,16.0
9602,20.0,151.0,5.114999294281006,202.3350067138672,17.0
9603,25.0,164.0,5.24012565612793,317.2950134277344,22.0
9604,10.0,63.0,2.006549119949341,47.724998474121094,7.0
9605,21.0,176.0,5.823976993560791,223.21499633789062,18.0
9606,29.0,242.0,7.972596645355225,426.92498779296875,26.0
9607,21.0,144.0,4.941215991973877,223.375,18.0
9608,16.0,139.0,4.63482141494751,128.375,13.0
9609,21.0,152.0,5.150524616241455,223.3350067138672,18.0
9610,37.0,386.0,12.680914878845215,694.2449951171875,34.0
9611,11.0,59.0,1.8828078508377075,58.75,8.0
9612,24.0,186.0,6.18876838684082,292.17999267578125,21.0
9613,27.0,212.0,6.838501453399658,370.06500244140625,24.0
9614,32.0,271.0,8.2498140335083,519.7949829101562,29.0
9615,18.0,100.0,3.160318613052368,163.5800018310547,15.0
9616,8.0,39.0,1.2395955324172974,28.834999084472656,5.0
9617,16.0,99.0,3.1772027015686035,128.5749969482422,13.0
9618,11.0,73.0,2.4619476795196533,58.68000030517578,8.0
9619,28.0,195.0,6.393615245819092,398.1549987792969,25.0
9620,18.0,142.0,4.710661888122559,163.3699951171875,15.0
9621,39.0,358.0,11.332029342651367,771.39501953125,36.0
9622,11.0,60.0,1.9503037929534912,58.744998931884766,8.0
9623,22.0,158.0,5.255512714385986,245.30999755859375,19.0
9624,7.0,32.0,1.126757025718689,20.864999771118164,4.0
9625,28.0,233.0,7.604868412017822,397.9649963378906,25.0
9626,7.0,41.0,1.280395746231079,20.81999969482422,4.0
9627,22.0,168.0,5.354075908660889,245.25999450683594,19.0
9628,13.0,61.0,2.046894073486328,83.75,10.0
9629,31.0,245.0,8.094016075134277,487.9200134277344,28.0
9630,21.0,125.0,3.9736857414245605,223.47000122070312,18.0
9631,31.0,236.0,7.812994956970215,487.9649963378906,28.0
9632,29.0,257.0,8.271140098571777,426.8500061035156,26.0
9633,10.0,67.0,2.090329647064209,47.70500183105469,7.0
9634,12.0,56.0,1.7641589641571045,70.7699966430664,9.0
9635,34.0,326.0,10.326421737670898,586.530029296875,31.0
9636,14.0,93.0,2.8924243450164795,97.59500122070312,11.0
9637,26.0,212.0,6.749655723571777,343.05999755859375,23.0
9638,23.0,189.0,6.2856364250183105,268.1600036621094,20.0
9639,9.0,47.0,1.5178344249725342,37.79999923706055,6.0
9640,27.0,200.0,6.385223388671875,370.125,24.0
9641,13.0,89.0,2.941976308822632,83.61000061035156,10.0
9642,15.0,85.0,2.6490836143493652,112.63999938964844,12.0
9643,14.0,117.0,3.8717997074127197,97.4749984741211,11.0
9644,12.0,67.0,2.228318691253662,70.71499633789062,9.0
9645,9.0,55.0,1.6600180864334106,37.7599983215332,6.0
9646,7.0,37.0,1.1488643884658813,20.84000015258789,4.0
9647,30.0,255.0,8.427680969238281,456.864990234375,27.0
9648,34.0,286.0,9.155017852783203,586.72998046875,31.0
9649,29.0,203.0,6.475485324859619,427.1199951171875,26.0
9650,33.0,287.0,9.160715103149414,552.719970703125,30.0
9651,13.0,75.0,2.4014570713043213,83.68000030517578,10.0
9652,27.0,175.0,5.737100601196289,370.25,24.0
9653,32.0,276.0,8.970178604125977,519.77001953125,29.0
9654,6.0,29.0,0.9491387009620667,13.875,3.0
9655,12.0,72.0,2.4566402435302734,70.69000244140625,9.0
9656,24.0,217.0,7.235703945159912,292.0249938964844,21.0
9657,23.0,156.0,5.076446533203125,268.32501220703125,20.0
9658,20.0,137.0,4.599612236022949,202.40499877929688,17.0
9659,26.0,219.0,6.9121551513671875,343.0249938964844,23.0
9660,20.0,120.0,3.7514426708221436,202.49000549316406,17.0
9661,8.0,44.0,1.3688105344772339,28.809999465942383,5.0
9662,29.0,250.0,8.121272087097168,426.885009765625,26.0
9663,5.0,20.0,0.624666690826416,7.914999961853027,2.0
9664,26.0,178.0,5.78424072265625,343.2300109863281,23.0
9665,14.0,83.0,2.690782070159912,97.6449966430664,11.0
9666,11.0,78.0,2.433198928833008,58.654998779296875,8.0
9667,14.0,87.0,2.9252665042877197,97.625,11.0
9668,9.0,72.0,2.3432652950286865,37.67499923706055,6.0
9669,19.0,153.0,4.80356502532959,182.32000732421875,16.0
9670,21.0,146.0,4.736028671264648,223.36500549316406,18.0
9671,14.0,102.0,3.2561771869659424,97.55000305175781,11.0
9672,31.0,228.0,7.194930076599121,488.0050048828125,28.0
9673,30.0,209.0,6.716635227203369,457.0950012207031,27.0
9674,19.0,111.0,3.675572633743286,182.52999877929688,16.0
9675,18.0,117.0,4.06160306930542,163.4949951171875,15.0
9676,25.0,206.0,6.719089508056641,317.0849914550781,22.0
9677,6.0,35.0,1.2288612127304077,13.845000267028809,3.0
9678,34.0,326.0,10.814078330993652,586.530029296875,31.0
9679,23.0,164.0,5.411477565765381,268.2850036621094,20.0
9680,7.0,26.0,0.9122648239135742,20.895000457763672,4.0
9681,4.0,4.0,0.14686697721481323,2.990000009536743,1.0
9682,15.0,103.0,3.464608907699585,112.55000305175781,12.0
9683,5.0,23.0,0.7211084961891174,7.900000095367432,2.0
9684,20.0,128.0,4.246621608734131,202.4499969482422,17.0
9685,6.0,24.0,0.7962939143180847,13.899999618530273,3.0
9686,30.0,238.0,7.740591526031494,456.95001220703125,27.0
9687,19.0,129.0,4.2702507972717285,182.44000244140625,16.0
9688,26.0,189.0,5.8966474533081055,343.17498779296875,23.0
9689,22.0,184.0,5.742242813110352,245.17999267578125,19.0
9690,12.0,66.0,2.1377151012420654,70.72000122070312,9.0
9691,26.0,205.0,6.81129789352417,343.0950012207031,23.0
9692,28.0,244.0,8.070124626159668,397.9100036621094,25.0
9693,17.0,126.0,4.1086602210998535,145.44500732421875,14.0
9694,21.0,145.0,4.47489070892334,223.3699951171875,18.0
9695,32.0,306.0,9.741363525390625,519.6199951171875,29.0
9696,20.0,130.0,4.393904209136963,202.44000244140625,17.0
9697,19.0,138.0,4.4895548820495605,182.39500427246094,16.0
9698,16.0,99.0,3.0472145080566406,128.5749969482422,13.0
9699,23.0,149.0,4.772202491760254,268.3599853515625,20.0
9700,28.0,230.0,7.514819145202637,397.9800109863281,25.0
9701,22.0,137.0,4.594499111175537,245.4149932861328,19.0
9702,29.0,216.0,7.372922897338867,427.05499267578125,26.0
9703,25.0,289.0,9.59902572631836,316.6700134277344,22.0
9704,26.0,192.0,6.444011211395264,343.1600036621094,23.0
9705,26.0,222.0,6.941049098968506,343.010009765625,23.0
9706,11.0,65.0,2.164501905441284,58.720001220703125,8.0
9707,20.0,149.0,4.869486331939697,202.34500122070312,17.0
9708,11.0,75.0,2.4632351398468018,58.66999816894531,8.0
9709,30.0,265.0,8.918052673339844,456.81500244140625,27.0
9710,12.0,63.0,2.1425015926361084,70.73500061035156,9.0
9711,30.0,267.0,8.784563064575195,456.80499267578125,27.0
9712,24.0,153.0,5.097121238708496,292.3450012207031,21.0
9713,14.0,76.0,2.3097829818725586,97.68000030517578,11.0
9714,32.0,272.0,8.546378135681152,519.7899780273438,29.0
9715,27.0,210.0,7.017890930175781,370.07501220703125,24.0
9716,24.0,206.0,6.746344089508057,292.0799865722656,21.0
9717,26.0,210.0,6.804810523986816,343.07000732421875,23.0
9718,16.0,109.0,3.6048216819763184,128.52499389648438,13.0
9719,11.0,56.0,1.8396070003509521,58.76499938964844,8.0
9720,7.0,23.0,0.7514684200286865,20.90999984741211,4.0
9721,17.0,103.0,3.35927152633667,145.55999755859375,14.0
9722,5.0,19.0,0.6375771760940552,7.920000076293945,2.0
9723,6.0,18.0,0.577285885810852,13.930000305175781,3.0
9724,8.0,41.0,1.367691159248352,28.825000762939453,5.0
9725,15.0,104.0,3.7028050422668457,112.54499816894531,12.0
9726,6.0,36.0,1.2160054445266724,13.84000015258789,3.0
9727,28.0,210.0,7.084433078765869,398.0799865722656,25.0
9728,18.0,121.0,3.8938496112823486,163.47500610351562,15.0
9729,31.0,263.0,8.624173164367676,487.8299865722656,28.0
9730,20.0,139.0,4.541637897491455,202.39500427246094,17.0
9731,34.0,291.0,9.420940399169922,586.7050170898438,31.0
9732,24.0,187.0,6.0766825675964355,292.17498779296875,21.0
9733,25.0,173.0,6.035505771636963,317.25,22.0
9734,13.0,92.0,2.986053466796875,83.59500122070312,10.0
9735,8.0,27.0,0.9380650520324707,28.895000457763672,5.0
9736,14.0,110.0,3.7542715072631836,97.51000213623047,11.0
9737,23.0,132.0,4.352965831756592,268.44500732421875,20.0
9738,31.0,212.0,6.932875633239746,488.0849914550781,28.0
9739,6.0,18.0,0.5093008279800415,13.930000305175781,3.0
9740,18.0,128.0,4.479526042938232,163.44000244140625,15.0
9741,9.0,56.0,1.7724887132644653,37.755001068115234,6.0
9742,8.0,51.0,1.7090851068496704,28.774999618530273,5.0
9743,27.0,207.0,6.293581008911133,370.0899963378906,24.0
9744,10.0,49.0,1.611610770225525,47.79499816894531,7.0
9745,18.0,140.0,4.613039493560791,163.3800048828125,15.0
9746,6.0,18.0,0.5845847129821777,13.930000305175781,3.0
9747,23.0,166.0,5.431641101837158,268.2749938964844,20.0
9748,25.0,182.0,6.341753959655762,317.2049865722656,22.0
9749,16.0,104.0,3.3076179027557373,128.5500030517578,13.0
9750,28.0,203.0,6.605096340179443,398.114990234375,25.0
9751,29.0,198.0,6.502405166625977,427.1449890136719,26.0
9752,9.0,41.0,1.3884124755859375,37.83000183105469,6.0
9753,31.0,273.0,8.652252197265625,487.7799987792969,28.0
9754,11.0,77.0,2.565645933151245,58.65999984741211,8.0
9755,18.0,148.0,4.826552391052246,163.33999633789062,15.0
9756,20.0,175.0,5.465989112854004,202.21499633789062,17.0
9757,19.0,137.0,4.327618598937988,182.39999389648438,16.0
9758,31.0,286.0,9.053949356079102,487.7149963378906,28.0
9759,11.0,68.0,2.2746148109436035,58.70500183105469,8.0
9760,24.0,217.0,7.242857456207275,292.0249938964844,21.0
9761,19.0,134.0,4.439112663269043,182.4149932861328,16.0
9762,27.0,205.0,6.680612564086914,370.1000061035156,24.0
9763,20.0,142.0,4.733897686004639,202.3800048828125,17.0
9764,32.0,270.0,8.815652847290039,519.7999877929688,29.0
9765,21.0,184.0,6.187369346618652,223.1750030517578,18.0
9766,12.0,94.0,3.1057214736938477,70.58000183105469,9.0
9767,22.0,153.0,5.334197998046875,245.3350067138672,19.0
9768,28.0,206.0,6.912237644195557,398.1000061035156,25.0
9769,24.0,187.0,6.333817005157471,292.17498779296875,21.0
9770,6.0,24.0,0.9477303624153137,13.899999618530273,3.0
9771,8.0,40.0,1.3831952810287476,28.829999923706055,5.0
9772,30.0,219.0,7.448276042938232,457.0450134277344,27.0
9773,12.0,74.0,2.49170184135437,70.68000030517578,9.0
9774,19.0,137.0,4.3953704833984375,182.39999389648438,16.0
9775,13.0,92.0,2.942795991897583,83.59500122070312,10.0
9776,6.0,19.0,0.6511623859405518,13.925000190734863,3.0
9777,11.0,50.0,1.5193531513214111,58.79499816894531,8.0
9778,13.0,111.0,3.8352739810943604,83.5,10.0
9779,5.0,11.0,0.4007507264614105,7.960000038146973,2.0
9780,26.0,239.0,7.915902614593506,342.92498779296875,23.0
9781,20.0,145.0,4.666522026062012,202.36500549316406,17.0
9782,27.0,221.0,7.298855304718018,370.0199890136719,24.0
9783,19.0,118.0,3.9787683486938477,182.4949951171875,16.0
9784,14.0,91.0,3.1819300651550293,97.6050033569336,11.0
9785,17.0,115.0,3.6910769939422607,145.5,14.0
9786,39.0,351.0,11.503411293029785,771.4299926757812,36.0
9787,20.0,125.0,4.110023021697998,202.46499633789062,17.0
9788,29.0,239.0,7.683454990386963,426.94000244140625,26.0
9789,24.0,170.0,5.459858417510986,292.260009765625,21.0
9790,17.0,114.0,3.8804123401641846,145.5050048828125,14.0
9791,12.0,72.0,2.3696179389953613,70.69000244140625,9.0
9792,25.0,169.0,5.522465705871582,317.2699890136719,22.0
9793,27.0,204.0,6.5468220710754395,370.1050109863281,24.0
9794,10.0,51.0,1.9087039232254028,47.78499984741211,7.0
9795,26.0,182.0,6.00407600402832,343.2099914550781,23.0
9796,12.0,53.0,1.7269861698150635,70.78500366210938,9.0
9797,26.0,206.0,6.399255752563477,343.0899963378906,23.0
9798,17.0,126.0,4.159638404846191,145.44500732421875,14.0
9799,27.0,206.0,6.708909034729004,370.0950012207031,24.0
9800,4.0,11.0,0.38206207752227783,2.9549999237060547,1.0
9801,19.0,134.0,4.532321453094482,182.4149932861328,16.0
9802,23.0,155.0,5.33320951461792,268.3299865722656,20.0
9803,26.0,183.0,6.197819232940674,343.2049865722656,23.0
9804,27.0,211.0,6.8008880615234375,370.07000732421875,24.0
9805,17.0,111.0,3.7741615772247314,145.52000427246094,14.0
9806,14.0,89.0,3.1045126914978027,97.61499786376953,11.0
9807,22.0,126.0,4.094260215759277,245.47000122070312,19.0
9808,23.0,139.0,4.6037139892578125,268.4100036621094,20.0
9809,17.0,130.0,4.276522636413574,145.4250030517578,14.0
9810,16.0,103.0,3.3131954669952393,128.55499267578125,13.0
9811,9.0,54.0,1.6871503591537476,37.76499938964844,6.0
9812,24.0,180.0,5.787197589874268,292.2099914550781,21.0
9813,24.0,180.0,6.209235668182373,292.2099914550781,21.0
9814,25.0,198.0,6.528793811798096,317.125,22.0
9815,6.0,21.0,0.7088415622711182,13.914999961853027,3.0
9816,31.0,302.0,9.874839782714844,487.635009765625,28.0
9817,28.0,225.0,7.103751182556152,398.0050048828125,25.0
9818,12.0,82.0,2.7439775466918945,70.63999938964844,9.0
9819,16.0,110.0,3.832287311553955,128.52000427246094,13.0
9820,14.0,84.0,2.7181503772735596,97.63999938964844,11.0
9821,26.0,188.0,5.82646369934082,343.17999267578125,23.0
9822,27.0,200.0,6.430301666259766,370.125,24.0
9823,20.0,161.0,5.102468490600586,202.28500366210938,17.0
9824,10.0,51.0,1.7566118240356445,47.78499984741211,7.0
9825,31.0,261.0,8.592479705810547,487.8399963378906,28.0
9826,29.0,275.0,9.361781120300293,426.760009765625,26.0
9827,13.0,84.0,2.7511332035064697,83.63500213623047,10.0
9828,33.0,281.0,8.728416442871094,552.75,30.0
9829,25.0,227.0,7.312610626220703,316.9800109863281,22.0
9830,13.0,100.0,3.388349771499634,83.55500030517578,10.0
9831,19.0,107.0,3.3067755699157715,182.5500030517578,16.0
9832,5.0,15.0,0.5119823217391968,7.940000057220459,2.0
9833,17.0,126.0,4.147896766662598,145.44500732421875,14.0
9834,7.0,51.0,1.6990091800689697,20.770000457763672,4.0
9835,26.0,257.0,8.32023811340332,342.8349914550781,23.0
9836,15.0,99.0,3.153383255004883,112.56999969482422,12.0
9837,24.0,191.0,5.975258827209473,292.1549987792969,21.0
9838,19.0,112.0,3.6904783248901367,182.52499389648438,16.0
9839,16.0,110.0,3.6028685569763184,128.52000427246094,13.0
9840,18.0,140.0,4.635210990905762,163.3800048828125,15.0
9841,23.0,184.0,5.917929172515869,268.18499755859375,20.0
9842,32.0,266.0,8.210465431213379,519.8200073242188,29.0
9843,31.0,263.0,8.834837913513184,487.8299865722656,28.0
9844,23.0,176.0,5.776544094085693,268.2250061035156,20.0
9845,24.0,173.0,5.666494369506836,292.2449951171875,21.0
9846,28.0,234.0,7.878962993621826,397.9599914550781,25.0
9847,20.0,136.0,4.679593086242676,202.41000366210938,17.0
9848,18.0,91.0,2.989895820617676,163.625,15.0
9849,20.0,150.0,5.046472072601318,202.33999633789062,17.0
9850,6.0,12.0,0.43071821331977844,13.960000038146973,3.0
9851,8.0,47.0,1.5260268449783325,28.795000076293945,5.0
9852,17.0,92.0,3.2493669986724854,145.61500549316406,14.0
9853,29.0,204.0,6.61536169052124,427.114990234375,26.0
9854,18.0,160.0,5.215652942657471,163.27999877929688,15.0
9855,12.0,70.0,2.287899971008301,70.69999694824219,9.0
9856,24.0,162.0,5.29020881652832,292.29998779296875,21.0
9857,13.0,85.0,2.8683223724365234,83.62999725341797,10.0
9858,11.0,74.0,2.5655834674835205,58.67499923706055,8.0
9859,23.0,147.0,5.211646556854248,268.3699951171875,20.0
9860,23.0,213.0,7.3272199630737305,268.0400085449219,20.0
9861,27.0,225.0,7.257602214813232,370.0,24.0
9862,21.0,168.0,5.445350646972656,223.2550048828125,18.0
9863,31.0,252.0,8.20056438446045,487.885009765625,28.0
9864,26.0,206.0,6.552536964416504,343.0899963378906,23.0
9865,6.0,26.0,0.9185832142829895,13.890000343322754,3.0
9866,13.0,80.0,2.5708835124969482,83.65499877929688,10.0
9867,20.0,158.0,5.3117780685424805,202.3000030517578,17.0
9868,16.0,114.0,3.7315566539764404,128.5,13.0
9869,22.0,112.0,3.6538310050964355,245.5399932861328,19.0
9870,22.0,167.0,5.5445356369018555,245.26499938964844,19.0
9871,25.0,213.0,7.132155418395996,317.04998779296875,22.0
9872,5.0,22.0,0.7270703315734863,7.90500020980835,2.0
9873,25.0,210.0,6.854596138000488,317.06500244140625,22.0
9874,8.0,41.0,1.3371601104736328,28.825000762939453,5.0
9875,25.0,189.0,6.297967433929443,317.1700134277344,22.0
9876,26.0,197.0,6.308234214782715,343.135009765625,23.0
9877,19.0,131.0,4.434607028961182,182.42999267578125,16.0
9878,11.0,55.0,1.8199104070663452,58.77000045776367,8.0
9879,5.0,12.0,0.3592115342617035,7.954999923706055,2.0
9880,17.0,134.0,4.469503879547119,145.40499877929688,14.0
9881,32.0,235.0,7.394953727722168,519.9749755859375,29.0
9882,4.0,7.0,0.2692859172821045,2.9749999046325684,1.0
9883,18.0,144.0,4.763550281524658,163.36000061035156,15.0
9884,14.0,95.0,3.011014699935913,97.58499908447266,11.0
9885,29.0,229.0,8.098902702331543,426.989990234375,26.0
9886,36.0,317.0,10.392563819885254,657.5850219726562,33.0
9887,36.0,346.0,11.346921920776367,657.4400024414062,33.0
9888,16.0,102.0,3.278179407119751,128.55999755859375,13.0
9889,27.0,178.0,6.154618263244629,370.2349853515625,24.0
9890,20.0,173.0,5.356693744659424,202.22500610351562,17.0
9891,19.0,125.0,4.1166510581970215,182.4600067138672,16.0
9892,19.0,146.0,4.771914958953857,182.35499572753906,16.0
9893,21.0,172.0,5.745264053344727,223.23500061035156,18.0
9894,30.0,195.0,6.3490214347839355,457.1650085449219,27.0
9895,12.0,69.0,2.1428768634796143,70.70500183105469,9.0
9896,21.0,136.0,4.620711803436279,223.4149932861328,18.0
9897,15.0,121.0,3.9624290466308594,112.45999908447266,12.0
9898,36.0,301.0,9.866695404052734,657.6649780273438,33.0
9899,16.0,134.0,4.396145820617676,128.39999389648438,13.0
9900,7.0,38.0,1.2021985054016113,20.834999084472656,4.0
9901,16.0,108.0,3.4902572631835938,128.52999877929688,13.0
9902,30.0,222.0,7.378687858581543,457.0299987792969,27.0
9903,28.0,185.0,6.228853225708008,398.2049865722656,25.0
9904,34.0,260.0,8.172718048095703,586.8599853515625,31.0
9905,20.0,150.0,4.997000694274902,202.33999633789062,17.0
9906,10.0,61.0,1.9959208965301514,47.73500061035156,7.0
9907,21.0,187.0,6.057516098022461,223.16000366210938,18.0
9908,29.0,263.0,8.72743034362793,426.82000732421875,26.0
9909,30.0,243.0,8.165449142456055,456.92498779296875,27.0
9910,24.0,217.0,7.021018028259277,292.0249938964844,21.0
9911,21.0,140.0,4.628091812133789,223.39500427246094,18.0
9912,15.0,106.0,3.441528558731079,112.53500366210938,12.0
9913,26.0,225.0,7.329798698425293,342.9949951171875,23.0
9914,28.0,245.0,8.003000259399414,397.9049987792969,25.0
9915,18.0,160.0,5.309768199920654,163.27999877929688,15.0
9916,33.0,318.0,10.38395881652832,552.5650024414062,30.0
9917,12.0,70.0,2.2724721431732178,70.69999694824219,9.0
9918,18.0,138.0,4.4277448654174805,163.38999938964844,15.0
9919,14.0,128.0,4.374087333679199,97.41999816894531,11.0
9920,25.0,187.0,6.545587062835693,317.17999267578125,22.0
9921,8.0,31.0,0.9844812750816345,28.875,5.0
9922,14.0,70.0,2.2053587436676025,97.70999908447266,11.0
9923,27.0,222.0,7.180691242218018,370.0150146484375,24.0
9924,18.0,140.0,4.414737701416016,163.3800048828125,15.0
9925,11.0,84.0,2.819675922393799,58.625,8.0
9926,25.0,193.0,6.591040134429932,317.1499938964844,22.0
9927,14.0,80.0,2.6090505123138428,97.66000366210938,11.0
9928,9.0,47.0,1.5381516218185425,37.79999923706055,6.0
9929,12.0,76.0,2.4978179931640625,70.66999816894531,9.0
9930,25.0,185.0,6.127973556518555,317.19000244140625,22.0
9931,26.0,214.0,7.270034313201904,343.04998779296875,23.0
9932,20.0,140.0,4.623911380767822,202.38999938964844,17.0
9933,32.0,324.0,10.407449722290039,519.530029296875,29.0
9934,26.0,187.0,6.119207382202148,343.18499755859375,23.0
9935,27.0,206.0,7.036309242248535,370.0950012207031,24.0
9936,25.0,171.0,5.81697416305542,317.260009765625,22.0
9937,17.0,117.0,3.775615930557251,145.49000549316406,14.0
9938,24.0,208.0,6.930258750915527,292.07000732421875,21.0
9939,26.0,171.0,5.734514236450195,343.2650146484375,23.0
9940,16.0,108.0,3.4594035148620605,128.52999877929688,13.0
9941,28.0,263.0,8.605877876281738,397.81500244140625,25.0
9942,15.0,105.0,3.236154317855835,112.54000091552734,12.0
9943,29.0,227.0,7.153387069702148,427.0,26.0
9944,34.0,327.0,10.861631393432617,586.5250244140625,31.0
9945,11.0,59.0,1.9662814140319824,58.75,8.0
9946,30.0,192.0,6.785844802856445,457.17999267578125,27.0
9947,17.0,115.0,3.918794870376587,145.5,14.0
9948,12.0,64.0,1.9296700954437256,70.7300033569336,9.0
9949,24.0,178.0,6.05556583404541,292.2200012207031,21.0
9950,25.0,231.0,7.488562107086182,316.9599914550781,22.0
9951,22.0,139.0,4.8962812423706055,245.40499877929688,19.0
9952,9.0,52.0,1.6547223329544067,37.775001525878906,6.0
9953,12.0,56.0,1.8574684858322144,70.7699966430664,9.0
9954,18.0,119.0,3.6571738719940186,163.48500061035156,15.0
9955,15.0,87.0,2.7202870845794678,112.62999725341797,12.0
9956,26.0,152.0,5.05970573425293,343.3599853515625,23.0
9957,25.0,184.0,6.153792858123779,317.19500732421875,22.0
9958,9.0,49.0,1.6118760108947754,37.790000915527344,6.0
9959,13.0,73.0,2.4042794704437256,83.69000244140625,10.0
9960,5.0,19.0,0.7000976204872131,7.920000076293945,2.0
9961,5.0,15.0,0.4999442398548126,7.940000057220459,2.0
9962,6.0,20.0,0.6112926006317139,13.920000076293945,3.0
9963,23.0,171.0,5.590811252593994,268.25,20.0
9964,8.0,39.0,1.1847585439682007,28.834999084472656,5.0
9965,29.0,249.0,8.088926315307617,426.8900146484375,26.0
9966,20.0,145.0,4.780611991882324,202.36500549316406,17.0
9967,26.0,181.0,5.803008556365967,343.2149963378906,23.0
9968,16.0,115.0,3.686115264892578,128.4949951171875,13.0
9969,11.0,44.0,1.4873360395431519,58.82500076293945,8.0
9970,20.0,87.0,2.9252331256866455,202.65499877929688,17.0
9971,6.0,16.0,0.5355338454246521,13.9399995803833,3.0
9972,21.0,187.0,6.17556095123291,223.16000366210938,18.0
9973,24.0,171.0,5.540566444396973,292.2550048828125,21.0
9974,26.0,209.0,6.976412773132324,343.07501220703125,23.0
9975,28.0,220.0,7.136670112609863,398.0299987792969,25.0
9976,39.0,331.0,10.872004508972168,771.530029296875,36.0
9977,19.0,119.0,3.7356626987457275,182.49000549316406,16.0
9978,23.0,178.0,5.90798807144165,268.2149963378906,20.0
9979,18.0,120.0,4.024011611938477,163.47999572753906,15.0
9980,19.0,148.0,4.7652106285095215,182.34500122070312,16.0
9981,27.0,197.0,6.190064430236816,370.1400146484375,24.0
9982,17.0,87.0,2.818074941635132,145.63999938964844,14.0
9983,9.0,43.0,1.427449107170105,37.81999969482422,6.0
9984,12.0,88.0,2.7258152961730957,70.61000061035156,9.0
9985,7.0,35.0,1.193979263305664,20.850000381469727,4.0
9986,28.0,237.0,7.730635166168213,397.94500732421875,25.0
9987,15.0,109.0,3.5057718753814697,112.5199966430664,12.0
9988,26.0,171.0,5.844359397888184,343.2650146484375,23.0
9989,27.0,205.0,6.764967441558838,370.1000061035156,24.0
9990,13.0,98.0,3.161249876022339,83.56500244140625,10.0
9991,16.0,90.0,2.9613091945648193,128.6199951171875,13.0
9992,18.0,138.0,4.862826347351074,163.38999938964844,15.0
9993,10.0,35.0,1.2779968976974487,47.8650016784668,7.0
9994,27.0,216.0,7.365280628204346,370.0450134277344,24.0
9995,20.0,181.0,6.0445051193237305,202.18499755859375,17.0
9996,29.0,204.0,6.61729621887207,427.114990234375,26.0
9997,24.0,228.0,7.7803850173950195,291.9700012207031,21.0
9998,14.0,92.0,2.980928421020508,97.5999984741211,11.0
9999,15.0,111.0,3.788334608078003,112.51000213623047,12.0
